step,episode,return,cost_comfort,cost_vent,fan_kwh,coil_kwh_th,alpha,lam_comfort,lam_vent,date,lam_dr
96,0,-150.25538994334144,9913.319962321504,0.0,64.61644797893788,336.1886638888078,0.9716001152992249,1.0,1.0,2026-07-21 00:00:00,0.9127555772777217
192,1,-154.28107202406102,17346.914087349614,0.0,57.07777486029953,382.3235243078307,0.9440178871154785,1.0,1.0,2026-06-18 00:00:00,0.07226526552987678
288,2,0.0,0.0,0.0,0.0,0.0,0.9172104001045227,1.0,1.0,2026-07-26 00:00:00,0.5863783547983777
384,3,-133.87020714279188,11877.957658753787,0.0,62.776066257471534,278.4206903369494,0.8911795616149902,1.0,1.0,2026-07-08 00:00:00,0.7084994832867091
480,4,-162.96384676241138,10699.6174101205,0.0,65.7002404552461,382.3322516066382,0.8659102916717529,1.0512710961796454,0.9512294260954222,2026-07-20 00:00:00,0.8830780014959977
576,5,0.0,0.0,0.0,0.0,0.0,0.8413577675819397,1.1045714546906107,0.9049104829997792,2026-07-28 00:00:00,0.5632039958201955
672,6,-146.03227142292937,13543.95366290951,0.0,63.54028936908695,323.8842815392172,0.8175076246261597,1.1609139905984762,0.8609623145441503,2026-07-01 00:00:00,0.6426983422873438
768,7,-148.26560328234368,15785.753589645023,4.0,63.58822680029913,332.37292902891306,0.7943263053894043,1.220496591985025,0.8365422078902992,2026-06-18 00:00:00,0.3395567095887363
864,8,-138.38422314944017,18168.972300049227,2.0,63.83830233730962,291.90142924674524,0.7717751860618591,1.2834696035548407,0.830663356629303,2026-06-12 00:00:00,0.6387182191618228
960,9,0.0,0.0,0.0,0.0,0.0,0.7498721480369568,1.3499604961341347,0.8343041507343888,2026-06-27 00:00:00,0.03050959749016091
1056,10,-138.99436130203705,13523.093460055914,1.0,61.09406991606962,304.7174010691135,0.728600263595581,1.4202990965219537,0.8456654526639441,2026-07-23 00:00:00,0.7479296517191851
1152,11,-146.48491292872797,14381.655914851202,0.0,62.854079841611664,328.0359778578341,0.7079483866691589,1.4948135450526816,0.8620927569575576,2026-05-26 00:00:00,0.3588024741195469
1248,12,-142.40531008930867,12578.949096813218,0.0,63.37275828936824,309.5468003913409,0.6878789067268372,1.5738125693102845,0.8821111805026658,2026-07-09 00:00:00,0.8297852952045203
1344,13,0.0,0.0,0.0,0.0,0.0,0.668367326259613,1.6573615724328419,0.9047716108448858,2026-05-30 00:00:00,0.35340365097167625
1440,14,-149.26467892772854,18126.172720770515,0.0,65.67186296155025,327.472961119293,0.6494344472885132,1.7460305842270771,0.9293885525987289,2026-05-27 00:00:00,0.8495758596148045
1536,15,-135.6829992564255,17762.26940724338,0.0,59.72651199617056,297.749565454245,0.6310527324676514,1.8403249024685033,0.9554163678585755,2026-07-02 00:00:00,0.9658636158421577
1632,16,-101.18162478384077,9526.55308637884,10.0,46.65239289245644,213.4106545145183,0.6132088303565979,1.9406117305797568,0.9889791749924877,2026-06-16 00:00:00,0.5521587316062065
1728,17,-158.85597044818383,10474.307382306259,0.0,63.01039650583444,376.51798681398066,0.5958981513977051,2.047319670814995,1.0285113610259724,2026-07-20 00:00:00,0.49411954449343354
1824,18,0.0,0.0,0.0,0.0,0.0,0.5790811777114868,2.160652681746385,1.0732424368551285,2026-05-24 00:00:00,0.72592052770485
1920,19,-139.1887522916891,8813.332901765221,0.0,63.31485949400579,296.98605070762164,0.5627672672271729,2.281119824192632,1.1227504596499716,2026-07-13 00:00:00,0.7204619353651508
2016,20,-142.70082365270082,41048.20061258366,5.0,67.2734812994815,295.53788357751415,0.5469303131103516,2.4100457150189265,1.1776791044378578,2026-05-21 00:00:00,0.3546429435481566
2112,21,0.0,0.0,0.0,0.0,0.0,0.5315267443656921,2.547631792083402,1.238030781868709,2026-06-28 00:00:00,0.7521927947507213
2208,22,-142.78395871365635,11328.910073459236,0.0,63.26515947055898,312.3833461996161,0.5165486335754395,2.694868608494391,1.3039069745653518,2026-07-10 00:00:00,0.5480204245325432
2304,23,-155.17374679026466,17545.415443070295,0.0,60.49965813791995,371.77114820680634,0.5020260214805603,2.8526205924680226,1.3754930899773665,2026-05-29 00:00:00,0.08403801035747649
2400,24,0.0,0.0,0.0,0.0,0.0,0.4878971576690674,3.02136206394583,1.4530470456462965,2026-06-27 00:00:00,0.835080722022197
2496,25,-108.80190378213734,31008.07446200126,32.0,46.47859802442183,242.95163177080155,0.47416630387306213,3.2027773889794844,1.529025443498709,2026-05-22 00:00:00,0.22921580260727947
2592,26,-116.63133857048444,5230.93451127963,0.0,28.550918081428875,347.25859853233396,0.46084830164909363,3.3976253691866676,1.611279918915606,2026-07-19 00:00:00,0.38880252777883706
2688,27,-131.20806404011526,12174.112350350284,6.0,59.67698550359193,279.6020079724681,0.44788864254951477,3.6068427558699456,1.7011204541843181,2026-07-01 00:00:00,0.5376949929361501
2784,28,-141.96693482540704,13183.868842699609,0.0,65.50819943355145,300.05022070586847,0.4352801442146301,3.831404700044535,1.7994264607993775,2026-05-26 00:00:00,0.31376394693961096
2880,29,-144.72750495980372,14647.954806256183,0.0,66.85632942538192,305.366915236839,0.4230250120162964,4.073141666935943,1.9067010007384504,2026-06-18 00:00:00,0.5678295964143394
2976,30,-135.8009209214964,9854.118571182045,0.0,52.47498897842509,328.2032960191565,0.41109684109687805,4.333298952189678,2.023457809987014,2026-06-01 00:00:00,0.11633343986020417
3072,31,0.0,0.0,0.0,0.0,0.0,0.3995209038257599,4.612696314514559,2.150293641892999,2026-07-26 00:00:00,0.5181714013401479
3168,32,-136.94671649285917,13432.655140441055,7.0,61.518955881064215,295.82891811755815,0.3882652521133423,4.91312143220859,2.288045219374847,2026-07-03 00:00:00,0.6787063848027507
3264,33,0.0,0.0,0.0,0.0,0.0,0.37734803557395935,5.23646742851336,2.4375486458447715,2026-06-28 00:00:00,0.9469593326057496
3360,34,-140.7641686356216,15983.548195107367,0.0,64.69785564828592,298.1091830934511,0.3667442798614502,5.584652010590967,2.5997071408657795,2026-06-02 00:00:00,0.7429214897718454
3456,35,-137.34221417157508,11520.088726002432,0.0,63.116685602596604,290.5231862429705,0.356462299823761,5.959435485170669,2.7755156945921695,2026-07-15 00:00:00,0.7159935507731606
3552,36,-134.05037513967775,16248.390521441554,10.0,58.747033587194885,295.5992413393379,0.34647297859191895,6.363941044432037,2.966077183137946,2026-06-02 00:00:00,0.8576706797754795
3648,37,-148.56600988256545,9200.450609948752,0.0,69.87414783985301,308.57276510682976,0.3367782235145569,6.800776031174573,3.1726155906859397,2026-07-13 00:00:00,0.5918113502089987
3744,38,-124.53565751919672,5467.481555971718,0.0,31.627607123708195,366.2675919848895,0.32732146978378296,7.273452473669349,3.39648870018709,2026-07-18 00:00:00,0.2991350444445955
3840,39,0.0,0.0,0.0,0.0,0.0,0.3181734085083008,7.784304650976934,3.639201356247671,2026-07-25 00:00:00,0.35674432355633123
3936,40,0.0,0.0,0.0,0.0,0.0,0.3093085289001465,8.330172652110175,3.9016967971331242,2026-05-24 00:00:00,0.3879398941895421
4032,41,0.0,0.0,0.0,0.0,0.0,0.30069777369499207,8.915213551622204,4.185866486521342,2026-05-30 00:00:00,0.6427466760927724
4128,42,-135.3498783366513,12692.626195917162,3.0,60.196098747379885,295.70080666627564,0.2923509180545807,9.54429843029303,4.494335400889325,2026-07-24 00:00:00,0.6757485885216394
4224,43,0.0,0.0,0.0,0.0,0.0,0.28422990441322327,10.217252654203984,4.8293490143015045,2026-06-27 00:00:00,0.046186698594904985
4320,44,-142.8545208960103,9425.649510122026,0.0,65.15995655749042,305.89834418754646,0.2763722836971283,10.94255487115287,5.193389523591426,2026-06-05 00:00:00,0.5826306002328618
4416,45,0.0,0.0,0.0,0.0,0.0,0.26876530051231384,11.71354857600546,5.571569868335851,2026-07-12 00:00:00,0.2707812754821043
4512,46,-97.97021283755026,35624.6611207584,2.0,56.60510152436127,162.7993325973132,0.261375367641449,12.549753683103914,5.96798451622911,2026-05-20 00:00:00,0.4672166486403989
4608,47,-136.9542262896163,12968.617856975507,0.0,67.57316224708839,271.98084776404284,0.2541917860507965,13.458378775400469,6.378062472611557,2026-07-16 00:00:00,0.6844947776664778
4704,48,-135.99205359940302,16631.96264973494,0.0,65.73754939743934,277.24473629677857,0.24722352623939514,14.4483368189872,6.803933709396893,2026-07-02 00:00:00,0.2933170222663063
4800,49,-145.84872506335978,9573.873872381711,0.0,67.20859163237577,309.60543152847566,0.24041886627674103,15.525752809453646,7.24808906064022,2026-06-08 00:00:00,0.4156557834353064
4896,50,-141.95325627503414,13437.32936600692,0.0,60.96304910479073,319.63158394534383,0.2338511347770691,16.70142891205373,7.7133839049506285,2026-07-24 00:00:00,0.29181869199333077
4992,51,-168.36491659486666,11193.429900264873,1.0,64.8055404061255,409.1147690225807,0.22753803431987762,17.989941289746245,8.20509070099381,2026-06-08 00:00:00,0.0360460663130272
5088,52,0.0,0.0,0.0,0.0,0.0,0.2213708907365799,19.396123505154694,8.709735428895364,2026-06-28 00:00:00,0.1766719917032319
5184,53,-115.96409460881476,5702.056415582127,0.0,22.21528969551926,370.62247206353436,0.2154165357351303,19.999999999999996,9.229682254180977,2026-07-19 00:00:00,0.34414062805250156
5280,54,-141.24479041509565,12066.444269824944,0.0,68.31294234303921,287.7458516008435,0.20962992310523987,19.999999999999996,9.767670642280624,2026-07-01 00:00:00,0.7695744354700403
5376,55,-129.8771090076664,12462.173062446804,0.0,63.468994529036955,260.581110816674,0.20407138764858246,19.999999999999996,10.326816414633228,2026-07-16 00:00:00,0.5855268044701936
5472,56,-136.22358886679586,12267.500735125024,0.0,65.46463395646565,278.6804095980962,0.1986638903617859,19.999999999999996,10.862665393715066,2026-07-23 00:00:00,0.40002333480378294
5568,57,-128.45962513243072,15917.499987905618,1.0,64.87146376218419,249.7957650293963,0.19339217245578766,19.999999999999996,11.379547048830375,2026-07-22 00:00:00,0.4172680752893092
5664,58,0.0,0.0,0.0,0.0,0.0,0.18827570974826813,19.999999999999996,11.876989467721621,2026-07-28 00:00:00,0.7962089306848016
5760,59,-137.6050131078194,11314.229087857317,0.0,65.14558585524154,285.47762368343115,0.18327867984771729,19.999999999999996,12.35489378676745,2026-05-28 00:00:00,0.4429635717954282
5856,60,-132.30197472115188,12685.552707306975,0.0,66.30963247672051,259.3743981245062,0.1784435361623764,19.999999999999996,12.813475199449536,2026-06-25 00:00:00,0.41170496301284165
5952,61,-128.47978878597613,16011.370167179053,0.0,64.59911892385087,250.52463487390486,0.17375168204307556,19.999999999999996,13.253207272732913,2026-07-22 00:00:00,0.7337307559843437
6048,62,0.0,0.0,0.0,0.0,0.0,0.16918914020061493,19.999999999999996,13.647340399333329,2026-05-30 00:00:00,0.6646023925807332
6144,63,-129.46189873676354,5650.360692830321,0.0,33.88040859960445,378.85062642769407,0.1647985279560089,19.999999999999996,13.995987927458142,2026-07-18 00:00:00,0.05856043449120529
6240,64,-132.34983712922195,10358.749761034303,3.0,62.8894728147967,272.91177804870716,0.16052165627479553,19.999999999999996,14.33061947517469,2026-07-14 00:00:00,0.7831570222231815
6336,65,-135.52429220733114,12254.019396402675,0.0,64.8270480264753,279.2498043082961,0.15630991756916046,19.999999999999996,14.652296058809956,2026-07-24 00:00:00,0.8211837514704463
6432,66,-97.85519586819537,35821.39031332224,0.0,52.342563546567355,178.49929098857154,0.15224650502204895,19.999999999999996,14.93940907865961,2026-05-20 00:00:00,0.4905887896591338
6528,67,-137.5009945958305,14588.75719789108,0.0,66.76965561391323,279.07150475742725,0.1483113020658493,19.999999999999996,15.193264262969858,2026-06-19 00:00:00,0.620573383283456
6624,68,0.0,0.0,0.0,0.0,0.0,0.1444777548313141,19.999999999999996,15.415335642045205,2026-07-25 00:00:00,0.11934338836756142
6720,69,-123.36861870429719,16293.822250339019,0.0,53.64565624789418,273.64959895694386,0.14076797664165497,19.999999999999996,15.607217717425666,2026-05-27 00:00:00,0.7997301067259925
6816,70,-128.76326183934768,12285.665240784188,0.0,66.42747956601572,245.43791816076006,0.1371375471353531,19.999999999999996,15.770584027999558,2026-06-25 00:00:00,0.8727293993940093
6912,71,-132.80194408657584,9102.369773744487,0.0,56.10613572411134,302.1301844976412,0.13371624052524567,19.999999999999996,15.893583129591583,2026-07-21 00:00:00,0.3620675829059251
7008,72,0.0,0.0,0.0,0.0,0.0,0.13026534020900726,19.999999999999996,15.978817230901505,2026-06-21 00:00:00,0.07555893257208013
7104,73,-138.19814472867168,10999.602563364537,6.0,64.03221800750177,291.9983157735623,0.12694476544857025,19.999999999999996,16.1125421245205,2026-07-27 00:00:00,0.24584318161383778
7200,74,-139.1026250453098,9331.393422743358,0.0,62.98356179599408,299.79627097559336,0.1237594485282898,19.999999999999996,16.291935443826326,2026-06-05 00:00:00,0.8632815169294531
7296,75,-102.06258367785172,9175.50549292718,3.0,50.299938179421574,203.51259817470287,0.12054715305566788,19.999999999999996,16.557148171268473,2026-06-16 00:00:00,0.46726548200752005
7392,76,-131.63118176963022,14321.199525212454,0.0,64.41436084346428,264.94812894654575,0.11750885844230652,19.999999999999996,16.90460731576751,2026-06-19 00:00:00,0.7093207503104061
7488,77,-155.63353020984127,10449.731053246815,0.0,56.67274468958825,392.40803007922796,0.1144852489233017,19.999999999999996,17.31816061453311,2026-06-01 00:00:00,0.044551921205823186
7584,78,-130.93736444979044,12827.47254918847,0.0,60.87917514274233,276.2755251881421,0.11151335388422012,19.999999999999996,17.79820307984769,2026-07-16 00:00:00,0.2602863119791793
7680,79,0.0,0.0,0.0,0.0,0.0,0.10871628671884537,19.999999999999996,18.34617368306131,2026-07-04 00:00:00,0.8727490703526053
7776,80,0.0,0.0,0.0,0.0,0.0,0.10593876987695694,19.999999999999996,18.964514497948073,2026-05-24 00:00:00,0.4959566611650137
7872,81,0.0,0.0,0.0,0.0,0.0,0.10323848575353622,19.999999999999996,19.65666458341362,2026-07-28 00:00:00,0.6555318933169656
7968,82,-128.89594829935268,5516.881320201647,0.0,35.606546984978735,369.7718551086979,0.10063035041093826,19.999999999999996,19.999999999999996,2026-07-18 00:00:00,0.15462880709362392
8064,83,0.0,0.0,0.0,0.0,0.0,0.09812391549348831,19.999999999999996,19.999999999999996,2026-06-07 00:00:00,0.17444922652557615
8160,84,-130.74476381886444,22560.034893681674,0.0,61.93428592513177,269.643265693317,0.09566645324230194,19.999999999999996,19.999999999999996,2026-07-07 00:00:00,0.7705436551526158
8256,85,-121.66288379037313,13273.199422614141,0.0,55.80041421693735,261.2916034833451,0.09330296516418457,19.999999999999996,19.999999999999996,2026-06-18 00:00:00,0.5837145885771621
8352,86,0.0,0.0,0.0,0.0,0.0,0.09099725633859634,19.999999999999996,19.999999999999996,2026-06-07 00:00:00,0.157512895171395
8448,87,-134.81868306148817,12345.031127540753,0.0,65.51463115462809,273.44855371457334,0.08870291709899902,19.999999999999996,19.999999999999996,2026-07-03 00:00:00,0.9917378258166967
8544,88,-133.21973778804832,14376.146767647671,0.0,65.39741366990333,267.009490683293,0.0865228921175003,19.999999999999996,19.999999999999996,2026-05-29 00:00:00,0.9487441866897722
8640,89,-144.65480329479678,11052.471327573177,0.0,66.17864811818453,309.3718311519328,0.0843660905957222,19.999999999999996,19.999999999999996,2026-07-10 00:00:00,0.23907615646988056
8736,90,-124.0547961236791,21449.88250401829,0.0,60.663116509115355,248.5609343663055,0.08228864520788193,19.999999999999996,19.999999999999996,2026-07-07 00:00:00,0.5170848320161254
8832,91,-124.62514521592345,11574.857153080728,0.0,60.58813864840175,253.98280435871607,0.08025145530700684,19.999999999999996,19.999999999999996,2026-07-23 00:00:00,0.7575033513013844
8928,92,0.0,0.0,0.0,0.0,0.0,0.07825738191604614,19.999999999999996,19.999999999999996,2026-07-25 00:00:00,0.5625193279625522
9024,93,0.0,0.0,0.0,0.0,0.0,0.07628899067640305,19.999999999999996,19.999999999999996,2026-05-23 00:00:00,0.3637673120680114
9120,94,-122.8907385882224,8217.654926967682,0.0,54.80504383563144,269.8574389339726,0.07437340170145035,19.999999999999996,19.999999999999996,2026-06-04 00:00:00,0.3603980460483769
9216,95,-140.86210909068836,9914.579557186336,4.0,65.08552173478293,298.5469031958848,0.07248358428478241,19.999999999999996,19.999999999999996,2026-07-06 00:00:00,0.5164010654067538
9312,96,-134.82311039468155,10240.179216176775,0.0,62.796368067645915,283.9914970257751,0.07067209482192993,19.999999999999996,19.999999999999996,2026-06-09 00:00:00,0.8085378264927721
9408,97,-132.46214891897225,14162.822659288227,0.0,66.07048382405607,261.9160087008542,0.06890518963336945,19.999999999999996,19.999999999999996,2026-05-29 00:00:00,0.5566402436197139
9504,98,-127.4383225087993,21957.434599316624,0.0,62.75305751348866,254.19481094313147,0.06715785712003708,19.999999999999996,19.999999999999996,2026-07-07 00:00:00,0.9485649009523536
9600,99,-143.77905320120064,14178.69894220954,5.0,62.32448880405952,320.6044086701538,0.06546161323785782,19.999999999999996,19.999999999999996,2026-05-26 00:00:00,0.14725189444811293
9696,100,-123.45276453699053,12511.740328317328,0.0,61.80773732260235,244.30113350148048,0.06379029899835587,19.999999999999996,19.999999999999996,2026-06-25 00:00:00,0.909801274109284
9792,101,-139.36233645560998,10160.94101377781,0.0,63.05633803294816,300.689929401507,0.06216265633702278,19.999999999999996,19.999999999999996,2026-07-06 00:00:00,0.4588152485142831
9888,102,0.0,0.0,0.0,0.0,0.0,0.06060510128736496,19.999999999999996,19.999999999999996,2026-06-07 00:00:00,0.9852030611029133
9984,103,0.0,0.0,0.0,0.0,0.0,0.05912443622946739,19.999999999999996,19.999999999999996,2026-07-04 00:00:00,0.9939292200439136
10080,104,-178.6679385430116,15368.04254954615,0.0,65.31961201436015,450.1844195699158,0.057667434215545654,19.999999999999996,19.999999999999996,2026-07-01 00:00:00,0.01989252382861606
10176,105,-136.19996998910216,8860.831579552583,0.0,60.613637628032386,299.7256492748357,0.0562131330370903,19.999999999999996,19.999999999999996,2026-06-04 00:00:00,0.7655050892058425
10272,106,-155.6211555079826,10775.270913700437,0.0,65.88771631534117,354.251055705701,0.054804347455501556,19.999999999999996,19.999999999999996,2026-06-08 00:00:00,0.19098326877930039
10368,107,0.0,0.0,0.0,0.0,0.0,0.05339263007044792,19.999999999999996,19.999999999999996,2026-05-30 00:00:00,0.9541076875138585
10464,108,-146.91341145831603,9604.546347112362,0.0,64.66667992097045,324.327576774616,0.052031613886356354,19.999999999999996,19.999999999999996,2026-07-21 00:00:00,0.8790407124944424
10560,109,-136.95930150124389,22073.22134613797,0.0,67.0028038058906,276.66821268999274,0.050708871334791183,19.999999999999996,19.999999999999996,2026-07-07 00:00:00,0.13792810157141844
10656,110,0.0,0.0,0.0,0.0,0.0,0.04942147433757782,19.999999999999996,19.999999999999996,2026-07-25 00:00:00,0.5434688540602659
10752,111,0.0,0.0,0.0,0.0,0.0,0.04819920286536217,19.999999999999996,19.999999999999996,2026-06-03 00:00:00,0.4608713979201883
10848,112,0.0,0.0,0.0,0.0,0.0,0.04702167958021164,19.999999999999996,19.999999999999996,2026-07-28 00:00:00,0.10607239728547935
10944,113,-142.76086031911453,10283.202212464883,0.0,63.71449379892154,312.29880910436947,0.04584946483373642,19.999999999999996,19.999999999999996,2026-07-06 00:00:00,0.821712588637247
11040,114,-148.77071762161327,10087.179945368693,0.0,71.98393813994107,302.7486782772756,0.044714514166116714,19.999999999999996,19.999999999999996,2026-07-06 00:00:00,0.7389607596882816
11136,115,0.0,0.0,0.0,0.0,0.0,0.04361357167363167,19.999999999999996,19.999999999999996,2026-05-30 00:00:00,0.09799969921983598
11232,116,-132.29416605905058,10579.05128128951,0.0,59.305436764580826,288.4159658072476,0.04255038499832153,19.999999999999996,19.999999999999996,2026-07-10 00:00:00,0.9963894683082675
11328,117,-133.98799116124098,14819.873199053556,0.0,62.50552503673815,282.0151175365066,0.04150954633951187,19.999999999999996,19.999999999999996,2026-06-19 00:00:00,0.5729955166799555
11424,118,-132.4608230223939,12610.152917844624,0.0,61.98939552439737,278.2684104527627,0.04050016403198242,19.999999999999996,19.999999999999996,2026-07-03 00:00:00,0.7813583525018026
11520,119,-142.4621830534092,10550.666991585103,0.0,67.12257799202249,298.25269831932354,0.03952040523290634,19.999999999999996,19.999999999999996,2026-06-09 00:00:00,0.2730781499962368
11616,120,-131.3922007261677,11735.810398392212,0.0,62.71892481793909,270.5115146241166,0.03856929391622543,19.999999999999996,19.99634084736477,2026-07-08 00:00:00,0.9582364853075843
11712,121,-126.37585714230559,11946.348827017051,0.0,63.02732277603563,250.77297104714594,0.03765926510095596,19.999999999999996,19.853489614984454,2026-07-16 00:00:00,0.49533907117436193
11808,122,-127.07385394957431,5455.516321441807,0.0,34.89601025187868,364.8725250938607,0.03676219284534454,19.999999999999996,19.590156891200998,2026-07-18 00:00:00,0.16597592706676423
11904,123,0.0,0.0,0.0,0.0,0.0,0.035912685096263885,19.999999999999996,19.225683628473202,2026-07-29 00:00:00,0.5397821089229847
12000,124,0.0,0.0,0.0,0.0,0.0,0.03506464883685112,19.999999999999996,18.779084707216118,2026-07-26 00:00:00,0.7990745677610558
12096,125,-105.23228245367572,9325.420348609203,6.0,52.558720149336274,206.71473156258688,0.034219373017549515,19.999999999999996,18.385025839282626,2026-06-16 00:00:00,0.19614912863160772
12192,126,0.0,0.0,0.0,0.0,0.0,0.03342263400554657,19.999999999999996,18.036633193722512,2026-06-28 00:00:00,0.05978256184516029
12288,127,0.0,0.0,0.0,0.0,0.0,0.03260999545454979,19.999999999999996,17.72807164047602,2026-06-20 00:00:00,0.0796952903092617
12384,128,-123.09715260814353,13509.52290519101,0.0,57.006763058216805,262.21237612448215,0.031824175268411636,19.999999999999996,17.454363378797016,2026-06-18 00:00:00,0.9620750814327813
12480,129,-134.74585590032436,12363.588010312747,0.0,68.06212111034196,263.41448905724263,0.031057491898536682,19.999999999999996,17.211242433858985,2026-07-16 00:00:00,0.49111804619780075
12576,130,0.0,0.0,0.0,0.0,0.0,0.030309248715639114,19.999999999999996,16.995037182008883,2026-07-12 00:00:00,0.6153113529556627
12672,131,-151.85579002356812,9971.51137369014,0.0,68.64934827713975,328.91787907131413,0.02958768792450428,19.999999999999996,16.80257492410363,2026-06-08 00:00:00,0.6087807622827667
12768,132,0.0,0.0,0.0,0.0,0.0,0.0288938507437706,19.999999999999996,16.63110391275191,2026-06-28 00:00:00,0.17690055439019758
12864,133,0.0,0.0,0.0,0.0,0.0,0.028155118227005005,19.999999999999996,16.47822928084585,2026-05-24 00:00:00,0.4529939498195994
12960,134,0.0,0.0,0.0,0.0,0.0,0.02749190479516983,19.999999999999996,16.341860106766507,2026-07-25 00:00:00,0.829424141334626
13056,135,-128.01763784467758,13315.813037230615,0.0,62.07385189784703,261.09996460500133,0.026812976226210594,19.999999999999996,16.22016545180926,2026-06-18 00:00:00,0.5357327403627863
13152,136,-183.3259252555189,18798.594400121667,0.0,72.17248480709816,442.03119112182475,0.02618039771914482,19.999999999999996,16.11153766539993,2026-06-02 00:00:00,0.0312752617340345
13248,137,-133.7789824475242,13769.439486696807,0.0,64.12760083167072,275.20023340585317,0.02555900812149048,19.999999999999996,16.014561608437678,2026-06-26 00:00:00,0.86876679903028
13344,138,-134.68549109719567,15752.121678434043,0.0,65.58133589717939,273.1693610360271,0.024975894019007683,19.999999999999996,15.927988720289877,2026-06-30 00:00:00,0.6959872956647861
13440,139,-162.1011985882697,11030.894840739678,0.0,71.37471845391507,358.07247346082,0.024378297850489616,19.999999999999996,15.850715069619632,2026-07-06 00:00:00,0.05759519085715936
13536,140,-152.60641504324516,14051.334987441203,0.0,65.46107643209601,345.6824293094795,0.023797933012247086,19.999999999999996,15.781762697562197,2026-07-16 00:00:00,0.0377709225253966
13632,141,-128.91304931157975,13353.045885748015,0.0,67.36799024977107,243.7813077876499,0.023263011127710342,19.999999999999996,15.720263694454497,2026-05-29 00:00:00,0.3778363154207789
13728,142,-117.9194326266709,11075.39616220236,0.0,53.89751637227004,253.81679210597886,0.022737080231308937,19.999999999999996,15.665446556428824,2026-07-01 00:00:00,0.9255782498192876
13824,143,-128.6236499606865,15874.663958759353,0.0,60.715205343294755,268.6168313525847,0.022192824631929398,19.999999999999996,15.616624451835836,2026-05-27 00:00:00,0.48965285873315245
13920,144,-125.95077393738578,16324.676744614464,0.0,61.726413731319646,253.9712983844131,0.02169373258948326,19.999999999999996,15.573185094347805,2026-07-22 00:00:00,0.7454413263681728
14016,145,-130.6915680762725,5990.995071722597,0.0,32.893459716868946,387.07721296939076,0.021188484504818916,19.999999999999996,15.443723175906815,2026-07-18 00:00:00,0.7332713432977701
14112,146,0.0,0.0,0.0,0.0,0.0,0.020681414753198624,19.999999999999996,15.239806254051938,2026-06-27 00:00:00,0.5015424466854548
14208,147,-140.87697917856593,10334.383669247605,0.0,62.91523293153022,308.11374649561407,0.020174231380224228,19.999999999999996,14.973115558579016,2026-07-06 00:00:00,0.4022977642525629
14304,148,-143.08601011706642,10151.964781167693,0.0,61.51166346313766,321.8917002746057,0.019702250137925148,19.999999999999996,14.655006123333871,2026-06-22 00:00:00,0.790100987994256
14400,149,-142.54958969196528,40800.66569430799,0.0,65.81919461852956,302.47903572269865,0.01925143226981163,19.999999999999996,14.296177357725446,2026-05-21 00:00:00,0.331995441216432
14496,150,0.0,0.0,0.0,0.0,0.0,0.01883343979716301,19.999999999999996,13.906446967932062,2026-07-04 00:00:00,0.4067617272407521
14592,151,-132.8019922859198,8830.178885615347,0.0,58.66940342347225,294.35034257023227,0.018405530601739883,19.999999999999996,13.494615336118157,2026-06-04 00:00:00,0.8644783600364423
14688,152,0.0,0.0,0.0,0.0,0.0,0.018005063757300377,19.999999999999996,13.0684046080617,2026-06-27 00:00:00,0.2288882485347038
14784,153,0.0,0.0,0.0,0.0,0.0,0.01762428693473339,19.999999999999996,12.63445613245961,2026-06-07 00:00:00,0.6310240454216876
14880,154,-126.20622033043772,11211.23649929262,0.0,54.261472478895016,285.52429154334794,0.01721678301692009,19.999999999999996,12.198370827178632,2026-05-28 00:00:00,0.871294558016831
14976,155,-153.48062380273657,10880.480260402346,0.0,65.28550574687436,348.58895097523225,0.016864759847521782,19.999999999999996,11.764778894526188,2026-07-06 00:00:00,0.0576026803302383
15072,156,-129.51710525302576,10841.945808398348,0.0,62.531107649528444,265.48201079040325,0.016517018899321556,19.999999999999996,11.33742757901788,2026-05-28 00:00:00,0.8370607751636202
15168,157,0.0,0.0,0.0,0.0,0.0,0.016180405393242836,19.999999999999996,10.919278007833599,2026-07-28 00:00:00,0.46368917502033724
15264,158,-146.67577158255364,10425.50285438443,0.0,61.58494615204415,335.58603584051957,0.015864528715610504,19.999999999999996,10.512604352043846,2026-06-22 00:00:00,0.34969116435067915
15360,159,-156.4342107040131,10759.884619054576,0.0,64.30395591496617,364.7811919552359,0.015577173791825771,19.999999999999996,10.119090471248374,2026-06-22 00:00:00,0.1114017954830191
15456,160,-117.92418217980253,15393.388110908305,0.0,57.655406414434815,238.4763753755127,0.015230708755552769,19.999999999999996,9.739920803602548,2026-07-02 00:00:00,0.9914745819018309
15552,161,-130.28508153761643,16213.158036448383,0.0,57.598691082659926,287.0581580208471,0.014892681501805782,19.999999999999996,9.37586353392925,2026-05-27 00:00:00,0.1302551179916266
15648,162,-118.22975151421909,8200.888829719599,0.0,51.33419555459182,263.81384508296134,0.014575578272342682,19.999999999999996,9.027345040541022,2026-06-01 00:00:00,0.8822691572577839
15744,163,-124.34361141739706,8769.752448081332,0.0,51.199168573185304,288.9275798546486,0.014286608435213566,19.999999999999996,8.694515327288093,2026-06-01 00:00:00,0.8777906901479641
15840,164,-133.98735258004768,13705.264654712697,0.0,64.33135778945771,275.3937138211826,0.014033501967787743,19.999999999999996,8.377304637145064,2026-06-26 00:00:00,0.5333077430539006
15936,165,-125.91523621753878,12129.329024832814,0.0,61.69041612601629,253.87488713571122,0.013772008009254932,19.999999999999996,8.075471762336395,2026-07-16 00:00:00,0.2723191288770819
16032,166,-132.4536396164451,13189.287226490826,0.0,64.8111355074572,267.6545092946742,0.013497675769031048,19.999999999999996,7.7886447541514086,2026-06-25 00:00:00,0.698745230144248
16128,167,-126.10596682602426,10841.08226359669,0.0,57.836010539847244,270.33808344259853,0.01323579903692007,19.999999999999996,7.516354827792432,2026-05-28 00:00:00,0.8208751085738084
16224,168,-122.00888364960417,10283.044958346625,0.0,61.43947639071143,239.85751178001,0.013011989183723927,19.999999999999996,7.258064282048816,2026-07-09 00:00:00,0.3716072009862217
16320,169,-118.66204322678553,15252.213354127969,2.0,60.255058565787294,230.42764941697428,0.01271541602909565,19.999999999999996,7.019592224391777,2026-07-02 00:00:00,0.8334850784026113
16416,170,-120.06159132996738,16232.842275594841,0.0,53.46059134666587,263.4195155684431,0.012430758215487003,19.999999999999996,6.798897353905549,2026-07-22 00:00:00,0.4296422143705625
16512,171,-121.28855182110794,15894.41614120791,0.0,63.15951882448678,228.98965760029176,0.01223012711852789,19.999999999999996,6.594181592837691,2026-06-12 00:00:00,0.7326671759896186
16608,172,0.0,0.0,0.0,0.0,0.0,0.011948308907449245,19.999999999999996,6.403857881321971,2026-07-28 00:00:00,0.9608703854696361
16704,173,0.0,0.0,0.0,0.0,0.0,0.011740204878151417,19.999999999999996,6.22652260712412,2026-05-24 00:00:00,0.6123510748211406
16800,174,-139.1822033429973,9569.041769371748,0.0,58.842804359540786,317.5945497483077,0.01152800489217043,19.999999999999996,6.060931962564436,2026-06-08 00:00:00,0.8113070755379885
16896,175,-133.49347457278498,10566.75264628977,0.0,57.6282112013302,300.8441747377312,0.011342846788465977,19.999999999999996,5.905981632186472,2026-06-24 00:00:00,0.09655428121862697
16992,176,-119.24022615083128,5774.031676420561,0.0,24.215702835308203,377.0072633989908,0.011102196760475636,19.999999999999996,5.760689308777193,2026-07-18 00:00:00,0.553841526024659
17088,177,-106.01040436412546,9886.381585046345,0.0,49.759961036966885,222.36593760275048,0.010845107957720757,19.999999999999996,5.62417961450118,2026-06-16 00:00:00,0.8325078825202848
17184,178,-126.46023789761357,16101.737979695887,0.0,53.724822862577454,288.68267718857794,0.01066338550299406,19.999999999999996,5.495671070425289,2026-05-27 00:00:00,0.11615110618872104
17280,179,0.0,0.0,0.0,0.0,0.0,0.010454634204506874,19.999999999999996,5.374464813539451,2026-07-28 00:00:00,0.8514930959937935
17376,180,-125.14968614304956,8770.563842177902,0.0,51.24111758918104,293.51837819218576,0.010333203710615635,19.999999999999996,5.259934807214996,2026-06-04 00:00:00,0.7143547689309512
17472,181,-139.05898084375082,12196.913338466931,0.0,62.69035736018281,301.80964479904213,0.010163295082747936,19.999999999999996,5.1515193303293625,2026-07-08 00:00:00,0.06147608590732623
17568,182,-141.4341082409574,9793.796345357528,0.0,59.46758022882412,325.1903937670405,0.010010123252868652,19.999999999999996,5.0487135632504785,2026-06-05 00:00:00,0.41759287617423924
17664,183,-146.8344632436466,10831.464686216717,0.0,57.16694800989573,354.5611687190288,0.009840556420385838,19.999999999999996,4.951063116548799,2026-06-08 00:00:00,0.4365399855497626
17760,184,-130.55696447110762,39663.9891273787,7.0,67.14776837055598,250.76951857202752,0.009720142930746078,19.999999999999996,4.869445339620304,2026-05-21 00:00:00,0.8900147315026234
17856,185,-115.38966120098085,15164.026747799053,1.0,60.02952592338709,217.95747629080068,0.009617561474442482,19.999999999999996,4.803276321494741,2026-06-12 00:00:00,0.5924520991377211
17952,186,0.0,0.0,0.0,0.0,0.0,0.00946803018450737,19.999999999999996,4.750529888445601,2026-07-04 00:00:00,0.8382361542254949
18048,187,0.0,0.0,0.0,0.0,0.0,0.009343612939119339,19.999999999999996,4.709519201346575,2026-07-28 00:00:00,0.9680833678103478
18144,188,-118.72410079764147,15135.36682204231,7.0,57.5050991334471,241.70750630800595,0.009234249591827393,19.999999999999996,4.689320302582321,2026-05-27 00:00:00,0.8253513109584238
18240,189,-126.34781359561197,16251.574764108998,0.0,55.542377498925774,280.4380031569723,0.008992333896458149,19.999999999999996,4.684618212748794,2026-07-02 00:00:00,0.10483068007670449
18336,190,0.0,0.0,0.0,0.0,0.0,0.008900963701307774,19.999999999999996,4.693860192591889,2026-07-26 00:00:00,0.10242517348687774
18432,191,-138.80712382631026,11276.113565126116,0.0,63.10647806412151,298.61297044192156,0.008851050399243832,19.999999999999996,4.715804166166734,2026-07-27 00:00:00,0.4328564567292056
18528,192,-132.3068723338761,14280.785868649386,0.0,63.31949369249591,272.5988368633174,0.00876839179545641,19.999999999999996,4.749461605548732,2026-06-19 00:00:00,0.2207473911927681
18624,193,-126.86675260263647,31890.221859643934,18.0,65.45951397619706,243.20233461073653,0.008719293400645256,19.999999999999996,4.821569918237928,2026-05-22 00:00:00,0.9795100235042613
18720,194,-132.0507328176426,14398.032440313305,0.0,63.48601984286775,271.35043982509956,0.008646461181342602,19.999999999999996,4.930119802813405,2026-06-19 00:00:00,0.20629701009049506
18816,195,0.0,0.0,0.0,0.0,0.0,0.008579300716519356,19.999999999999996,5.0743554630390975,2026-06-28 00:00:00,0.7998032202540708
18912,196,-137.32124222669515,13904.715638869773,0.0,66.90461164559913,278.47216901764364,0.008580025285482407,19.999999999999996,5.254596807694304,2026-06-26 00:00:00,0.648139287253716
19008,197,-122.8347950751545,10723.057934830093,0.0,58.6458851050697,254.0927052770205,0.008548070676624775,19.999999999999996,5.472147622734232,2026-07-09 00:00:00,0.6785899824284414
19104,198,-134.0585967673463,8910.2390930922,0.0,60.24392527548733,293.18943557492133,0.008476232178509235,19.999999999999996,5.7292697110066655,2026-06-04 00:00:00,0.8466569914472801
19200,199,-127.59712327427381,11423.029896808896,5.0,61.390391774215075,261.21194907532134,0.008473027497529984,19.999999999999996,6.038983158732566,2026-07-08 00:00:00,0.3901669820657214
19296,200,0.0,0.0,0.0,0.0,0.0,0.008515240624547005,19.999999999999996,6.40619339271629,2026-07-28 00:00:00,0.3940972661308758
19392,201,-130.13874657879848,10922.684868750332,0.0,62.02142031578917,270.10186863007664,0.008476660586893559,19.999999999999996,6.837480175862612,2026-05-28 00:00:00,0.585425737129098
19488,202,0.0,0.0,0.0,0.0,0.0,0.008401491679251194,19.999999999999996,7.3413061017549115,2026-06-28 00:00:00,0.4271198038441981
19584,203,-127.55090628865462,21239.192045117226,0.0,66.35374913493047,240.56867630591407,0.008445892482995987,19.999999999999996,7.928310994231029,2026-07-07 00:00:00,0.5662441394167781
19680,204,0.0,0.0,0.0,0.0,0.0,0.008265691809356213,19.999999999999996,8.590175039668209,2026-06-28 00:00:00,0.6635680986686998
19776,205,0.0,0.0,0.0,0.0,0.0,0.008280236274003983,19.999999999999996,9.336623094893506,2026-07-26 00:00:00,0.5683431075389638
19872,206,-147.24261024030866,9667.44189096777,3.0,63.99768210156898,328.6173115341017,0.008264362812042236,19.999999999999996,10.195341827196359,2026-07-13 00:00:00,0.26716089939831755
19968,207,0.0,0.0,0.0,0.0,0.0,0.008151466026902199,19.999999999999996,11.186849027344962,2026-05-30 00:00:00,0.7817394077403201
20064,208,0.0,0.0,0.0,0.0,0.0,0.008087214082479477,19.999999999999996,12.29891030710061,2026-06-28 00:00:00,0.24855707764482682
20160,209,-158.04150340533772,16022.097932213519,0.0,68.51346562519528,354.7816604420209,0.008072318509221077,19.999999999999996,13.555488340663729,2026-06-26 00:00:00,0.07702035346756031
20256,210,0.0,0.0,0.0,0.0,0.0,0.0080588199198246,19.999999999999996,14.985534103662685,2026-06-28 00:00:00,0.006294814340492394
20352,211,0.0,0.0,0.0,0.0,0.0,0.00805681012570858,19.999999999999996,16.62404928733848,2026-07-04 00:00:00,0.4497740121051468
20448,212,-149.66104799533852,11787.94680049264,0.0,65.77754998067286,331.0470518925793,0.008018816821277142,19.999999999999996,18.513349340217683,2026-07-14 00:00:00,0.35610561069063906
20544,213,-135.50610549625105,16680.424703973775,0.0,64.93706907344884,278.42275567849464,0.00797157734632492,19.999999999999996,19.999999999999996,2026-05-27 00:00:00,0.6495942658193139
20640,214,-126.1077601877488,15617.106711122557,0.0,65.00923407477637,240.39891566111896,0.008059727028012276,19.999999999999996,19.999999999999996,2026-07-02 00:00:00,0.5340580299598131
20736,215,0.0,0.0,0.0,0.0,0.0,0.008040027692914009,19.999999999999996,19.999999999999996,2026-07-26 00:00:00,0.7625816828401422
20832,216,-128.34542816175556,12611.64439354518,0.0,63.86821966368116,254.49652587887144,0.008128836750984192,19.999999999999996,19.999999999999996,2026-06-25 00:00:00,0.43762849521522384
20928,217,-137.42157552604436,11814.193325183023,0.0,61.637229201634845,299.4017911594333,0.008193893358111382,19.999999999999996,19.999999999999996,2026-07-15 00:00:00,0.44945187575948065
21024,218,0.0,0.0,0.0,0.0,0.0,0.008268553763628006,19.999999999999996,19.999999999999996,2026-06-27 00:00:00,0.10948719573358978
21120,219,-129.51608072908186,15856.263255610425,0.0,64.95431269241385,255.39350701488593,0.00838176067918539,19.999999999999996,19.999999999999996,2026-07-02 00:00:00,0.26456405959833273
21216,220,-151.87834101342654,11177.042284046269,0.0,65.14271827672151,343.6795146913708,0.008479518815875053,19.999999999999996,19.999999999999996,2026-07-06 00:00:00,0.10282375708905322
21312,221,0.0,0.0,0.0,0.0,0.0,0.008632895536720753,19.999999999999996,19.999999999999996,2026-07-29 00:00:00,0.15971472524693386
21408,222,-130.903233446594,15988.435501572158,0.0,68.38287616639256,247.3052628420162,0.008822418749332428,19.999999999999996,19.999999999999996,2026-06-12 00:00:00,0.32616807730907815
21504,223,-127.21319710844392,12151.87831924322,0.0,64.04972594028894,249.46077029734374,0.008971993811428547,19.999999999999996,19.999999999999996,2026-06-25 00:00:00,0.4543434463453001
21600,224,0.0,0.0,0.0,0.0,0.0,0.00894416868686676,19.999999999999996,19.999999999999996,2026-06-03 00:00:00,0.2999241030898304
21696,225,0.0,0.0,0.0,0.0,0.0,0.008878348395228386,19.999999999999996,19.999999999999996,2026-06-27 00:00:00,0.4403966148589922
21792,226,-153.81641666911253,10652.26326304507,0.0,65.16444788737572,350.8272224278544,0.008966164663434029,19.999999999999996,19.999999999999996,2026-06-08 00:00:00,0.3053173878734511
21888,227,-150.6069517163967,11227.154780046416,0.0,60.609123045352476,356.50716182711653,0.0091078607365489,19.999999999999996,19.999999999999996,2026-06-22 00:00:00,0.21827463407169123
21984,228,-133.82558178190664,16881.23076760073,1.0,59.82234320856418,293.1001093931467,0.009069640189409256,19.999999999999996,19.9284220447578,2026-05-27 00:00:00,0.13635233915997336
22080,229,-91.98143339663272,36052.5920924145,4.0,48.56259419177503,171.3738412420747,0.00912119448184967,19.999999999999996,19.844259341730286,2026-05-20 00:00:00,0.45298971853198045
22176,230,0.0,0.0,0.0,0.0,0.0,0.009048931300640106,19.999999999999996,19.7489610990797,2026-06-27 00:00:00,0.5340748837878101
22272,231,-136.4908527606326,12186.02309259158,0.0,65.21699832736836,282.140561742513,0.009185831062495708,19.999999999999996,19.643858265409552,2026-07-23 00:00:00,0.16417145297165214
22368,232,0.0,0.0,0.0,0.0,0.0,0.009206331335008144,19.999999999999996,19.53016940131497,2026-05-24 00:00:00,0.1588837796095418
22464,233,-106.60165134456106,4938.638615528502,0.0,23.29068026169975,331.6072317207248,0.009029862470924854,19.999999999999996,19.409006960849034,2026-07-19 00:00:00,0.6369808970371145
22560,234,0.0,0.0,0.0,0.0,0.0,0.008885501883924007,19.999999999999996,19.281383790862893,2026-07-26 00:00:00,0.5233480046423928
22656,235,0.0,0.0,0.0,0.0,0.0,0.008875064551830292,19.999999999999996,19.14821969574289,2026-05-30 00:00:00,0.5593887060217524
22752,236,0.0,0.0,0.0,0.0,0.0,0.008780178613960743,19.999999999999996,19.010347948534,2026-06-21 00:00:00,0.9062559271833591
22848,237,-151.154637826814,9925.577610966193,0.0,66.34826554811399,334.8131970599804,0.008731176145374775,19.999999999999996,18.868521657475014,2026-07-13 00:00:00,0.3190233530313602
22944,238,-138.51730521726728,9054.483802543487,6.0,63.42186908186865,295.68324914300615,0.00868348591029644,19.999999999999996,18.83615173456933,2026-07-21 00:00:00,0.6453383495198769
23040,239,-124.98788655473841,11961.611395782777,0.0,60.027325969419955,257.0359877462882,0.00874263234436512,19.999999999999996,18.901597376459936,2026-07-03 00:00:00,0.46989535366669033
23136,240,-189.27683650234056,12580.724685446643,0.0,67.30423424072168,485.8939373745257,0.008719122968614101,19.999999999999996,19.056323092531773,2026-06-05 00:00:00,0.011760507489868788
23232,241,-133.40659035852312,14296.358250550069,0.0,62.411967545019785,280.9192886513249,0.008668295107781887,19.999999999999996,19.294259149203747,2026-06-26 00:00:00,0.8068872921221051
23328,242,0.0,0.0,0.0,0.0,0.0,0.00856888759881258,19.999999999999996,19.611349384530396,2026-06-21 00:00:00,0.028074769739074412
23424,243,-130.8884440062485,8844.301649118093,0.0,53.395579240818904,307.7362316900388,0.008668043650686741,19.999999999999996,19.999999999999996,2026-06-01 00:00:00,0.06886566880885692
23520,244,-124.96996572322023,8613.581057425343,0.0,53.90191302741571,281.48943784256494,0.008669750764966011,19.999999999999996,19.999999999999996,2026-06-01 00:00:00,0.17253657131757527
23616,245,0.0,0.0,0.0,0.0,0.0,0.008651649579405785,19.999999999999996,19.999999999999996,2026-07-04 00:00:00,0.6779695357389763
23712,246,-131.9581939053184,14480.961232689358,0.0,60.786342001230125,283.2007139166952,0.008668096736073494,19.999999999999996,19.999999999999996,2026-05-29 00:00:00,0.14212812390727314
23808,247,0.0,0.0,0.0,0.0,0.0,0.008667981252074242,19.999999999999996,19.999999999999996,2026-07-29 00:00:00,0.5015858966468213
23904,248,-121.14333364550956,20927.351508350424,0.0,64.26979677042584,225.09426947916725,0.008667489513754845,19.999999999999996,19.999999999999996,2026-07-07 00:00:00,0.4011848067300702
24000,249,-162.95552766558305,11076.61053284502,0.0,66.38269935974373,383.19590717385813,0.008725232444703579,19.999999999999996,19.999999999999996,2026-06-08 00:00:00,0.059926932350277795
24096,250,-125.96247158513117,21216.156371687546,0.0,62.97214189603223,248.64598734602626,0.008685005828738213,19.999999999999996,19.999999999999996,2026-07-07 00:00:00,0.21742404353027345
24192,251,-128.91661947104706,13569.733112958538,0.0,61.652831932184384,266.9701183116952,0.0087135573849082,19.999999999999996,19.999999999999996,2026-06-18 00:00:00,0.5182042399007992
24288,252,-121.43541580165025,12420.856935767228,0.0,58.84823496813526,248.05734671073174,0.00866908859461546,19.999999999999996,19.999999999999996,2026-06-25 00:00:00,0.7761130994023264
24384,253,-141.96394230155965,11446.994602339055,0.0,64.85066751154275,305.4238340982183,0.008768413215875626,19.999999999999996,19.999999999999996,2026-07-27 00:00:00,0.23561798868407613
24480,254,-124.33977899702059,14050.457244961797,0.0,57.200592229949265,266.9559099649335,0.008859715424478054,19.999999999999996,19.999999999999996,2026-05-29 00:00:00,0.3628406060489845
24576,255,-125.86579703910843,37815.915273952145,0.0,61.05480128872328,257.6274396046802,0.008763840422034264,19.999999999999996,19.999999999999996,2026-05-20 00:00:00,0.12664359203730247
24672,256,-123.699002843957,15403.384643253634,0.0,61.304430701671535,247.70734968710636,0.008870519697666168,19.999999999999996,19.999999999999996,2026-06-12 00:00:00,0.0994741822244245
24768,257,0.0,0.0,0.0,0.0,0.0,0.008891698904335499,19.999999999999996,19.999999999999996,2026-05-30 00:00:00,0.2946370927033698
24864,258,-148.7129335477928,9782.912201698124,0.0,68.98815415153237,315.5755493319345,0.00896882452070713,19.999999999999996,19.999999999999996,2026-06-08 00:00:00,0.6195767374554311
24960,259,0.0,0.0,0.0,0.0,0.0,0.009026939049363136,19.999999999999996,19.967440659155887,2026-07-28 00:00:00,0.13912089286319285
25056,260,-126.4990100738108,16059.665521193201,0.0,61.222983994859966,258.14946468498283,0.009088289923965931,19.999999999999996,19.81118623642931,2026-07-22 00:00:00,0.9262153637945086
25152,261,0.0,0.0,0.0,0.0,0.0,0.009029448963701725,19.999999999999996,19.547592154369806,2026-07-04 00:00:00,0.3412574611919934
25248,262,-129.1219968319324,15738.6894127189,0.0,62.84283491276404,261.5076530927388,0.00900760293006897,19.999999999999996,19.193472874226078,2026-05-27 00:00:00,0.9305974634400441
25344,263,0.0,0.0,0.0,0.0,0.0,0.008961967192590237,19.999999999999996,18.765365158945322,2026-07-12 00:00:00,0.7729406317358476
25440,264,-140.93585836695084,8986.225911347727,0.0,65.68362063397872,297.31046389269744,0.009006550535559654,19.999999999999996,18.278962313869243,2026-07-13 00:00:00,0.38279443007128444
25536,265,-138.96855725692797,10583.242054710981,0.0,64.15512789290064,294.6709903995029,0.009026181884109974,19.999999999999996,17.74871529489473,2026-06-09 00:00:00,0.33758698361969186
25632,266,-127.7511616567154,13190.387249097425,0.0,63.708097626041166,254.15003371919286,0.008932954631745815,19.999999999999996,17.187584185878126,2026-06-26 00:00:00,0.9688568433673092
25728,267,-129.5743587882216,11705.788291271818,0.0,60.639954322719454,273.332880146604,0.008915975689888,19.999999999999996,16.606916467718154,2026-07-08 00:00:00,0.5886954235041332
25824,268,-135.40016261020241,12307.220205075046,0.0,61.715144813088585,291.56716397410906,0.008778754621744156,19.999999999999996,16.0164257918045,2026-07-01 00:00:00,0.31551260195827935
25920,269,-136.1667786342142,14179.754682409635,0.0,64.3044485228025,284.3194626007856,0.008726522326469421,19.999999999999996,15.424245455167767,2026-06-18 00:00:00,0.5499727917926891
26016,270,-131.6114197003912,14219.929030876385,7.0,63.25785802367919,271.09874671552996,0.008677000179886818,19.999999999999996,14.921696699158232,2026-05-29 00:00:00,0.1644543008896091
26112,271,-96.57133652427196,35472.46122962723,0.0,52.73475929553647,171.88080358132467,0.008710529655218124,19.999999999999996,14.494500743999062,2026-05-20 00:00:00,0.9340045961188752
26208,272,-123.56808556897005,5723.186164558963,0.0,30.02115406428399,371.71391168843826,0.008620007894933224,19.999999999999996,14.131094454835837,2026-07-18 00:00:00,0.8957661079386481
26304,273,0.0,0.0,0.0,0.0,0.0,0.008618914522230625,19.999999999999996,13.82203590050027,2026-07-28 00:00:00,0.17782294698331946
26400,274,-126.49916242552543,11726.506031932426,0.0,60.028294019863495,262.04467018477027,0.008837500587105751,19.999999999999996,13.559555523328301,2026-07-23 00:00:00,0.7615613741565709
26496,275,-124.44351812945541,13228.256918165023,0.0,59.74270993153769,256.3534252169479,0.008921992965042591,19.999999999999996,13.337213887907025,2026-06-26 00:00:00,0.7446178462141282
26592,276,-129.15761941204946,16258.139596579074,0.0,62.916444309266375,261.3359899459557,0.008820168673992157,19.999999999999996,13.149638262242236,2026-07-02 00:00:00,0.6613073528308774
26688,277,-93.99248067593417,8904.640935037836,39.0,47.117142813279735,184.20727485345384,0.008790047839283943,19.999999999999996,13.345500498376017,2026-06-16 00:00:00,0.05407572586308207
26784,278,0.0,0.0,0.0,0.0,0.0,0.008761049248278141,19.999999999999996,13.866139590204455,2026-07-28 00:00:00,0.4035969761961209
26880,279,-163.22366918240922,13517.1412741866,0.0,67.245568686878,380.68734270582513,0.008622931316494942,19.999999999999996,14.693032686687587,2026-07-09 00:00:00,0.03010839171415647
26976,280,-147.6608269937178,13403.031097359839,0.0,61.12339367283808,342.0633846216133,0.008707314729690552,19.999999999999996,15.833635009146537,2026-07-01 00:00:00,0.06341083988039375
27072,281,-149.20361270169653,10266.441315386415,0.0,66.89006329510366,325.31573809799727,0.008759654127061367,19.999999999999996,17.31542090447724,2026-06-22 00:00:00,0.8338515666538073
27168,282,0.0,0.0,0.0,0.0,0.0,0.008623338304460049,19.999999999999996,19.183809680091812,2026-07-25 00:00:00,0.6925254230993749
27264,283,-131.6399728343453,32124.716748210605,5.0,65.28324564037507,261.4161140342862,0.008615955710411072,19.999999999999996,19.999999999999996,2026-05-22 00:00:00,0.895278274469174
27360,284,-135.51176283098377,8629.54451500116,0.0,62.7447828564012,288.28985460861816,0.008537565357983112,19.999999999999996,19.999999999999996,2026-06-04 00:00:00,0.8204519323064435
27456,285,-143.7708369570575,11578.538023134171,4.0,57.86794426335419,338.7155157574436,0.008581309579312801,19.999999999999996,19.999999999999996,2026-06-24 00:00:00,0.11035354085491444
27552,286,-134.8458034716998,8665.905005272996,0.0,60.85693854390373,293.49633076423675,0.008756601251661777,19.999999999999996,19.999999999999996,2026-06-04 00:00:00,0.5749299527611149
27648,287,-141.86548040992528,16124.385247944052,0.0,65.11974138329646,301.89397099067673,0.008688568137586117,19.999999999999996,19.999999999999996,2026-06-02 00:00:00,0.7508267337084137
27744,288,-145.36413841182815,9228.356294557374,0.0,66.2486604029667,312.80380550796815,0.008606713265180588,19.999999999999996,19.999999999999996,2026-07-13 00:00:00,0.6378943425771563
27840,289,-130.1796967261143,13947.490646627073,0.0,59.85150360991582,278.10758633749816,0.008662783540785313,19.999999999999996,19.999999999999996,2026-06-18 00:00:00,0.8616197360713778
27936,290,-127.73028172341992,10720.903873577188,0.0,58.77956189343589,272.26493713222214,0.008761291392147541,19.999999999999996,19.999999999999996,2026-07-15 00:00:00,0.15994127229847244
28032,291,0.0,0.0,0.0,0.0,0.0,0.008668993599712849,19.999999999999996,19.999999999999996,2026-07-29 00:00:00,0.50161731026066
28128,292,0.0,0.0,0.0,0.0,0.0,0.008788798935711384,19.999999999999996,19.999999999999996,2026-05-23 00:00:00,0.6126017456262495
28224,293,-140.5699582390389,13276.200425233792,3.0,65.85477566487266,294.0391813793713,0.008784269914031029,19.999999999999996,19.999999999999996,2026-05-26 00:00:00,0.4373239317835226
28320,294,-122.54836422489953,11223.077463348027,0.0,59.307135331542426,249.97110891034313,0.008738969452679157,19.999999999999996,19.999999999999996,2026-07-08 00:00:00,0.2634864649072819
28416,295,-145.93554087334155,11634.476795643068,0.0,65.88419957764762,316.5348005010422,0.008652004413306713,19.999999999999996,19.999999999999996,2026-07-27 00:00:00,0.8947861432424269
28512,296,0.0,0.0,0.0,0.0,0.0,0.008672177791595459,19.999999999999996,19.999999999999996,2026-05-23 00:00:00,0.46769555945827235
28608,297,-127.74045278266107,12689.415514483262,0.0,61.628919484576315,261.1898587443628,0.008612296544015408,19.999999999999996,19.999999999999996,2026-06-25 00:00:00,0.5698566380731984
28704,298,-132.38277821077736,9314.275528598586,0.0,53.42150507609859,313.2354498038292,0.008728157728910446,19.999999999999996,19.999999999999996,2026-06-01 00:00:00,0.13958217329745526
28800,299,0.0,0.0,0.0,0.0,0.0,0.00879176240414381,19.999999999999996,19.999999999999996,2026-05-30 00:00:00,0.6393777960482113
28896,300,-121.83838848638032,10314.904406385023,0.0,50.861416075987925,282.4633938287288,0.00873744860291481,19.999999999999996,19.999999999999996,2026-06-24 00:00:00,0.36790041571833454
28992,301,-145.09970326186948,13223.905915477464,0.0,65.88721537433206,312.9776225966399,0.008885197341442108,19.999999999999996,19.999999999999996,2026-07-23 00:00:00,0.13591017782317083
29088,302,-133.54972510246196,40208.64989087644,10.0,62.027150613991665,281.30156862268575,0.0087922103703022,19.999999999999996,19.999999999999996,2026-05-21 00:00:00,0.5285412710987881
29184,303,-140.00887615104685,15379.60561245107,1.0,62.26949205236707,308.0128338397927,0.008966450579464436,19.999999999999996,19.999999999999996,2026-06-19 00:00:00,0.14598579103782505
29280,304,0.0,0.0,0.0,0.0,0.0,0.008875584229826927,19.999999999999996,19.999999999999996,2026-05-23 00:00:00,0.40049473606471275
29376,305,-126.15799728114364,15658.800770755588,0.0,59.495396540358826,262.29739027448124,0.008909073658287525,19.999999999999996,19.999999999999996,2026-06-30 00:00:00,0.8210067633281266
29472,306,0.0,0.0,0.0,0.0,0.0,0.008764119818806648,19.999999999999996,19.999999999999996,2026-07-25 00:00:00,0.8221453387188891
29568,307,0.0,0.0,0.0,0.0,0.0,0.008860358037054539,19.999999999999996,19.999999999999996,2026-07-26 00:00:00,0.10012353367576177
29664,308,-138.799132595285,8938.594705363155,0.0,60.79844464982023,308.8985331664662,0.00872817076742649,19.999999999999996,19.999999999999996,2026-06-04 00:00:00,0.5080783206770658
29760,309,0.0,0.0,0.0,0.0,0.0,0.008729706518352032,19.999999999999996,19.999999999999996,2026-06-21 00:00:00,0.9624653084673743
29856,310,-130.94103888350273,10999.885467699207,0.0,60.06146940472232,280.6865772855135,0.00886298157274723,19.999999999999996,19.999999999999996,2026-05-28 00:00:00,0.4273002528022567
29952,311,-165.78253089792554,19144.75971379314,0.0,66.4758659336522,394.0346307585788,0.008911950513720512,19.999999999999996,19.999999999999996,2026-06-12 00:00:00,0.007700257497213259
30048,312,-141.55357224671508,9753.479798468488,0.0,66.41067129122074,296.55315920682705,0.009021255187690258,19.999999999999996,19.999999999999996,2026-07-06 00:00:00,0.21998232953954833
30144,313,-149.11450123490278,10472.201966119785,0.0,65.73232127205654,329.59684032601893,0.009027408435940742,19.999999999999996,19.999999999999996,2026-06-22 00:00:00,0.4241452369864276
30240,314,-143.98862091802823,12914.551940284298,0.0,62.448495225801544,322.40854910169327,0.009021301753818989,19.999999999999996,19.999999999999996,2026-07-01 00:00:00,0.0641967368195453
30336,315,0.0,0.0,0.0,0.0,0.0,0.00907163880765438,19.999999999999996,19.999999999999996,2026-07-25 00:00:00,0.8513288244252423
30432,316,-139.50970204544538,13147.89181223221,0.0,64.92041750962555,294.65674811069334,0.00912091601639986,19.999999999999996,19.999999999999996,2026-05-26 00:00:00,0.36184565339538766
30528,317,0.0,0.0,0.0,0.0,0.0,0.009256168268620968,19.999999999999996,19.999999999999996,2026-05-24 00:00:00,0.7627658057651991
30624,318,-95.66418924461192,8525.09009465522,6.0,49.450471429146816,181.19884267591425,0.009199989959597588,19.999999999999996,19.999999999999996,2026-06-16 00:00:00,0.1983795269606592
30720,319,-120.35694394925723,15283.448714920609,0.0,61.43051856101997,232.17738807952335,0.009174161590635777,19.999999999999996,19.999999999999996,2026-07-02 00:00:00,0.6989217548452202
30816,320,0.0,0.0,0.0,0.0,0.0,0.0092213349416852,19.999999999999996,19.999999999999996,2026-07-25 00:00:00,0.4772207833687728
30912,321,0.0,0.0,0.0,0.0,0.0,0.009242751635611057,19.999999999999996,19.999999999999996,2026-06-21 00:00:00,0.8709744167970971
31008,322,-135.18089420272293,8813.296941464996,0.0,62.37113141587045,287.3760876487728,0.009338770993053913,19.999999999999996,19.999999999999996,2026-07-21 00:00:00,0.7921108595110713
31104,323,0.0,0.0,0.0,0.0,0.0,0.009303298778831959,19.999999999999996,19.999999999999996,2026-06-20 00:00:00,0.525990623776437
31200,324,0.0,0.0,0.0,0.0,0.0,0.009047848172485828,19.999999999999996,19.999999999999996,2026-05-30 00:00:00,0.9238041130178256
31296,325,-120.5134372059221,5476.921877292802,0.0,28.188291745674555,365.53756962638903,0.008951677940785885,19.999999999999996,19.999999999999996,2026-07-18 00:00:00,0.30665599532566623
31392,326,0.0,0.0,0.0,0.0,0.0,0.008963791653513908,19.999999999999996,19.999999999999996,2026-05-24 00:00:00,0.4363065245858141
31488,327,-124.35760752724455,21497.39703344207,0.0,62.792319483458805,242.22804489762055,0.008898085914552212,19.999999999999996,19.999999999999996,2026-07-07 00:00:00,0.619722314997937
31584,328,-149.3061760597654,17525.028681834694,0.0,61.66053082558323,347.3544302328404,0.008928496390581131,19.999999999999996,19.999999999999996,2026-05-27 00:00:00,0.03318453545096678
31680,329,-126.33838140433528,6151.774092316374,0.0,28.117026399521272,389.31911902353846,0.008942910470068455,19.999999999999996,19.999999999999996,2026-07-18 00:00:00,0.6758852177786218
31776,330,-133.9034321858667,10454.366485233464,0.0,61.70069318953047,285.55591228103594,0.008852253668010235,19.999999999999996,19.999999999999996,2026-07-10 00:00:00,0.9847213228060553
31872,331,-120.64536109353038,30540.787980224017,3.0,64.84740183702672,221.1705281371472,0.008943874388933182,19.999999999999996,19.999999999999996,2026-05-22 00:00:00,0.8913082282312164
31968,332,-142.3784181336744,10809.255657143001,0.0,69.1611095428475,289.0143990370505,0.009051041677594185,19.999999999999996,19.999999999999996,2026-07-27 00:00:00,0.7515638404666574
32064,333,-133.34041876691174,10362.443444609566,0.0,62.16268495847824,282.40886285638004,0.009019576944410801,19.999999999999996,19.999999999999996,2026-07-10 00:00:00,0.8808879754658596
32160,334,-137.32983823353504,13024.602718389173,0.0,63.85985531867073,290.0138358301727,0.0089962063357234,19.999999999999996,19.999999999999996,2026-05-26 00:00:00,0.7348693781538026
32256,335,-97.41462549553631,36011.81578846963,0.0,51.02314346881227,181.72367221474363,0.008777440525591373,19.999999999999996,19.999999999999996,2026-05-20 00:00:00,0.61841572003172
32352,336,0.0,0.0,0.0,0.0,0.0,0.008647962473332882,19.999999999999996,19.999999999999996,2026-06-27 00:00:00,0.8809101673368784
32448,337,-138.8801774252987,12726.054325257988,0.0,63.432910882188764,298.93582563259594,0.008644573390483856,19.999999999999996,19.999999999999996,2026-07-01 00:00:00,0.7614515885069835
32544,338,-140.3379554540541,11946.97431939503,0.0,63.47038105645871,304.2655698964017,0.008655916899442673,19.999999999999996,19.999999999999996,2026-05-28 00:00:00,0.48488931049212425
32640,339,-90.37946279338574,8109.737794903925,8.0,47.4261364845369,168.25775011185752,0.008738311007618904,19.999999999999996,19.999999999999996,2026-06-16 00:00:00,0.9967964790577734
32736,340,0.0,0.0,0.0,0.0,0.0,0.008849619887769222,19.999999999999996,19.999999999999996,2026-06-27 00:00:00,0.201148599590125
32832,341,-136.0028523216335,16381.72475422857,0.0,60.61255818285671,297.8922557885821,0.008850738406181335,19.999999999999996,19.999999999999996,2026-05-27 00:00:00,0.11068032329057209
32928,342,-133.7768995056254,14638.21171632426,0.0,63.502789476019494,278.1245912243142,0.008872466161847115,19.999999999999996,19.999999999999996,2026-06-19 00:00:00,0.380377191601842
33024,343,-117.61009013393078,8080.287094149437,0.0,51.54488867085293,261.4753019359112,0.008797964081168175,19.999999999999996,19.999999999999996,2026-06-01 00:00:00,0.9105830269311963
33120,344,0.0,0.0,0.0,0.0,0.0,0.008753023110330105,19.999999999999996,19.999999999999996,2026-07-04 00:00:00,0.8413324703999817
33216,345,0.0,0.0,0.0,0.0,0.0,0.00892764050513506,19.999999999999996,19.999999999999996,2026-06-27 00:00:00,0.5349680446435873
33312,346,-130.0824322652132,21722.891772220166,0.0,66.81058814272559,249.2487551719877,0.009015273302793503,19.999999999999996,19.999999999999996,2026-07-07 00:00:00,0.9874024754547821
33408,347,-171.53033396974322,11088.20500327461,0.0,64.32795580261411,425.7450800157523,0.00904466025531292,19.999999999999996,19.999999999999996,2026-07-20 00:00:00,0.032734066260543315
33504,348,-119.2251580574955,30994.086949975634,9.0,60.07061447311117,234.18164670556777,0.008987515233457088,19.999999999999996,19.999999999999996,2026-05-22 00:00:00,0.7966344318283278
33600,349,0.0,0.0,0.0,0.0,0.0,0.008905832655727863,19.999999999999996,19.999999999999996,2026-07-26 00:00:00,0.14563509557463017
33696,350,-141.6045643986758,13486.539780863197,0.0,59.97428399431331,323.8064247249339,0.008703856728971004,19.999999999999996,19.999999999999996,2026-07-03 00:00:00,0.056382233041874286
33792,351,-138.76036659389155,13291.54579642151,0.0,65.57688504413188,288.90523391597173,0.008645929396152496,19.999999999999996,19.999999999999996,2026-05-26 00:00:00,0.4596236735475242
33888,352,0.0,0.0,0.0,0.0,0.0,0.008680612780153751,19.999999999999996,19.999999999999996,2026-06-07 00:00:00,0.6782287529912534
33984,353,-136.07569448145148,8782.77199802672,0.0,62.5091735627481,291.77649989175615,0.008710105903446674,19.999999999999996,19.999999999999996,2026-06-04 00:00:00,0.6749503722069415
34080,354,-142.3830330172363,9854.90192182952,0.0,62.52661474304063,316.14901077057687,0.008784973062574863,19.999999999999996,19.999999999999996,2026-06-22 00:00:00,0.6726110712491735
34176,355,-126.16820199437386,12381.459034272619,0.0,63.371027631012865,248.14391175370582,0.008800742216408253,19.999999999999996,19.999999999999996,2026-06-25 00:00:00,0.7739678840531796
34272,356,0.0,0.0,0.0,0.0,0.0,0.008801800198853016,19.999999999999996,19.999999999999996,2026-06-07 00:00:00,0.22235899468621667
34368,357,0.0,0.0,0.0,0.0,0.0,0.008643423207104206,19.999999999999996,19.999999999999996,2026-05-23 00:00:00,0.6043778992086565
34464,358,-132.11077827790726,22128.792725648862,0.0,65.0567239654327,264.17975413204306,0.008688070811331272,19.999999999999996,19.999999999999996,2026-07-07 00:00:00,0.666750405581493
34560,359,-148.18255120602666,9367.69110784658,0.0,63.974487726818516,333.3173551751117,0.00860744807869196,19.999999999999996,19.999999999999996,2026-07-20 00:00:00,0.9019684931097692
34656,360,-128.72651813319283,11926.08888331759,0.0,62.67519575604775,261.8409089135807,0.008588772267103195,19.999999999999996,19.999999999999996,2026-07-03 00:00:00,0.6784863207608086
34752,361,0.0,0.0,0.0,0.0,0.0,0.008608396165072918,19.999999999999996,19.999999999999996,2026-06-07 00:00:00,0.45335276680617675
34848,362,-162.18837556244335,10738.034185248698,0.0,67.54263337398909,374.8209624894799,0.008628364652395248,19.999999999999996,19.999999999999996,2026-06-08 00:00:00,0.07297068641597337
34944,363,0.0,0.0,0.0,0.0,0.0,0.008665034547448158,19.999999999999996,19.999999999999996,2026-06-07 00:00:00,0.30432566730388244
35040,364,-122.08150006782573,11758.084593174204,0.0,52.58175970064909,275.01987732091794,0.008618219755589962,19.999999999999996,19.999999999999996,2026-07-08 00:00:00,0.21955400585314477
35136,365,-128.40725150006224,5774.680989585396,0.0,33.24068409068848,375.9890878206166,0.008542956784367561,19.999999999999996,19.999999999999996,2026-07-18 00:00:00,0.6566266762323844
35232,366,0.0,0.0,0.0,0.0,0.0,0.008505736477673054,19.999999999999996,19.999999999999996,2026-05-24 00:00:00,0.03353792520148968
35328,367,-136.50376844321187,8906.061105974117,0.0,62.86675794625248,291.4738169305236,0.00859813205897808,19.999999999999996,19.999999999999996,2026-06-04 00:00:00,0.8300564688191041
35424,368,-126.31031858489645,14110.712763673402,0.0,60.81253501070011,258.74118842869535,0.008585508912801743,19.999999999999996,19.999999999999996,2026-06-19 00:00:00,0.9589775486332959
35520,369,-114.56200231153018,14826.873033705617,0.0,60.04194194465257,215.1820060951498,0.008595430292189121,19.999999999999996,19.999999999999996,2026-06-12 00:00:00,0.7616552315093669
35616,370,0.0,0.0,0.0,0.0,0.0,0.008711767382919788,19.999999999999996,19.999999999999996,2026-07-25 00:00:00,0.8024431738529846
35712,371,-130.393134435121,13998.344785190267,0.0,60.972957658851,274.7771842411033,0.008810840547084808,19.999999999999996,19.999999999999996,2026-06-26 00:00:00,0.49345192014730643
35808,372,-129.0559218530376,15125.364156500918,0.0,63.59913988364347,257.69142264695427,0.00882048811763525,19.999999999999996,19.999999999999996,2026-06-30 00:00:00,0.6379428018398328
35904,373,0.0,0.0,0.0,0.0,0.0,0.00884760357439518,19.999999999999996,19.999999999999996,2026-07-12 00:00:00,0.5923970325565924
36000,374,0.0,0.0,0.0,0.0,0.0,0.008902058936655521,19.999999999999996,19.95531949856265,2026-06-21 00:00:00,0.6161888017876997
36096,375,-153.39601033505582,10422.686991665722,0.0,66.3988787010406,343.66186711304226,0.00889099482446909,19.999999999999996,19.86313680129394,2026-06-08 00:00:00,0.7620432037315366
36192,376,-127.0505855369421,10580.032513354641,0.0,59.08928563582512,268.95532491770456,0.008947470225393772,19.999999999999996,19.72896116401071,2026-07-15 00:00:00,0.38228409197112945
36288,377,0.0,0.0,0.0,0.0,0.0,0.008972866460680962,19.999999999999996,19.55809038793916,2026-06-27 00:00:00,0.4067392145424841
36384,378,-141.47082754605958,13331.935238982136,0.0,64.00768805544965,305.8686407842682,0.008912078104913235,19.999999999999996,19.355548341171122,2026-05-26 00:00:00,0.13529611320257096
36480,379,0.0,0.0,0.0,0.0,0.0,0.00888961274176836,19.999999999999996,19.126040853719214,2026-06-21 00:00:00,0.008162704502537421
36576,380,-134.10110613682542,12461.303600594514,0.0,61.50175884491507,287.2768790942583,0.008751963265240192,19.999999999999996,18.87392745537861,2026-07-24 00:00:00,0.8070600753551742
36672,381,0.0,0.0,0.0,0.0,0.0,0.008699674159288406,19.999999999999996,18.603206430349257,2026-06-07 00:00:00,0.5376168934163126
36768,382,-99.02855040603136,8742.075153374733,0.0,50.74172591750013,190.51241755248384,0.008708938956260681,19.999999999999996,18.317510774500892,2026-06-16 00:00:00,0.9332002882650775
36864,383,0.0,0.0,0.0,0.0,0.0,0.008640576153993607,19.999999999999996,18.020112826412095,2026-06-20 00:00:00,0.29109002059654676
36960,384,-123.6999101540612,8322.12514388722,0.0,54.907827932420375,272.72632740735844,0.008629524149000645,19.999999999999996,17.713935573330534,2026-06-01 00:00:00,0.4562655620765754
37056,385,-116.78804879705423,7982.150434084326,0.0,50.96930189425947,261.5785903644657,0.008721268735826015,19.999999999999996,17.401568885001684,2026-06-01 00:00:00,0.5055402094019256
37152,386,-96.44385703630923,35821.46490371314,5.0,50.10819807828237,181.03148172428843,0.008629528805613518,19.999999999999996,17.11832030565573,2026-05-20 00:00:00,0.43205272366539293
37248,387,-125.71137370995628,5666.455288284001,0.0,32.1053155310816,371.24999238973993,0.008477914147078991,19.999999999999996,16.860739118047995,2026-07-18 00:00:00,0.7651361308073987
37344,388,-149.18302139964086,13736.795706336708,0.0,61.827230785629055,346.9230056613588,0.008432609029114246,19.999999999999996,16.62583467902482,2026-07-01 00:00:00,0.0630901400061249
37440,389,-136.15330766653778,8952.029596145727,0.0,59.48558103193285,303.7359677093071,0.00844641588628292,19.999999999999996,16.411006589521584,2026-06-04 00:00:00,0.3632330190503166
37536,390,-147.81685071042548,10195.845162175965,0.0,66.11176257443856,323.7874998939196,0.00851208996027708,19.999999999999996,16.21398690424643,2026-06-22 00:00:00,0.9523337773559302
37632,391,0.0,0.0,0.0,0.0,0.0,0.008567559532821178,19.999999999999996,16.032792064807033,2026-05-30 00:00:00,0.3009958690734319
37728,392,-149.17134506936748,10464.237141312145,0.0,64.95740220319114,333.50493921287836,0.008560307323932648,19.999999999999996,15.865682727028332,2026-06-22 00:00:00,0.329832370696717
37824,393,0.0,0.0,0.0,0.0,0.0,0.008585738949477673,19.999999999999996,15.711130030040838,2026-07-25 00:00:00,0.03229100755023229
37920,394,-123.01947641207173,10377.483655995797,0.0,59.834204099010364,250.3547661919173,0.008416388183832169,19.999999999999996,15.567787147935919,2026-07-09 00:00:00,0.18761602875818284
38016,395,-143.19585630492682,11329.29389325079,0.0,61.28074074620947,322.66606622120105,0.008363567292690277,19.999999999999996,15.434465194160799,2026-07-14 00:00:00,0.3159170004456826
38112,396,-137.62947145001206,21960.602411782165,0.0,65.34223779559751,285.498973271927,0.008302218280732632,19.999999999999996,15.310112729185914,2026-07-07 00:00:00,0.12289624821741163
38208,397,0.0,0.0,0.0,0.0,0.0,0.008235861547291279,19.999999999999996,15.19379826449895,2026-07-25 00:00:00,0.043023929795533156
38304,398,0.0,0.0,0.0,0.0,0.0,0.0082508260384202,19.999999999999996,15.084695269140903,2026-06-27 00:00:00,0.6319469899667817
38400,399,0.0,0.0,0.0,0.0,0.0,0.008244258351624012,19.999999999999996,14.982069275263859,2026-06-20 00:00:00,0.8821533477054285
38496,400,0.0,0.0,0.0,0.0,0.0,0.008238709531724453,19.999999999999996,14.885266751513836,2026-07-12 00:00:00,0.32483317237515896
38592,401,0.0,0.0,0.0,0.0,0.0,0.008349979296326637,19.999999999999996,14.793705471242893,2026-07-26 00:00:00,0.8407471325540301
38688,402,-144.98470527371222,11320.52515667242,0.0,58.436115041304866,342.3516866750642,0.008454418741166592,19.999999999999996,14.70686614958883,2026-06-09 00:00:00,0.04971570569723338
38784,403,0.0,0.0,0.0,0.0,0.0,0.008457261137664318,19.999999999999996,14.624285161627645,2026-05-23 00:00:00,0.9310706878714189
38880,404,0.0,0.0,0.0,0.0,0.0,0.008453229442238808,19.999999999999996,14.545548184900388,2026-06-28 00:00:00,0.0721693750246728
38976,405,-135.66493232598845,8938.168838926822,0.0,60.313696547877846,298.7037431688701,0.008358069695532322,19.999999999999996,14.470284635051941,2026-06-04 00:00:00,0.9506929868685103
39072,406,-141.12244119009728,13453.753524895837,0.0,64.98278674217693,300.8331121211353,0.008381209336221218,19.999999999999996,14.374286446551608,2026-05-26 00:00:00,0.3196112201555015
39168,407,-120.92348337544328,5256.967309280216,0.0,33.33917796427333,348.07076293604587,0.008296447806060314,19.999999999999996,14.260193623477477,2026-07-18 00:00:00,0.6958305942704694
39264,408,-132.49062008921462,14145.463437531866,5.0,59.95752942333706,286.93262835691394,0.008254863321781158,19.999999999999996,14.15364882364479,2026-06-26 00:00:00,0.22728294758422685
39360,409,-146.92487809148935,10337.411606747595,0.0,63.94692068335142,328.535007816466,0.008249154314398766,19.999999999999996,14.05387206915516,2026-06-22 00:00:00,0.8404253566498056
39456,410,-135.75057149297942,15682.252832118978,0.0,65.65036269252933,276.0802827272268,0.008309648372232914,19.999999999999996,13.960170473674204,2026-06-30 00:00:00,0.4722045438669856
39552,411,-120.99563002234356,8449.699105035008,0.0,50.36683524621644,279.5702937676076,0.008440248668193817,19.999999999999996,13.87192768379761,2026-06-01 00:00:00,0.7816288002789814
39648,412,0.0,0.0,0.0,0.0,0.0,0.008467328734695911,19.999999999999996,13.78859474463816,2026-06-21 00:00:00,0.6189003818022155
39744,413,-123.17543009565553,12243.40326578835,0.0,61.67005028830068,243.22730522416018,0.00856874044984579,19.999999999999996,13.70968217337478,2026-06-25 00:00:00,0.8047687214621504
39840,414,-142.37497115800252,11235.897849501287,0.0,68.34581198344918,292.70521213536165,0.008606060408055782,19.999999999999996,13.634753061196612,2026-07-27 00:00:00,0.7265885750707903
39936,415,-126.99879634442279,10984.912190728437,0.0,61.13425256695562,260.59374768288984,0.008720911107957363,19.999999999999996,13.563417053941064,2026-07-09 00:00:00,0.5255167214763641
40032,416,-120.80557524683674,15101.45402343983,0.0,61.83606779572634,233.15966563723734,0.008700898848474026,19.999999999999996,13.495325086131329,2026-07-02 00:00:00,0.38125644180649065
40128,417,-135.0158304196145,11260.561129451526,0.0,60.23198947871301,296.5835165039455,0.008799378760159016,19.999999999999996,13.430164763142333,2026-05-28 00:00:00,0.10906154440805482
40224,418,-123.127206759964,11779.645517151657,0.0,62.36217758860702,240.4066053245443,0.008774464949965477,19.999999999999996,13.367656302714275,2026-07-16 00:00:00,0.9820162174868913
40320,419,-129.52959185763643,12263.762575811752,0.0,59.53228942891868,277.4508741585576,0.008698546327650547,19.999999999999996,13.307548960664887,2026-07-23 00:00:00,0.3157430529202724
40416,420,-117.66363063238907,10671.932437669719,0.0,54.68895195059563,249.50744718135437,0.008668038994073868,19.999999999999996,13.249617876962622,2026-07-09 00:00:00,0.7719507315389376
40512,421,-114.01843516371682,14739.597967042691,0.0,60.87361083255006,209.17806036937168,0.008567756041884422,19.999999999999996,13.193661287742826,2026-06-12 00:00:00,0.7432735704242548
40608,422,0.0,0.0,0.0,0.0,0.0,0.008537895046174526,19.999999999999996,13.139498056722179,2026-05-30 00:00:00,0.845988400318759
40704,423,-136.367725587079,9457.277085067302,0.0,56.84011507631735,314.36128586262726,0.008479547686874866,19.999999999999996,13.086965486070728,2026-07-21 00:00:00,0.4589833547803419
40800,424,-111.01197185463305,5039.184040086104,0.0,23.822213639734898,346.08138489060127,0.008504215627908707,19.999999999999996,13.035917372359828,2026-07-19 00:00:00,0.20616394741891253
40896,425,0.0,0.0,0.0,0.0,0.0,0.00849503930658102,19.999999999999996,12.986222277899909,2026-06-07 00:00:00,0.36993610594493553
40992,426,-170.979582971483,13079.817893990477,0.0,59.85904112830106,442.1315931363743,0.00853247381746769,19.999999999999996,12.937761991761507,2026-07-10 00:00:00,0.007026761139303672
41088,427,0.0,0.0,0.0,0.0,0.0,0.008610498160123825,19.999999999999996,12.890430158157413,2026-06-27 00:00:00,0.7718940632405962
41184,428,0.0,0.0,0.0,0.0,0.0,0.008651971817016602,19.999999999999996,12.824535445438439,2026-05-30 00:00:00,0.513087305035448
41280,429,-146.00297318501978,10196.942598076686,0.0,63.589537135556334,326.857889562851,0.008682969026267529,19.999999999999996,12.74229337671255,2026-06-22 00:00:00,0.14642167080755164
41376,430,-135.95629588787654,9031.333886572364,0.0,59.46748110326143,304.0029126434059,0.008719214238226414,19.999999999999996,12.645777739475603,2026-06-04 00:00:00,0.5073757869541693
41472,431,-122.37376513671089,39874.07190403079,0.0,59.912973292032476,248.10644019555534,0.008638923987746239,19.999999999999996,12.536914633140034,2026-05-21 00:00:00,0.8665506789665851
41568,432,-126.27177425663993,10508.111331166754,0.0,61.48458850647679,255.68842103629171,0.008574671112000942,19.999999999999996,12.417480387698522,2026-07-15 00:00:00,0.7486606763817989
41664,433,-133.68667144277825,10769.688034503688,3.0,57.143843134745126,303.6387981980622,0.008609520271420479,19.999999999999996,12.300009514565048,2026-06-09 00:00:00,0.16474995689601724
41760,434,0.0,0.0,0.0,0.0,0.0,0.008602051995694637,19.999999999999996,12.184473696919612,2026-05-23 00:00:00,0.8492358300808965
41856,435,0.0,0.0,0.0,0.0,0.0,0.008653593249619007,19.999999999999996,12.070843142633814,2026-06-27 00:00:00,0.2392049756022715
41952,436,-118.65670755915913,10396.472786080325,0.0,54.57184699428409,254.52895339069738,0.008633846417069435,19.999999999999996,11.95908687923288,2026-07-15 00:00:00,0.3187422773489835
42048,437,-135.66259464783164,9792.576475923408,0.0,63.21898380958247,286.49680840432336,0.008569643832743168,19.999999999999996,11.849173013360828,2026-07-06 00:00:00,0.282926106421296
42144,438,-138.39494657540976,16260.206492590654,0.0,66.84233751115522,282.45722148657427,0.008449767716228962,19.999999999999996,11.741068958526004,2026-06-30 00:00:00,0.5651419624539645
42240,439,-132.55431925005044,12395.394821118107,0.0,63.916553543283364,272.3058285625605,0.008488872088491917,19.999999999999996,11.634741634529034,2026-07-03 00:00:00,0.594246740427721
42336,440,-116.10591023224434,8205.595336352386,0.0,47.58617601343918,271.458794014664,0.008542883209884167,19.999999999999996,11.530157641634734,2026-06-01 00:00:00,0.2843719426688791
42432,441,-102.2068762697507,8843.330276417724,1.0,52.50100104679565,195.51169391361435,0.008573620580136776,19.999999999999996,11.43045924968521,2026-06-16 00:00:00,0.42269660471669246
42528,442,-125.19917449957572,8601.714537454693,0.0,53.26889408564748,285.49290139300416,0.008584215305745602,19.999999999999996,11.335194444039141,2026-06-01 00:00:00,0.13082422107023117
42624,443,-130.22690277729095,11602.048381125898,0.0,62.99089013536457,266.0758159273554,0.008463695645332336,19.999999999999996,11.243959191115007,2026-07-24 00:00:00,0.6623588123544757
42720,444,0.0,0.0,0.0,0.0,0.0,0.008515552617609501,19.999999999999996,11.156391954310424,2026-06-07 00:00:00,0.475943539162763
42816,445,-126.45186629353984,13582.996047493607,0.0,57.78109469975982,271.59081507784407,0.008551078848540783,19.999999999999996,11.072168894310268,2026-06-18 00:00:00,0.6997278391722567
42912,446,-122.29356292868341,11030.283347479217,0.0,57.37740700462221,257.1995889877894,0.008579382672905922,19.999999999999996,10.990999658841416,2026-07-09 00:00:00,0.9988982491648564
43008,447,0.0,0.0,0.0,0.0,0.0,0.008506973274052143,19.999999999999996,10.912623681633635,2026-05-30 00:00:00,0.4839781815113916
43104,448,-135.38440983915467,10664.863169503556,0.0,61.985269773034304,290.3535644480169,0.008433920331299305,19.999999999999996,10.836806922535873,2026-07-14 00:00:00,0.4905707667084631
43200,449,-192.32203110777525,14603.981746837713,0.0,61.884715374944946,518.6965434300417,0.008453168906271458,19.999999999999996,10.76333899087983,2026-07-10 00:00:00,0.0015358820203807966
43296,450,-137.73452983899222,15857.490292925031,0.0,65.20155717163227,285.8162478179603,0.00841620285063982,19.999999999999996,10.692030602651723,2026-06-30 00:00:00,0.40160858062630933
43392,451,-124.62630979973038,8769.12917772585,0.0,50.80808403599012,293.88795206670557,0.008282885886728764,19.999999999999996,10.622711329128878,2026-06-04 00:00:00,0.477193080985557
43488,452,-134.47096022030232,10766.451824543235,0.0,60.04309920841088,295.3512222744778,0.008255462162196636,19.999999999999996,10.555227600603077,2026-07-10 00:00:00,0.43797016793318067
43584,453,-138.5318665875951,9973.26554684293,0.0,63.36047200405258,296.44729438237096,0.008387758396565914,19.999999999999996,10.481305509611172,2026-07-06 00:00:00,0.43996055326422956
43680,454,0.0,0.0,0.0,0.0,0.0,0.008318563923239708,19.999999999999996,10.401836507340235,2026-06-28 00:00:00,0.33126911540364834
43776,455,-119.0298696868839,15397.587812205364,0.0,63.19901984130854,220.1592995066078,0.008308974094688892,19.999999999999996,10.317632447312725,2026-06-12 00:00:00,0.9202653195889611
43872,456,-129.76734058498673,12809.708771650583,0.0,61.44923387011584,270.7272719182655,0.008174918591976166,19.999999999999996,10.229429906766242,2026-07-16 00:00:00,0.8990954153460471
43968,457,-125.66543365385881,11127.01664686385,0.0,60.40266194131473,259.1780310881984,0.008162952959537506,19.999999999999996,10.137894765853915,2026-07-09 00:00:00,0.666695637651635
44064,458,-145.29303216671556,9463.141398248434,0.0,61.34404902379028,332.8126283798876,0.008149709552526474,19.999999999999996,10.043626909203693,2026-07-20 00:00:00,0.5444452068985465
44160,459,-133.3829241100571,10446.553079497076,0.0,59.987143551618125,291.3500468980931,0.00809059664607048,19.999999999999996,9.947164942755002,2026-06-24 00:00:00,0.2762370046542687
44256,460,-167.73479729689458,42132.78290338382,0.0,69.85592613057639,389.59620316111847,0.008006341755390167,19.999999999999996,9.848990842879502,2026-05-21 00:00:00,0.01790338948411896
44352,461,-123.09711514239663,21246.1845053517,0.0,63.32739437803035,234.47488590920835,0.008025851100683212,19.999999999999996,9.74715977172133,2026-07-07 00:00:00,0.8186361228270335
44448,462,-131.27087846304505,14595.11214739522,0.0,56.55890235383943,296.09890593876753,0.007992754690349102,19.999999999999996,9.642385762892928,2026-06-26 00:00:00,0.4464040945364658
44544,463,-142.17627893544025,9547.049608243218,0.0,61.085069345531565,320.98548514394037,0.008012643083930016,19.999999999999996,9.535308221941689,2026-07-21 00:00:00,0.99466669231911
44640,464,-145.57678309729664,15757.120930234178,0.0,61.15763363611103,335.2593658713142,0.008075803518295288,19.999999999999996,9.426497381962735,2026-06-19 00:00:00,0.062848273183441
44736,465,0.0,0.0,0.0,0.0,0.0,0.008018682710826397,19.999999999999996,9.316459699071089,2026-06-07 00:00:00,0.09332273254909973
44832,466,0.0,0.0,0.0,0.0,0.0,0.007927250117063522,19.999999999999996,9.205643106855474,2026-06-21 00:00:00,0.377183782939044
44928,467,0.0,0.0,0.0,0.0,0.0,0.007844453677535057,19.999999999999996,9.09444207018604,2026-06-27 00:00:00,0.44999105896360514
45024,468,0.0,0.0,0.0,0.0,0.0,0.007773982360959053,19.999999999999996,8.983202396287005,2026-06-20 00:00:00,0.4597780060682416
45120,469,-143.1367335851241,9733.057204603188,0.0,62.624956437054884,318.4101819658493,0.007793687283992767,19.999999999999996,8.872225775276775,2026-06-08 00:00:00,0.3002054104134412
45216,470,-146.46615905037558,17562.13110152322,0.0,58.43347351203893,350.3788633659187,0.007681804709136486,19.999999999999996,8.76177403386494,2026-05-27 00:00:00,0.03197149938617738
45312,471,-164.1868087249244,12940.510952910125,0.0,59.89087391896015,414.1629648200562,0.007683431264013052,19.999999999999996,8.652073094988964,2026-07-10 00:00:00,0.03176625348153472
45408,472,-123.12111123897834,16442.404002509775,1.0,57.478950030270354,259.87395847946016,0.007659186143428087,19.999999999999996,8.545170141410582,2026-07-22 00:00:00,0.3332065484680402
45504,473,-120.94649830000442,30632.24991947173,0.0,63.49625801519529,227.92389613900062,0.007668929174542427,19.999999999999996,8.440957183924821,2026-05-22 00:00:00,0.8225938322685452
45600,474,0.0,0.0,0.0,0.0,0.0,0.007631854619830847,19.999999999999996,8.339331461766042,2026-05-23 00:00:00,0.3084574039985192
45696,475,-143.58067626590466,10572.5139751037,0.0,63.98724249200133,314.7556527144292,0.007556390482932329,19.999999999999996,8.240195165938387,2026-07-06 00:00:00,0.34088598483414667
45792,476,-151.00256034020944,33628.47647187509,0.0,64.7076909358788,343.20563758871634,0.0074980794452130795,19.999999999999996,8.14345517631413,2026-05-22 00:00:00,0.026100972062712335
45888,477,-134.45649091699678,9478.832793778889,0.0,62.44205799712531,284.3990329228893,0.0074117137119174,19.999999999999996,8.049022812093398,2026-07-06 00:00:00,0.8173941402226957
45984,478,-125.52813181715337,12829.700086275956,0.0,59.81100543522438,259.75024430703724,0.007311263121664524,19.999999999999996,7.956813595177309,2026-06-25 00:00:00,0.5804425885506549
46080,479,-126.68290957536968,13974.295173570035,0.0,56.07506841451068,279.9208553336673,0.007484126836061478,19.999999999999996,7.866747025977385,2026-06-18 00:00:00,0.6125999936210011
46176,480,0.0,0.0,0.0,0.0,0.0,0.007416281383484602,19.999999999999996,7.778746371165101,2026-06-28 00:00:00,0.765838828388109
46272,481,-142.22284349972765,12767.480894493106,0.0,66.03751751436734,302.383333640464,0.007444462738931179,19.999999999999996,7.692738462854993,2026-07-24 00:00:00,0.40297922042304135
46368,482,-138.73442418082544,9086.612732616215,0.0,61.92140703439167,303.6741565749613,0.0073954141698777676,19.999999999999996,7.6086535087109,2026-07-21 00:00:00,0.7866390059609584
46464,483,-137.95542837754624,15875.075808043213,0.0,65.0581073116876,288.30064201488585,0.0074469586834311485,19.999999999999996,7.526424912466789,2026-06-02 00:00:00,0.47391499978056295
46560,484,-134.8932737268195,9045.465931049815,0.0,58.98803878193116,301.3877795395365,0.007425236981362104,19.999999999999996,7.445989104359674,2026-06-04 00:00:00,0.2898610461110943
46656,485,0.0,0.0,0.0,0.0,0.0,0.007345010992139578,19.999999999999996,7.367285380981791,2026-06-07 00:00:00,0.8613664742371004
46752,486,0.0,0.0,0.0,0.0,0.0,0.0073662977665662766,19.999999999999996,7.290255754071416,2026-05-24 00:00:00,0.09053695662580519
46848,487,-141.12775245396,15498.338021730498,0.0,70.0058347945106,281.0622483212035,0.0074165076948702335,19.999999999999996,7.214844807776102,2026-06-02 00:00:00,0.5536362143547361
46944,488,-132.89733525772493,10247.065193832465,0.0,62.04298052223992,279.91389443167566,0.007427330128848553,19.999999999999996,7.140999563937809,2026-06-09 00:00:00,0.31720432092744744
47040,489,-134.59538964838575,8985.263875204731,0.0,59.158743507782596,299.7537174677245,0.007414431776851416,19.999999999999996,7.068669354966351,2026-06-04 00:00:00,0.9852613830021009
47136,490,-120.29804104720533,15689.875100221214,0.0,58.96815808948707,242.85177982195054,0.00741945393383503,19.999999999999996,6.997805703885031,2026-07-02 00:00:00,0.83603458892776
47232,491,-141.7299959718707,9476.211729118524,0.0,63.7343401387384,308.8490336164277,0.007378468289971352,19.999999999999996,6.928362211150295,2026-06-05 00:00:00,0.5680323890260053
47328,492,0.0,0.0,0.0,0.0,0.0,0.007452994119375944,19.999999999999996,6.859071600297726,2026-05-23 00:00:00,0.31822065315280224
47424,493,-124.62363832747187,10099.670640904375,0.0,56.16800691759029,271.3669764862181,0.007562561426311731,19.999999999999996,6.7900591134752695,2026-06-24 00:00:00,0.8607553948613821
47520,494,-138.1292783046941,13446.44118558693,0.0,61.845649064959126,302.61446085349775,0.007632004097104073,19.999999999999996,6.721433693465627,2026-07-16 00:00:00,0.08901958907039975
47616,495,0.0,0.0,0.0,0.0,0.0,0.0076137566938996315,19.999999999999996,6.653289632455019,2026-05-30 00:00:00,0.3838608450854114
47712,496,-125.02507454415499,16830.876357306468,0.0,50.500776323255636,295.7618679518144,0.0077439406886696815,19.999999999999996,6.585708080160312,2026-05-27 00:00:00,0.17088512138706335
47808,497,-125.39373959312283,10857.793722626377,0.0,56.645852905298675,271.8812125477615,0.007792164105921984,19.999999999999996,6.518758419646561,2026-07-15 00:00:00,0.6383289492356532
47904,498,0.0,0.0,0.0,0.0,0.0,0.007846223190426826,19.999999999999996,6.452499519413232,2026-07-04 00:00:00,0.5972689110994548
48000,499,0.0,0.0,0.0,0.0,0.0,0.007912502624094486,19.999999999999996,6.386980870362869,2026-05-30 00:00:00,0.46545767298778096
48096,500,-108.12038325804457,4983.549817465929,0.0,24.223221428724933,333.52437283004014,0.00790450070053339,19.999999999999996,6.322243616141647,2026-07-19 00:00:00,0.641106629437842
48192,501,0.0,0.0,0.0,0.0,0.0,0.007812179625034332,19.999999999999996,6.2583214850985724,2026-06-03 00:00:00,0.05425048921910536
48288,502,-137.25760468803858,8775.680097053144,0.0,63.25326838656079,292.9080411346164,0.0076913232915103436,19.999999999999996,6.195241631782655,2026-07-13 00:00:00,0.8921835962889185
48384,503,-109.31890970260653,4983.624622297154,0.0,25.57867200482615,333.3614279264568,0.007581112440675497,19.999999999999996,6.133025395511961,2026-07-19 00:00:00,0.7701170812501509
48480,504,0.0,0.0,0.0,0.0,0.0,0.00752923171967268,19.999999999999996,6.071688983126333,2026-07-12 00:00:00,0.8880770933387925
48576,505,-124.23853702518245,10904.006163339938,0.0,60.852015791742794,251.1415161616663,0.007336960174143314,19.999999999999996,6.011244082593528,2026-07-09 00:00:00,0.9518460537211391
48672,506,-136.3311855683678,8967.283835089906,0.0,60.07975285224278,301.0141346487044,0.0072473096661269665,19.999999999999996,5.951698413689255,2026-07-21 00:00:00,0.4700436808710168
48768,507,-127.12511051039444,16433.090703219543,0.0,61.06210103233969,261.5733999201451,0.007272271905094385,19.999999999999996,5.893056221525146,2026-07-22 00:00:00,0.2996000057234931
48864,508,-105.76666172448311,4799.739285132392,0.0,25.523240917164717,319.09374642014853,0.007203591521829367,19.999999999999996,5.835318718262146,2026-07-19 00:00:00,0.9624107747054862
48960,509,-128.01027401434163,10922.958051386799,0.0,57.51623395112324,279.5889503053866,0.007220511324703693,19.999999999999996,5.778484477925589,2026-07-15 00:00:00,0.1462763043249553
49056,510,-129.99796955970598,13346.718921389443,0.0,63.31814019888216,263.77521977618244,0.007258553057909012,19.999999999999996,5.722549788835996,2026-06-26 00:00:00,0.8097613932609853
49152,511,0.0,0.0,0.0,0.0,0.0,0.00733918184414506,19.999999999999996,5.66750896778869,2026-06-07 00:00:00,0.09210170558720077
49248,512,-128.08628014162926,8566.970260471238,0.0,56.63437019193679,283.774020378409,0.007265187334269285,19.999999999999996,5.613354639757235,2026-06-04 00:00:00,0.4018126650064471
49344,513,-142.47370430242702,9698.559944360084,0.0,61.97986138905843,318.2482477387516,0.007281870115548372,19.999999999999996,5.560077986561023,2026-06-08 00:00:00,0.6983385537349108
49440,514,-168.52756565418025,14042.444330933364,0.0,58.302397530318686,437.06262839342673,0.00726300897076726,19.999999999999996,5.50766896762606,2026-07-27 00:00:00,0.005787986487553298
49536,515,-124.14002513921193,5427.27745081949,0.0,32.62753868125883,362.51895824648153,0.007260865531861782,19.999999999999996,5.456116515679899,2026-07-18 00:00:00,0.9327912986951731
49632,516,-123.8149342028478,16803.646837070835,5.0,54.66936035727474,273.5847465705026,0.007222305051982403,19.999999999999996,5.409319519659051,2026-07-22 00:00:00,0.25166632396269284
49728,517,-143.35708732485207,11230.064130180948,0.0,62.82974184517263,318.842250891558,0.007105063647031784,19.999999999999996,5.366749745057873,2026-07-10 00:00:00,0.33331162497387046
49824,518,-135.66960652822917,11075.353983222247,10.0,58.91924639809073,304.23958000671763,0.007011653855443001,19.999999999999996,5.335553582200445,2026-06-24 00:00:00,0.10963076809576322
49920,519,-145.25166985321988,11217.336355517107,0.0,61.13065696582273,332.91056736197356,0.007078919559717178,19.999999999999996,5.314414810459182,2026-06-09 00:00:00,0.07403882154451247
50016,520,-130.89371982076725,14050.219458793723,0.0,63.99485547479635,264.41305176620864,0.0071101440116763115,19.999999999999996,5.302219902463248,2026-05-29 00:00:00,0.33198763886225446
50112,521,-129.29705218785776,16572.94525100842,0.0,60.92119976738724,270.60274569544765,0.007087701000273228,19.999999999999996,5.29802296777728,2026-07-22 00:00:00,0.6994486913898131
50208,522,-129.17768464857184,14130.161928323418,0.0,63.29045528068779,259.93001729502595,0.007052077911794186,19.999999999999996,5.301017710265847,2026-05-29 00:00:00,0.8230086155138548
50304,523,0.0,0.0,0.0,0.0,0.0,0.007028528023511171,19.999999999999996,5.310514841020059,2026-07-28 00:00:00,0.15935728222074008
50400,524,0.0,0.0,0.0,0.0,0.0,0.006963248364627361,19.999999999999996,5.325923766297752,2026-06-03 00:00:00,0.13240683365157258
50496,525,-148.82622364679466,9217.777073393336,0.0,66.09761056371845,328.1480084361892,0.007032474037259817,19.999999999999996,5.346737649166258,2026-07-20 00:00:00,0.9091997008578516
50592,526,-129.90396543471766,10255.276240591906,0.0,59.60326893615828,278.18376999446593,0.007058321963995695,19.999999999999996,5.372521151745382,2026-06-24 00:00:00,0.45073192885436575
50688,527,-101.76926067208227,9079.949190546191,0.0,49.69753427373468,205.09425852400068,0.00705803232267499,19.999999999999996,5.402900321402275,2026-06-16 00:00:00,0.6721504420013932
50784,528,-128.86311784693297,11110.256508835202,0.0,58.20144412136531,280.00444594064305,0.00691553670912981,19.999999999999996,5.437554202680212,2026-07-15 00:00:00,0.3442980119601007
50880,529,0.0,0.0,0.0,0.0,0.0,0.006818434689193964,19.999999999999996,5.476207847017718,2026-07-29 00:00:00,0.8588896258614608
50976,530,0.0,0.0,0.0,0.0,0.0,0.006796880625188351,19.999999999999996,5.518626461584477,2026-07-12 00:00:00,0.5947750924923695
51072,531,-128.17545596742931,11668.950777903872,0.0,60.862409121594425,265.831596870586,0.006729573011398315,19.999999999999996,5.564610492050485,2026-07-08 00:00:00,0.713194482224406
51168,532,-151.57409823781413,13685.545497509827,0.0,63.65800455758505,348.78039331288636,0.006711758207529783,19.999999999999996,5.6139914756605505,2026-07-03 00:00:00,0.0457774777794403
51264,533,-146.29528169857633,16347.663846979094,0.0,66.00625335370371,316.73901066042964,0.00668969564139843,19.999999999999996,5.666628533458786,2026-06-02 00:00:00,0.4458932130087697
51360,534,-133.0275332903936,11845.993806370168,0.0,66.30722808678554,264.12798628363316,0.006700716447085142,19.999999999999996,5.7224053960259695,2026-07-03 00:00:00,0.2107919370440675
51456,535,-141.88847893145152,9264.572185972604,0.0,63.679776654172564,310.19208532079216,0.006725152488797903,19.999999999999996,5.781227877256189,2026-07-13 00:00:00,0.18638433670178534
51552,536,0.0,0.0,0.0,0.0,0.0,0.006787824910134077,19.999999999999996,5.838444301583129,2026-07-25 00:00:00,0.28753238732290676
51648,537,-129.77421235624115,5605.372773037005,0.0,35.77498855184233,372.83059369506594,0.006807620171457529,19.999999999999996,5.894257297056163,2026-07-18 00:00:00,0.4802072141677012
51744,538,0.0,0.0,0.0,0.0,0.0,0.006846609991043806,19.999999999999996,5.939320721078378,2026-07-29 00:00:00,0.5851821729517737
51840,539,-124.81847363650212,10083.161008751806,0.0,56.088800170736135,272.8142920765281,0.006836594548076391,19.999999999999996,5.974452297194947,2026-06-24 00:00:00,0.8663207478369066
51936,540,0.0,0.0,0.0,0.0,0.0,0.006852423772215843,19.999999999999996,6.0004515573135615,2026-07-26 00:00:00,0.09117691718172805
52032,541,-125.73207418261332,5437.311350352736,0.0,34.03317405869682,364.3109926156579,0.00690371822565794,19.999999999999996,6.018091667331322,2026-07-18 00:00:00,0.7483280193946741
52128,542,-126.70180657449595,11844.679982308453,0.0,59.57141114751506,266.5728015671759,0.0069030700251460075,19.999999999999996,6.028113362901247,2026-07-08 00:00:00,0.5982149504303561
52224,543,-116.46179275782718,15375.111711043406,0.0,53.870182002080576,247.93062967860206,0.006893865764141083,19.999999999999996,6.031220670424965,2026-05-27 00:00:00,0.8858917106030632
52320,544,-130.08509103760468,21556.705761382687,0.0,67.63577435447401,245.23952489382899,0.00694475881755352,19.999999999999996,6.028078116131949,2026-07-07 00:00:00,0.8358464219563214
52416,545,-133.3704215366423,14081.217677264405,0.0,63.02004996147892,278.8093683569224,0.006904383189976215,19.999999999999996,6.019309156866635,2026-06-18 00:00:00,0.5310917186053088
52512,546,-122.49089086138845,11912.976199783181,0.0,60.92876465481828,243.8193855142627,0.006795833818614483,19.999999999999996,6.005495597776425,2026-07-16 00:00:00,0.8804607863373021
52608,547,-117.84917132792897,15136.577397966745,0.0,61.4178195564925,222.77774744557337,0.006721763871610165,19.999999999999996,5.98717779296163,2026-06-12 00:00:00,0.3115874313875946
52704,548,-113.09573024628627,5353.1091287816735,0.0,25.721060504159393,347.8860822241061,0.006710638292133808,19.999999999999996,5.964855454313755,2026-07-19 00:00:00,0.1718422919360657
52800,549,-136.7105095295521,10633.17629846032,0.0,62.13970119846856,295.25450938624147,0.006738107651472092,19.999999999999996,5.938988920624771,2026-07-10 00:00:00,0.43761724520540823
52896,550,-119.85860667332369,12517.341487307336,0.0,55.96897960314061,253.11009960626495,0.006794651038944721,19.999999999999996,5.91000076328085,2026-06-25 00:00:00,0.6621574083765966
52992,551,-127.35573866497978,12595.194257095582,0.0,63.00679180357462,254.6599016924783,0.006687995512038469,19.999999999999996,5.8782776263522445,2026-06-25 00:00:00,0.2826037576728103
53088,552,-124.30372761168051,5503.401045525446,0.0,32.86655081156663,361.7694199905449,0.0067436876706779,19.999999999999996,5.844172217693946,2026-07-18 00:00:00,0.7826671015467064
53184,553,-132.45614425951837,11651.195391486037,0.0,62.94299112409849,274.65321884317456,0.006678638979792595,19.999999999999996,5.808005383912126,2026-07-08 00:00:00,0.26872101387574143
53280,554,0.0,0.0,0.0,0.0,0.0,0.00672393711283803,19.999999999999996,5.770068215920414,2026-06-20 00:00:00,0.02259014456797559
53376,555,-124.14226870955936,40062.95621202619,0.0,57.07501274470541,264.82648938647327,0.006713365204632282,19.999999999999996,5.730624143529955,2026-05-21 00:00:00,0.2869656286897907
53472,556,0.0,0.0,0.0,0.0,0.0,0.006791113875806332,19.999999999999996,5.689910987322052,2026-07-25 00:00:00,0.9957557497232645
53568,557,-131.96396559169014,16523.309257026358,0.0,62.90362893207578,272.41724868188936,0.006742221303284168,19.999999999999996,5.648142944174401,2026-07-22 00:00:00,0.39424125364048224
53664,558,-139.31614475330304,10461.579026197755,0.0,62.32828504235253,303.0730456405485,0.006739563308656216,19.999999999999996,5.605512489473454,2026-06-09 00:00:00,0.07135208976109875
53760,559,-126.82154519261044,8500.509703298834,0.0,55.37788135621828,284.162301930303,0.006694440729916096,19.999999999999996,5.562192184452502,2026-06-04 00:00:00,0.28958281511390416
53856,560,-124.94193308808579,10556.706240443802,0.0,62.72832364574415,246.3661590120327,0.006628362461924553,19.999999999999996,5.518336381434978,2026-07-09 00:00:00,0.49980623193768425
53952,561,0.0,0.0,0.0,0.0,0.0,0.006710078101605177,19.999999999999996,5.474082823202739,2026-06-27 00:00:00,0.5508967514573754
54048,562,0.0,0.0,0.0,0.0,0.0,0.006616025231778622,19.999999999999996,5.429554135397311,2026-05-30 00:00:00,0.2647923326633309
54144,563,0.0,0.0,0.0,0.0,0.0,0.006600494030863047,19.999999999999996,5.3848592129267825,2026-06-27 00:00:00,0.0568171940071065
54240,564,-129.79397134005242,8429.250783032547,0.0,57.8466690174923,286.07479478050067,0.00659773126244545,19.999999999999996,5.3400945029029865,2026-06-04 00:00:00,0.5144573152296003
54336,565,-149.1201029236096,17463.304486503625,0.0,60.82990756423383,351.17121197334893,0.0066361804492771626,19.999999999999996,5.2953451877675946,2026-05-27 00:00:00,0.04311863630361634
54432,566,-100.30848940936993,35573.96397535965,0.0,55.92236133613333,175.35465084747983,0.006616101134568453,19.999999999999996,5.2506862730617945,2026-05-20 00:00:00,0.923027037672319
54528,567,0.0,0.0,0.0,0.0,0.0,0.006700313650071621,19.999999999999996,5.206183584820008,2026-06-20 00:00:00,0.9135672006487302
54624,568,0.0,0.0,0.0,0.0,0.0,0.006687801331281662,19.999999999999996,5.161894681879617,2026-06-20 00:00:00,0.38904052298051917
54720,569,0.0,0.0,0.0,0.0,0.0,0.006546109449118376,19.999999999999996,5.1178696885429344,2026-07-28 00:00:00,0.1299536087029013
54816,570,-134.3356943449944,13886.804644689162,0.0,64.05368532813979,277.7864562595707,0.006366478279232979,19.999999999999996,5.074152053042787,2026-06-26 00:00:00,0.3052377946731021
54912,571,-120.3310014105505,12064.143892173923,0.0,59.24585753809431,241.51421534371937,0.006341376341879368,19.999999999999996,5.030779237180689,2026-06-25 00:00:00,0.8825295973854708
55008,572,-125.92965006307462,5618.681266203188,0.0,29.453915896449,383.0816123873805,0.006381291896104813,19.999999999999996,4.987783342352095,2026-07-18 00:00:00,0.0999113038756203
55104,573,-120.5580004797487,15504.074965358535,0.0,62.27317149940099,230.40907898771258,0.0065064565278589725,19.999999999999996,4.945191676967148,2026-06-12 00:00:00,0.8518280956105048
55200,574,-158.84209739491428,11136.488835854143,0.0,51.849042293183054,424.83429885319146,0.006431163288652897,19.999999999999996,4.903027270034101,2026-06-01 00:00:00,0.004060139599921464
55296,575,-114.53987406270818,14667.168579736519,0.0,62.645689003051395,205.07569270776366,0.006397119257599115,19.999999999999996,4.861309335409198,2026-06-12 00:00:00,0.9481031673725421
55392,576,-145.4249098942201,16250.992424406826,0.0,64.82694798750994,319.2649201997916,0.006425774190574884,19.999999999999996,4.820053690941273,2026-06-02 00:00:00,0.07035896712411627
55488,577,-125.80108401797081,21775.233265618866,0.0,62.211480040675184,250.57351011328058,0.006410380359739065,19.999999999999996,4.7792731364596355,2026-07-07 00:00:00,0.33411076541565055
55584,578,0.0,0.0,0.0,0.0,0.0,0.006474810652434826,19.999999999999996,4.738977794275844,2026-07-26 00:00:00,0.723822912377529
55680,579,-134.1240407038401,13139.703914990409,0.0,60.783528618736774,288.8167966745902,0.00650746189057827,19.999999999999996,4.699175415598109,2026-05-26 00:00:00,0.9340924339768059
55776,580,-99.15150772689145,8638.157111814331,0.0,50.622613903078715,191.0450503137497,0.00647978950291872,19.999999999999996,4.65987165599466,2026-06-16 00:00:00,0.8594617966741378
55872,581,0.0,0.0,0.0,0.0,0.0,0.006449684500694275,19.999999999999996,4.621070322791535,2026-06-28 00:00:00,0.13179438426296475
55968,582,-126.0319027894452,5660.9915134619105,0.0,30.259140243016162,379.20855313186127,0.006380823440849781,19.999999999999996,4.582773597052462,2026-07-18 00:00:00,0.1294659985895601
56064,583,-116.62952400047158,5340.639819189927,0.0,28.475190903428736,350.15936039525036,0.006339976564049721,19.999999999999996,4.544982232564697,2026-07-19 00:00:00,0.25452635202749674
56160,584,-130.83914432913585,16404.55572228768,0.0,61.20031492956795,274.93162646888027,0.006399559788405895,19.999999999999996,4.507695734045126,2026-07-22 00:00:00,0.21061562466557926
56256,585,-136.3912108595051,16549.603045731496,0.0,60.09015331765145,302.03556495982735,0.006400685757398605,19.999999999999996,4.470912516585841,2026-05-27 00:00:00,0.08250684948054088
56352,586,-131.26799154092654,16169.086887331767,0.0,62.60973675755692,271.29885320391776,0.006426764186471701,19.999999999999996,4.43463004817739,2026-05-27 00:00:00,0.9875592701943929
56448,587,-137.28656425550363,10741.928666569247,0.0,63.52246082285831,290.82408081307847,0.006556543055921793,19.999999999999996,4.398844976980671,2026-07-14 00:00:00,0.9041578108646146
56544,588,0.0,0.0,0.0,0.0,0.0,0.0066108787432312965,19.999999999999996,4.363553244864368,2026-06-20 00:00:00,0.5953988631758406
56640,589,-120.79895586494769,8359.91331448632,0.0,52.13937135071417,272.3639238756768,0.006544551812112331,19.999999999999996,4.328750188583319,2026-06-01 00:00:00,0.5140893993991013
56736,590,-127.1393711369641,40121.495789423374,0.0,60.87726726924012,261.98510791751534,0.006606659386307001,19.999999999999996,4.294430629843485,2026-05-21 00:00:00,0.608173259386465
56832,591,0.0,0.0,0.0,0.0,0.0,0.006474520545452833,19.999999999999996,4.260588955380611,2026-06-03 00:00:00,0.07419603256898832
56928,592,-121.01461507936787,15417.057785378303,0.0,61.90179400523233,233.2892597958047,0.006455946248024702,19.999999999999996,4.227219188071436,2026-06-12 00:00:00,0.26709268876336234
57024,593,-131.7696349182073,16155.86375577591,0.0,62.84483305712334,272.79905497706983,0.00643656263127923,19.999999999999996,4.194315049997661,2026-05-27 00:00:00,0.79816417255918
57120,594,-127.33049816316324,11745.202827699359,0.0,62.43544044981819,257.2566333222942,0.006550318095833063,19.999999999999996,4.161870018293206,2026-07-23 00:00:00,0.8235637361892387
57216,595,-155.2739229586525,12289.582084542264,0.0,67.14655600156182,350.2471763824495,0.006532255560159683,19.999999999999996,4.129877374523726,2026-07-27 00:00:00,0.05164604808548212
57312,596,0.0,0.0,0.0,0.0,0.0,0.006555070634931326,19.999999999999996,4.098330248273431,2026-06-03 00:00:00,0.8256172816491211
57408,597,-143.25406821025956,10079.743650667802,0.0,61.9899725947154,322.6010434872586,0.006581611465662718,19.999999999999996,4.0672216555471845,2026-06-22 00:00:00,0.9946293883354808
57504,598,0.0,0.0,0.0,0.0,0.0,0.006459786090999842,19.999999999999996,4.036544532535178,2026-07-29 00:00:00,0.5889818220238222
57600,599,0.0,0.0,0.0,0.0,0.0,0.006444006692618132,19.999999999999996,4.00629176523252,2026-07-04 00:00:00,0.1074947372411672
57696,600,-138.78908273176643,23261.65238309476,0.0,66.636157153455,283.49992589557075,0.006474069785326719,19.999999999999996,3.9764562153564675,2026-07-07 00:00:00,0.901695239533339
57792,601,-141.50020568311973,11213.8404737298,0.0,63.58024714327926,307.70684179715454,0.006421149242669344,19.999999999999996,3.9470307429591647,2026-07-14 00:00:00,0.8676375441968633
57888,602,-143.07524371464297,16031.508221652024,0.0,64.07410663730842,312.1568848236385,0.006392347160726786,19.999999999999996,3.9180082260932867,2026-06-02 00:00:00,0.13517081812261045
57984,603,-162.5484868994035,11090.463629586726,0.0,64.69714894298393,388.9159963041384,0.006441284902393818,19.999999999999996,3.8893815778514593,2026-07-13 00:00:00,0.049005438174652194
58080,604,-136.67140436127826,8792.781897297567,0.0,63.36121405251295,290.5929538885509,0.0063940174877643585,19.999999999999996,3.861143761067433,2026-07-13 00:00:00,0.5741822775576378
58176,605,-117.52777751114732,39931.42702717506,13.0,52.00411464590046,260.06618924608057,0.006486309226602316,19.999999999999996,3.8389347173302872,2026-05-21 00:00:00,0.16522808869890937
58272,606,-123.83978287969074,15645.800330126132,0.0,62.20940247581898,244.21092256422003,0.006541591137647629,19.999999999999996,3.822063580865968,2026-07-02 00:00:00,0.22763016235344613
58368,607,0.0,0.0,0.0,0.0,0.0,0.006559344939887524,19.999999999999996,3.80993620212588,2026-07-04 00:00:00,0.2416807654642762
58464,608,-127.22647340618784,12199.82295260409,0.0,62.97685691931659,254.6256485258921,0.006423605140298605,19.999999999999996,3.8020397233570056,2026-07-16 00:00:00,0.5719771574984415
58560,609,-102.41944903574472,35900.72589360721,0.0,53.23999584457486,193.2282605575372,0.00652151508256793,19.999999999999996,3.797929985169614,2026-05-20 00:00:00,0.21130133692419473
58656,610,-121.14031129060814,30387.644444665344,0.0,64.66413733202852,222.47225345867844,0.006507678888738155,19.999999999999996,3.797221182131954,2026-05-22 00:00:00,0.9926327022848743
58752,611,-136.93472501155296,10649.364205278856,1.0,62.49501560225553,294.16619852025667,0.006546237040311098,19.999999999999996,3.800003155176986,2026-07-14 00:00:00,0.18977749157347068
58848,612,-129.02027552500235,16297.530681564074,6.0,60.62302377766746,270.14397292647715,0.006528948433697224,19.999999999999996,3.8085074139496213,2026-05-27 00:00:00,0.9058410567174698
58944,613,0.0,0.0,0.0,0.0,0.0,0.0065328096970915794,19.999999999999996,3.822222354623461,2026-06-07 00:00:00,0.32576048740278984
59040,614,0.0,0.0,0.0,0.0,0.0,0.0065139844082295895,19.999999999999996,3.8407145264346068,2026-06-28 00:00:00,0.8405727291536609
59136,615,0.0,0.0,0.0,0.0,0.0,0.0064992099069058895,19.999999999999996,3.86361672953522,2026-07-12 00:00:00,0.6165675045500685
59232,616,-118.32481593171096,9806.019600821292,6.0,59.65918861600278,231.58205988379137,0.006595142185688019,19.999999999999996,3.8932908563184516,2026-07-15 00:00:00,0.84741921796026
59328,617,-125.94141665445686,16101.283404233394,0.0,63.299621377937775,247.6819832797527,0.006624097004532814,19.999999999999996,3.929302478232303,2026-07-22 00:00:00,0.8748462612078802
59424,618,-156.2085579927343,12083.870841257018,0.0,61.11007042253663,376.6152175345151,0.00656720669940114,19.999999999999996,3.9713024201174925,2026-07-14 00:00:00,0.036930325626949756
59520,619,-130.68393928626358,12553.903244423676,0.0,64.05513686164534,263.9622401448907,0.006538934074342251,19.999999999999996,4.019015000968995,2026-07-16 00:00:00,0.8149571388109225
59616,620,0.0,0.0,0.0,0.0,0.0,0.006495111156255007,19.999999999999996,4.072228686956867,2026-06-20 00:00:00,0.3418148759029055
59712,621,-123.58448187474325,15319.492161202053,0.0,60.55966652192503,249.40155288311914,0.006463686935603619,19.999999999999996,4.130788672987174,2026-05-27 00:00:00,0.817728350096226
59808,622,0.0,0.0,0.0,0.0,0.0,0.006435927469283342,19.999999999999996,4.1945910242307685,2026-05-24 00:00:00,0.7439740108378076
59904,623,0.0,0.0,0.0,0.0,0.0,0.0063818031921982765,19.999999999999996,4.263578096050249,2026-05-24 00:00:00,0.7919547436053025
60000,624,0.0,0.0,0.0,0.0,0.0,0.006447236984968185,19.999999999999996,4.337735017184089,2026-07-26 00:00:00,0.6193218041448463
