step,episode,return,cost_comfort,cost_vent,fan_kwh,coil_kwh_th,alpha,lam_comfort,lam_vent,date,lam_dr
96,0,-150.25538994334144,9913.319962321504,0.0,64.61644797893788,336.1886638888078,0.9716001152992249,1.0,1.0,2026-07-21 00:00:00,0.9127555772777217
192,1,-154.28107202406102,17346.914087349614,0.0,57.07777486029953,382.3235243078307,0.9440178275108337,1.0,1.0,2026-06-18 00:00:00,0.07226526552987678
288,2,0.0,0.0,0.0,0.0,0.0,0.9172099232673645,1.0,1.0,2026-07-26 00:00:00,0.5863783547983777
384,3,-133.87020714279188,11877.957658753787,0.0,62.776066257471534,278.4206903369494,0.891177237033844,1.0,1.0,2026-07-08 00:00:00,0.7084994832867091
480,4,-162.96384676241138,10699.6174101205,0.0,65.7002404552461,382.3322516066382,0.8659066557884216,0.951229430384165,0.9512294260954222,2026-07-20 00:00:00,0.8830780014959977
576,5,0.0,0.0,0.0,0.0,0.0,0.8413541913032532,0.9080964426525543,0.9049104829997792,2026-07-28 00:00:00,0.5632039958201955
672,6,-146.03227142292937,13543.95366290951,0.0,63.54028936908695,323.8842815392172,0.8175020217895508,0.8660627325860574,0.8609623145441503,2026-07-01 00:00:00,0.6426983422873438
768,7,-148.26560328234368,15785.753589645023,4.0,63.58822680029913,332.37292902891306,0.7943180799484253,0.8279032276406559,0.8365422078902992,2026-06-18 00:00:00,0.3395567095887363
864,8,-138.38422314944017,18168.972300049227,2.0,63.83830233730962,291.90142924674524,0.7717657685279846,0.7967986299824509,0.830663356629303,2026-06-12 00:00:00,0.6387182191618228
960,9,0.0,0.0,0.0,0.0,0.0,0.7498610615730286,0.7664405135596951,0.8343041507343888,2026-06-27 00:00:00,0.03050959749016091
1056,10,-138.99436130203705,13523.093460055914,1.0,61.09406991606962,304.7174010691135,0.7285866737365723,0.737957550398322,0.8456654526639441,2026-07-23 00:00:00,0.7479296517191851
1152,11,-146.48491292872797,14381.655914851202,0.0,62.854079841611664,328.0359778578341,0.7079309821128845,0.712227785860743,0.8620927569575576,2026-05-26 00:00:00,0.3588024741195469
1248,12,-142.40531008930867,12578.949096813218,0.0,63.37275828936824,309.5468003913409,0.6878594160079956,0.6892938616959905,0.8821111805026658,2026-07-09 00:00:00,0.8297852952045203
1344,13,0.0,0.0,0.0,0.0,0.0,0.668349027633667,0.6665749644606181,0.9047716108448858,2026-05-30 00:00:00,0.35340365097167625
1440,14,-149.26467892772854,18126.172720770515,0.0,65.67186296155025,327.472961119293,0.6494153141975403,0.645562762305109,0.9293885525987289,2026-05-27 00:00:00,0.8495758596148045
1536,15,-135.6829992564255,17762.26940724338,0.0,59.72651199617056,297.749565454245,0.6310319304466248,0.627272115203703,0.9554163678585755,2026-07-02 00:00:00,0.9658636158421577
1632,16,-101.18162478384077,9526.55308637884,10.0,46.65239289245644,213.4106545145183,0.6131806969642639,0.6110507873428594,0.9889791749924877,2026-06-16 00:00:00,0.5521587316062065
1728,17,-158.85597044818383,10474.307382306259,0.0,63.01039650583444,376.51798681398066,0.5958534479141235,0.596544997871387,1.0285113610259724,2026-07-20 00:00:00,0.49411954449343354
1824,18,0.0,0.0,0.0,0.0,0.0,0.5790285468101501,0.5821952508477007,1.0732424368551285,2026-05-24 00:00:00,0.72592052770485
1920,19,-139.1887522916891,8813.332901765221,0.0,63.31485949400579,296.98605070762164,0.5627098083496094,0.5678963336596055,1.1227504596499716,2026-07-13 00:00:00,0.7204619353651508
2016,20,-142.70082365270082,41048.20061258366,5.0,67.2734812994815,295.53788357751415,0.5468537211418152,0.5572204424659053,1.1776791044378578,2026-05-21 00:00:00,0.3546429435481566
2112,21,0.0,0.0,0.0,0.0,0.0,0.5314417481422424,0.5476367690918835,1.238030781868709,2026-06-28 00:00:00,0.7521927947507213
2208,22,-142.3450357336512,11336.966277690093,0.0,62.844916079089906,312.33937648620787,0.5164440870285034,0.5402433198589459,1.3039069745653518,2026-07-10 00:00:00,0.5480204245325432
2304,23,-153.8449870312979,17571.979496601456,0.0,59.54058875815824,370.12035702208476,0.5019161701202393,0.5353711567863064,1.3754930899773665,2026-05-29 00:00:00,0.08403801035747649
2400,24,0.0,0.0,0.0,0.0,0.0,0.4877992570400238,0.5315763833545293,1.4530470456462965,2026-06-27 00:00:00,0.835080722022197
2496,25,-109.25671651732432,31128.53024799324,33.0,46.281906980445505,245.5417423623831,0.47406652569770813,0.5319553691724159,1.5286607244725965,2026-05-22 00:00:00,0.22921580260727947
2592,26,-118.5461144738006,5291.521307833486,0.0,29.192618872305786,352.3434909149497,0.46074411273002625,0.5351469161782665,1.610571160368344,2026-07-19 00:00:00,0.38880252777883706
2688,27,-130.4904157433501,12166.134025893967,10.0,59.05241366830678,279.17474979376334,0.44779258966445923,0.5405477624885633,1.6996886370117528,2026-07-01 00:00:00,0.5376949929361501
2784,28,-143.38238598638793,13228.203260400478,0.0,66.40743352106465,301.99339871953424,0.4351976215839386,0.5475411796082957,1.7972448770888605,2026-05-26 00:00:00,0.31376394693961096
2880,29,-144.8641303444276,14777.906856464992,0.0,66.11954729986446,308.8815846196564,0.422951877117157,0.557444527248031,1.903805255239551,2026-06-18 00:00:00,0.5678295964143394
2976,30,-136.5005688615146,9899.526559211441,0.0,52.738919148329764,329.81113590995295,0.4110291004180908,0.5697669324605168,2.0199089823502474,2026-06-01 00:00:00,0.11633343986020417
3072,31,0.0,0.0,0.0,0.0,0.0,0.39944353699684143,0.5830593713678641,2.1461487161138493,2026-07-26 00:00:00,0.5181714013401479
3168,32,-135.80586905940487,13452.793698605672,10.0,60.520101135128364,295.11363177149616,0.38819777965545654,0.5974548726618948,2.283250748543692,2026-07-03 00:00:00,0.6787063848027507
3264,33,0.0,0.0,0.0,0.0,0.0,0.3772912919521332,0.6129996443647473,2.432114578671602,2026-06-28 00:00:00,0.9469593326057496
3360,34,-141.68240674212805,16023.322848355801,0.0,64.7658857592659,301.2326425639318,0.3666976988315582,0.6295002959510397,2.593667818649985,2026-06-02 00:00:00,0.7429214897718454
3456,35,-137.1773313857941,11480.322588642648,0.0,63.243280625943456,289.3062620660711,0.35637280344963074,0.6462070982904031,2.7689129714133847,2026-07-15 00:00:00,0.7159935507731606
3552,36,-133.9089058872978,16350.084740893692,10.0,57.71233873855982,298.960528210814,0.34633925557136536,0.6641202413936883,2.9589526980676855,2026-06-02 00:00:00,0.8576706797754795
3648,37,-153.50356858815607,9591.912789879922,0.0,71.26579799450876,322.3749544736958,0.3366122543811798,0.6831872724781466,3.1650071464102494,2026-07-13 00:00:00,0.5918113502089987
3744,38,-127.73053492603484,5505.733424512112,0.0,33.91049811786964,369.2708745785669,0.32712432742118835,0.7042907449772291,3.3884285867014565,2026-07-18 00:00:00,0.2991350444445955
3840,39,0.0,0.0,0.0,0.0,0.0,0.31793132424354553,0.7261461264761253,3.630715624920508,2026-07-25 00:00:00,0.35674432355633123
3936,40,0.0,0.0,0.0,0.0,0.0,0.30899712443351746,0.7405647482715382,3.892946760278044,2026-05-24 00:00:00,0.3879398941895421
4032,41,0.0,0.0,0.0,0.0,0.0,0.30032700300216675,0.7480199587870915,4.1769967031466,2026-05-30 00:00:00,0.6427466760927724
4128,42,-138.78098674520896,13079.466776461108,0.0,60.408297472185666,307.80305732498454,0.2919214963912964,0.7495073668667206,4.484928238136923,2026-07-24 00:00:00,0.6757485885216394
4224,43,0.0,0.0,0.0,0.0,0.0,0.2837497293949127,0.7427068592433073,4.819012494018785,2026-06-27 00:00:00,0.046186698594904985
4320,44,-148.2339133717104,10076.596977318914,0.0,63.84873751633432,331.41040032741523,0.27583980560302734,0.7308041488631319,5.181751457644997,2026-06-05 00:00:00,0.5826306002328618
4416,45,0.0,0.0,0.0,0.0,0.0,0.2681627571582794,0.7112311914670018,5.559780337897988,2026-07-12 00:00:00,0.2707812754821043
4512,46,-94.2418030345012,35546.009787721094,9.0,53.41150756983387,159.69718533527413,0.26071232557296753,0.6893183852832365,5.962458771539591,2026-05-20 00:00:00,0.4672166486403989
4608,47,-137.6678888924917,13123.886851588386,0.0,66.6691675409253,278.34005108774073,0.2534808814525604,0.6658797131618251,6.384153773176233,2026-07-16 00:00:00,0.6844947776664778
4704,48,-139.8362071716907,17420.918989459686,0.0,64.95245163617815,294.62551477915775,0.24647408723831177,0.6418909854202296,6.827680153710402,2026-07-02 00:00:00,0.2933170222663063
4800,49,-144.52237023253164,10351.42403716602,10.0,58.67611261530259,337.30480907971946,0.23966342210769653,0.6173246493459909,7.307222702897372,2026-06-08 00:00:00,0.4156557834353064
4896,50,-141.60690672975304,13399.82316365198,0.0,60.49280819432097,319.6237445080905,0.23306378722190857,0.5928716162916373,7.82698781444852,2026-07-24 00:00:00,0.29181869199333077
4992,51,-167.86250083296744,11014.307716755819,1.0,65.61220782037685,403.51521142159953,0.22670996189117432,0.5696573039512212,8.392635032963895,2026-06-08 00:00:00,0.0360460663130272
5088,52,0.0,0.0,0.0,0.0,0.0,0.22052110731601715,0.5466438361139859,8.995876831332371,2026-06-28 00:00:00,0.1766719917032319
5184,53,-117.420123563395,5743.373810995131,0.0,22.977546476477528,373.1208103793812,0.214533731341362,0.5244306756136273,9.641890955195006,2026-07-19 00:00:00,0.34414062805250156
5280,54,-143.71788418549227,12172.82964046841,0.0,69.75617154866923,291.55295075496866,0.20869052410125732,0.502838032707721,10.336431100941684,2026-07-01 00:00:00,0.7695744354700403
5376,55,-129.44236662921747,12957.540395947019,0.0,59.96340584641912,271.99333919281656,0.20305295288562775,0.48205308894525006,11.085872925443269,2026-07-16 00:00:00,0.5855268044701936
5472,56,-138.67222546412646,12596.780200777295,0.0,65.4853611813692,287.6983974732531,0.1975795030593872,0.46192373938682885,11.869473228323283,2026-07-23 00:00:00,0.40002333480378294
5568,57,-128.87915609669722,15996.792787608954,0.0,64.54309215105451,252.7838122863696,0.19224974513053894,0.44284976015936545,12.692519256085104,2026-07-22 00:00:00,0.4172680752893092
5664,58,0.0,0.0,0.0,0.0,0.0,0.18707546591758728,0.4245444320446432,13.561076727847357,2026-07-28 00:00:00,0.7962089306848016
5760,59,-139.18280444489233,11630.379165156977,0.0,64.13269771800957,295.08293602293475,0.18203884363174438,0.40754877038609216,14.482026750266334,2026-05-28 00:00:00,0.4429635717954282
5856,60,-132.81283665388716,13013.183634969106,0.0,64.27005023284107,268.935114885928,0.17717108130455017,0.39231233506282076,15.463118262169388,2026-06-25 00:00:00,0.41170496301284165
5952,61,-128.28475723106965,16595.114476262763,0.0,59.270253085527514,270.4935044506191,0.17241999506950378,0.3793128392539634,16.513037122384308,2026-07-22 00:00:00,0.7337307559843437
6048,62,0.0,0.0,0.0,0.0,0.0,0.16781486570835114,0.3676746484733884,17.641492701300475,2026-05-30 00:00:00,0.6646023925807332
6144,63,-152.92706197977796,7284.14525095228,0.0,34.511286814664444,468.86079299935284,0.16337695717811584,0.3574994302095977,18.859322685282724,2026-07-18 00:00:00,0.05856043449120529
6240,64,-137.08360015716613,11677.471870761998,4.0,54.93584151004105,323.78652176505284,0.15907873213291168,0.34864342810158405,19.999999999999996,2026-07-14 00:00:00,0.7831570222231815
6336,65,-137.1796284430669,12742.276617156156,0.0,62.704414474016104,293.06656316585975,0.1548425406217575,0.34138426082968076,19.999999999999996,2026-07-24 00:00:00,0.8211837514704463
6432,66,-105.26367039192131,36122.52018438918,0.0,54.08871306629351,200.2338905197031,0.15070068836212158,0.33551650048651177,19.999999999999996,2026-05-20 00:00:00,0.4905887896591338
6528,67,-131.3885198527345,15116.02645144781,0.0,57.43588423429618,291.3010844139455,0.14675065875053406,0.33092073281837525,19.999999999999996,2026-06-19 00:00:00,0.620573383283456
6624,68,0.0,0.0,0.0,0.0,0.0,0.142929807305336,0.326856613372845,19.999999999999996,2026-07-25 00:00:00,0.11934338836756142
6720,69,-120.21180067401244,15685.865179954002,0.0,54.820203484093696,257.0229163303194,0.1392112374305725,0.3234363268771519,19.999999999999996,2026-05-27 00:00:00,0.7997301067259925
6816,70,-132.39679367709408,12601.509613738732,0.0,67.75345743130782,254.11460394928557,0.13555501401424408,0.32055976146454485,19.999999999999996,2026-06-25 00:00:00,0.8727293993940093
6912,71,-130.6475372774485,8967.935520683086,0.0,55.23331006225929,297.2019928513007,0.13205251097679138,0.31810089346319953,19.999999999999996,2026-07-21 00:00:00,0.3620675829059251
7008,72,0.0,0.0,0.0,0.0,0.0,0.1285995990037918,0.31601432583937916,19.999999999999996,2026-06-21 00:00:00,0.07555893257208013
7104,73,-139.32960420966145,11347.28698823713,10.0,61.427436097377594,306.1566382673321,0.12522073090076447,0.3144365120638119,19.999999999999996,2026-07-27 00:00:00,0.24584318161383778
7200,74,-133.8097273755531,9476.301253769829,0.0,56.663134800747414,303.5898630010588,0.12193311750888824,0.3132299022975675,19.999999999999996,2026-06-05 00:00:00,0.8632815169294531
7296,75,-103.63462987130977,9480.229645167869,3.0,49.47679966971727,212.19639323026504,0.11874786764383316,0.312248160582465,19.999999999999996,2026-06-16 00:00:00,0.46726548200752005
7392,76,-132.63378521424636,14885.215854461727,0.0,61.673340227453515,279.2371221616801,0.11570382118225098,0.3115409560138139,19.999999999999996,2026-06-19 00:00:00,0.7093207503104061
7488,77,-141.97650137565466,10406.965327303602,0.0,47.263960509042256,375.1369866849518,0.1127176582813263,0.31090604544516265,19.999999999999996,2026-06-01 00:00:00,0.044551921205823186
7584,78,-135.9447991033571,13068.756683357225,0.0,63.24356568725316,286.3331708591601,0.10980123281478882,0.31074904406976134,19.999999999999996,2026-07-16 00:00:00,0.2602863119791793
7680,79,0.0,0.0,0.0,0.0,0.0,0.10701584070920944,0.3106572365147036,19.999999999999996,2026-07-04 00:00:00,0.8727490703526053
7776,80,0.0,0.0,0.0,0.0,0.0,0.1042901948094368,0.3102092882474869,19.999999999999996,2026-05-24 00:00:00,0.4959566611650137
7872,81,0.0,0.0,0.0,0.0,0.0,0.10165902972221375,0.30891053928126416,19.999999999999996,2026-07-28 00:00:00,0.6555318933169656
7968,82,-132.8857414421881,5664.097409223995,0.0,37.94772437270644,376.3664627458096,0.09905477613210678,0.3070305330796643,19.999999999999996,2026-07-18 00:00:00,0.15462880709362392
8064,83,0.0,0.0,0.0,0.0,0.0,0.0965161994099617,0.3044100378975918,19.999999999999996,2026-06-07 00:00:00,0.17444922652557615
8160,84,-129.6038279251437,22185.015266038303,0.0,63.030544812779546,262.1900385987744,0.09407558292150497,0.301464750773979,19.999999999999996,2026-07-07 00:00:00,0.7705436551526158
8256,85,-129.1393700206365,13666.175353756931,0.0,60.41255363915047,271.12855934899784,0.09170783311128616,0.29826776278694817,19.999999999999996,2026-06-18 00:00:00,0.5837145885771621
8352,86,0.0,0.0,0.0,0.0,0.0,0.08939214795827866,0.29380506968451614,19.999999999999996,2026-06-07 00:00:00,0.157512895171395
8448,87,-133.61875945194737,12328.778328496597,0.0,64.63037977907331,272.0853684222984,0.08712027221918106,0.2882120018886167,19.999999999999996,2026-07-03 00:00:00,0.9917378258166967
8544,88,-128.68581439122488,14142.158334777067,0.0,62.74022136047666,260.38356140553446,0.08489455282688141,0.282073769337224,19.999999999999996,2026-05-29 00:00:00,0.9487441866897722
8640,89,-136.93453884140024,10698.508599613962,0.0,61.413174038003774,297.95009483675796,0.08271302282810211,0.27538920172273446,19.999999999999996,2026-07-10 00:00:00,0.23907615646988056
8736,90,-124.64807286000806,21174.2123579912,0.0,62.65189194576918,243.55497972588552,0.08060230314731598,0.2684999716176271,19.999999999999996,2026-07-07 00:00:00,0.5170848320161254
8832,91,-126.71479340171945,11614.869862475723,0.0,61.93501782124941,255.68836510842496,0.07851085066795349,0.26154544518277617,19.999999999999996,2026-07-23 00:00:00,0.7575033513013844
8928,92,0.0,0.0,0.0,0.0,0.0,0.07653181254863739,0.2545811046372714,19.999999999999996,2026-07-25 00:00:00,0.5625193279625522
9024,93,0.0,0.0,0.0,0.0,0.0,0.07461629807949066,0.24742022062814267,19.999999999999996,2026-05-23 00:00:00,0.3637673120680114
9120,94,-133.17347578125688,8519.488754470553,0.0,61.895327577061614,281.6785395922744,0.07272660732269287,0.24013341687904172,19.999999999999996,2026-06-04 00:00:00,0.3603980460483769
9216,95,-143.10417094093617,10154.995754800853,0.0,65.1104311438953,308.46994838467253,0.07088246941566467,0.23281290171124622,19.999999999999996,2026-07-06 00:00:00,0.5164010654067538
9312,96,-134.13564956212159,10216.92818678376,0.0,62.25715053253891,283.59387126992505,0.06911429017782211,0.22544346240430818,19.999999999999996,2026-06-09 00:00:00,0.8085378264927721
9408,97,-125.26071755526287,14021.17481568876,0.0,60.36061057792886,256.57712923215496,0.06734248995780945,0.21815425646628794,19.999999999999996,2026-05-29 00:00:00,0.5566402436197139
9504,98,-128.24912154412144,22003.836461565323,0.0,63.1996208679208,255.93773981442402,0.065597303211689,0.2111260541007348,19.999999999999996,2026-07-07 00:00:00,0.9485649009523536
9600,99,-141.62314209283423,13839.837215641395,0.0,62.968507147728076,311.3149985237747,0.06392113864421844,0.2045648137447612,19.999999999999996,2026-05-26 00:00:00,0.14725189444811293
9696,100,-127.16130448809366,12780.996621314678,0.0,63.39502473981819,251.6982368837628,0.062279850244522095,0.19860713301934543,19.999999999999996,2026-06-25 00:00:00,0.909801274109284
9792,101,-141.20204407908167,10423.735273759994,0.0,61.97797377880316,312.8820708499723,0.06068539246916771,0.19331939289144923,19.96305611160907,2026-07-06 00:00:00,0.4588152485142831
9888,102,0.0,0.0,0.0,0.0,0.0,0.0591236911714077,0.18853917567254252,19.85577187954778,2026-06-07 00:00:00,0.9852030611029133
9984,103,0.0,0.0,0.0,0.0,0.0,0.05761532485485077,0.18420380991285104,19.686319694034,2026-07-04 00:00:00,0.9939292200439136
10080,104,-164.0201960793414,14867.051633262348,0.0,59.1242856555047,416.7734195672385,0.05614737793803215,0.18017327209020825,19.462804643903187,2026-07-01 00:00:00,0.01989252382861606
10176,105,-142.371729676326,9022.208655719922,0.0,65.09743805175029,305.64838816072745,0.05471909046173096,0.17636351817819493,19.193080570308688,2026-06-04 00:00:00,0.7655050892058425
10272,106,-152.4393061226346,10612.952887397088,0.0,64.83674693142194,345.7057291121855,0.053340259939432144,0.17287160503629112,18.884609226002055,2026-06-08 00:00:00,0.19098326877930039
10368,107,0.0,0.0,0.0,0.0,0.0,0.051976416260004044,0.16953117982565302,18.544358986741873,2026-05-30 00:00:00,0.9541076875138585
10464,108,-146.99237053284617,9362.452977416451,0.0,67.41295798880732,314.0579426571579,0.05064007639884949,0.16628342245531058,18.17873843483229,2026-07-21 00:00:00,0.8790407124944424
10560,109,-133.99570488295603,21686.267172596337,0.0,66.63563780992617,266.252332629598,0.049377765506505966,0.1632350767200827,17.793559584017288,2026-07-07 00:00:00,0.13792810157141844
10656,110,0.0,0.0,0.0,0.0,0.0,0.048119861632585526,0.16016545739535953,17.394025414773765,2026-07-25 00:00:00,0.5434688540602659
10752,111,0.0,0.0,0.0,0.0,0.0,0.0468699149787426,0.15698485709171994,16.984736615807986,2026-06-03 00:00:00,0.4608713979201883
10848,112,0.0,0.0,0.0,0.0,0.0,0.04565919563174248,0.15372566137883908,16.569712870347647,2026-07-28 00:00:00,0.10607239728547935
10944,113,-136.631720317122,10288.56190210644,0.0,57.24342597379023,313.47677797849036,0.04452395439147949,0.15050293307512141,16.152424592262538,2026-07-06 00:00:00,0.821712588637247
11040,114,-137.0403419744604,10083.352292318124,0.0,60.4253822295202,301.99683837383975,0.04340237379074097,0.14733853492933857,15.735831635115673,2026-07-06 00:00:00,0.7389607596882816
11136,115,0.0,0.0,0.0,0.0,0.0,0.0423220619559288,0.1441585071288386,15.322426114389721,2026-05-30 00:00:00,0.09799969921983598
11232,116,-128.91104425057554,10541.647165111966,0.0,56.29807712819197,287.78527184367255,0.04128983989357948,0.14098367591559352,14.914277063851916,2026-07-10 00:00:00,0.9963894683082675
11328,117,-133.64821213596446,15278.915443438418,0.0,59.45444245103683,292.5155600559343,0.04027685895562172,0.1378383079152542,14.51307516977161,2026-06-19 00:00:00,0.5729955166799555
11424,118,-133.18513176574825,12815.436407800984,0.0,61.372735526228574,283.6848608475461,0.039279382675886154,0.13467050670646363,14.120176280706609,2026-07-03 00:00:00,0.7813583525018026
11520,119,-138.94230794244086,10351.017353711099,0.0,65.4187086572178,289.97241607136203,0.038307055830955505,0.13147849726027805,13.73664277286352,2026-06-09 00:00:00,0.2730781499962368
11616,120,-129.7371868559038,11776.4000069605,0.0,61.56511699628632,268.6173706406123,0.03736824914813042,0.1282783235691164,13.363282163967753,2026-07-08 00:00:00,0.9582364853075843
11712,121,-129.80788612292082,12090.826187387078,0.0,65.12114525699778,255.7824667003252,0.03644965961575508,0.12510009607140854,13.000682617811803,2026-07-16 00:00:00,0.49533907117436193
11808,122,-131.03510143840265,6131.56031382642,0.0,27.378614997016925,409.642297824033,0.03553381562232971,0.12199377402450966,12.649245174632005,2026-07-18 00:00:00,0.16597592706676423
11904,123,0.0,0.0,0.0,0.0,0.0,0.03462501987814903,0.11896487898956305,12.309212687324754,2026-07-29 00:00:00,0.5397821089229847
12000,124,0.0,0.0,0.0,0.0,0.0,0.03377179056406021,0.11594037011038208,11.980695548321052,2026-07-26 00:00:00,0.7990745677610558
12096,125,-99.67476439380174,8872.763227076424,19.0,50.78931893563801,192.00217367202998,0.032929979264736176,0.1129374783280768,11.753560069512318,2026-06-16 00:00:00,0.19614912863160772
12192,126,0.0,0.0,0.0,0.0,0.0,0.03209531679749489,0.10992175580809074,11.61190007013718,2026-06-28 00:00:00,0.05978256184516029
12288,127,0.0,0.0,0.0,0.0,0.0,0.03127240389585495,0.10691569577575223,11.543862631077825,2026-06-20 00:00:00,0.0796952903092617
12384,128,-135.34185104665468,14272.217505677598,0.0,62.87395058163307,285.644840360741,0.03047223389148712,0.10395867079650928,11.54060301646999,2026-06-18 00:00:00,0.9620750814327813
12480,129,-140.11939645530666,12935.593417071235,0.0,69.28125730850137,279.4031769158655,0.029696034267544746,0.1010270339082107,11.595560307610766,2026-07-16 00:00:00,0.49111804619780075
12576,130,0.0,0.0,0.0,0.0,0.0,0.02897465229034424,0.09813682035977883,11.703949151332736,2026-07-12 00:00:00,0.6153113529556627
12672,131,-138.55291834111244,9568.592989573135,0.0,58.89896949324219,315.39229055923363,0.028256000950932503,0.09533507736689732,11.862400490833254,2026-06-08 00:00:00,0.6087807622827667
12768,132,0.0,0.0,0.0,0.0,0.0,0.027527978643774986,0.09262487197774309,12.068707370073975,2026-06-28 00:00:00,0.17690055439019758
12864,133,0.0,0.0,0.0,0.0,0.0,0.026832429692149162,0.0899750211041515,12.321646657466493,2026-05-24 00:00:00,0.4529939498195994
12960,134,0.0,0.0,0.0,0.0,0.0,0.02615612931549549,0.08736262539650141,12.620857132608554,2026-07-25 00:00:00,0.829424141334626
13056,135,-130.52367233138048,13672.244593883139,0.0,61.75303929823252,271.10284555002664,0.02550317719578743,0.08483876960506051,12.96676077363454,2026-06-18 00:00:00,0.5357327403627863
13152,136,-185.32799060124256,19276.68115250064,0.0,70.61909326927429,455.82365124512955,0.02486763522028923,0.08242842267753007,13.360518452494572,2026-06-02 00:00:00,0.0312752617340345
13248,137,-137.9849604285312,14471.22330652157,0.0,63.13540172199602,294.9271551235686,0.024266911670565605,0.08012483535808884,13.80401432203307,2026-06-26 00:00:00,0.86876679903028
13344,138,-138.72824936988675,16094.201691908078,0.0,67.13621882911218,283.2436395501904,0.02365798130631447,0.0779317278888408,14.299865425799101,2026-06-30 00:00:00,0.6959872956647861
13440,139,-147.4997693766751,10701.808507432499,0.0,62.38741070212832,337.1231105284022,0.023051569238305092,0.07584391728543663,14.851454781069796,2026-07-06 00:00:00,0.05759519085715936
13536,140,-172.47697145130957,16377.931630536888,0.0,67.73945122346774,415.034104150771,0.022501539438962936,0.07386569323975198,15.462987580304425,2026-07-16 00:00:00,0.0377709225253966
13632,141,-136.9898673083809,14224.865799834002,2.0,68.7650411765518,268.703521775433,0.021973993629217148,0.07199393245299282,16.15437824757197,2026-05-29 00:00:00,0.3778363154207789
13728,142,-122.02654874580233,11069.296105248126,0.0,57.83841987108695,253.27925371011594,0.02145315706729889,0.07023070808945536,16.93251661288212,2026-07-01 00:00:00,0.9255782498192876
13824,143,-128.38902958707826,15880.927293500356,2.0,61.088738951636145,265.6167621575709,0.02095697447657585,0.0685977228356493,17.82271025783717,2026-05-27 00:00:00,0.48965285873315245
13920,144,-124.6892069451772,16129.2830928933,0.0,62.33760107985562,246.24415720224198,0.020467905327677727,0.06711127349741755,18.836280778960205,2026-07-22 00:00:00,0.7454413263681728
14016,145,-131.80462905699284,6565.666496246841,0.0,28.564083557538986,410.3927086057561,0.01996481977403164,0.06574977969994582,19.777767075429267,2026-07-18 00:00:00,0.7332713432977701
14112,146,0.0,0.0,0.0,0.0,0.0,0.019492806866765022,0.06449888348837339,19.999999999999996,2026-06-27 00:00:00,0.5015424466854548
14208,147,-135.29671891651387,9770.037300286234,0.0,62.107958436038984,289.09717327663407,0.01902667060494423,0.0633625523176129,19.999999999999996,2026-07-06 00:00:00,0.4022977642525629
14304,148,-140.4033862105033,9763.706904393412,0.0,62.22467067233654,309.5335757406142,0.01859065145254135,0.06231992629709396,19.999999999999996,2026-06-22 00:00:00,0.790100987994256
14400,149,-127.90695836381288,39680.13710701894,8.0,61.13274902125684,263.07612708831283,0.018151644617319107,0.061402984456482936,19.999999999999996,2026-05-21 00:00:00,0.331995441216432
14496,150,0.0,0.0,0.0,0.0,0.0,0.017769215628504753,0.060596198264886734,19.999999999999996,2026-07-04 00:00:00,0.4067617272407521
14592,151,-143.60259482886244,9248.681969950312,0.0,65.72830846524748,308.4331256620359,0.017393849790096283,0.05988574987198757,19.999999999999996,2026-06-04 00:00:00,0.8644783600364423
14688,152,0.0,0.0,0.0,0.0,0.0,0.017025422304868698,0.05926021284327452,19.999999999999996,2026-06-27 00:00:00,0.2288882485347038
14784,153,0.0,0.0,0.0,0.0,0.0,0.01665966585278511,0.05870969619975617,19.999999999999996,2026-06-07 00:00:00,0.6310240454216876
14880,154,-133.52225636838634,11694.640710981932,0.0,57.8134630182016,300.0556092356435,0.01628461293876171,0.058242563956303554,19.999999999999996,2026-05-28 00:00:00,0.871294558016831
14976,155,-155.7109272509007,10970.859307062789,0.0,66.58539711330332,353.5751281741383,0.015950286760926247,0.05784539108537403,19.999999999999996,2026-07-06 00:00:00,0.0576026803302383
15072,156,-134.97218200334746,11114.070940310336,0.0,65.51278955789971,274.9993092981981,0.015601050108671188,0.05749875574621418,19.999999999999996,2026-05-28 00:00:00,0.8370607751636202
15168,157,0.0,0.0,0.0,0.0,0.0,0.015285792760550976,0.05717677328872891,19.999999999999996,2026-07-28 00:00:00,0.46368917502033724
15264,158,-146.55558747719442,10296.219013052267,0.0,62.196108457287174,334.2128845719186,0.014961382374167442,0.0568688051938809,19.999999999999996,2026-06-22 00:00:00,0.34969116435067915
15360,159,-152.73262575274978,10489.953241883157,0.0,63.380411756993325,353.9927197696698,0.01465529203414917,0.05657321523786761,19.999999999999996,2026-06-22 00:00:00,0.1114017954830191
15456,160,-121.01740220281614,15591.888543661962,0.0,59.404468016393565,243.54430689059933,0.014352759346365929,0.056287749884593896,19.999999999999996,2026-07-02 00:00:00,0.9914745819018309
15552,161,-127.38545687876649,16082.58634266168,2.0,56.70049747743968,279.81402045159757,0.014071173034608364,0.05601402282900503,19.999999999999996,2026-05-27 00:00:00,0.1302551179916266
15648,162,-117.65581932827463,8027.010233047353,0.0,52.38555434636895,258.0829019800799,0.013782236725091934,0.05574677549851776,19.999999999999996,2026-06-01 00:00:00,0.8822691572577839
15744,163,-126.89961233129823,8751.686072154811,0.0,53.51545960309251,290.77098897657174,0.013527101837098598,0.0554758310973205,19.999999999999996,2026-06-01 00:00:00,0.8777906901479641
15840,164,-141.99982128239043,15033.95691531464,0.0,64.59618074627481,306.03234909732504,0.013255182653665543,0.05520031729628256,19.999999999999996,2026-06-26 00:00:00,0.5333077430539006
15936,165,-126.60719638552513,12146.87432163457,0.0,62.073943864499455,255.03616082898787,0.012998990714550018,0.054928383319199754,19.999999999999996,2026-07-16 00:00:00,0.2723191288770819
16032,166,-131.3913485231822,13274.644510877994,0.0,63.008451399900686,270.66015235262597,0.012761037796735764,0.054677415903106666,19.999999999999996,2026-06-25 00:00:00,0.698745230144248
16128,167,-130.24949768657189,10996.796677031469,0.0,60.23436197075294,276.8581369333564,0.012505060993134975,0.05444687370494373,19.999999999999996,2026-05-28 00:00:00,0.8208751085738084
16224,168,-125.85969586505757,10565.43699136178,0.0,62.41505109054221,250.6822138163057,0.01227706391364336,0.05423570494085603,19.999999999999996,2026-07-09 00:00:00,0.3716072009862217
16320,169,-120.39641659500364,15613.840563570911,0.0,59.157510798810826,241.270814855887,0.012052924372255802,0.05401048161770137,19.999999999999996,2026-07-02 00:00:00,0.8334850784026113
16416,170,-119.579248366136,16016.072518876497,0.0,54.81077219357136,255.80714492698263,0.011814187280833721,0.05379366434606925,19.999999999999996,2026-07-22 00:00:00,0.4296422143705625
16512,171,-131.85489690233055,17654.89044268736,0.0,63.19500957936837,269.5476954375564,0.011582929641008377,0.05359532679750571,19.999999999999996,2026-06-12 00:00:00,0.7326671759896186
16608,172,0.0,0.0,0.0,0.0,0.0,0.011372888460755348,0.05341357141805816,19.999999999999996,2026-07-28 00:00:00,0.9608703854696361
16704,173,0.0,0.0,0.0,0.0,0.0,0.011153912171721458,0.05324670326468756,19.999999999999996,2026-05-24 00:00:00,0.6123510748211406
16800,174,-143.39193645831375,9705.41799946675,0.0,61.25640719647984,324.9980093123127,0.010951739735901356,0.05309065853735197,19.999999999999996,2026-06-08 00:00:00,0.8113070755379885
16896,175,-138.41683908974,10679.582358894952,0.0,60.55070439346648,308.08739495868883,0.010736989788711071,0.05294397591356136,19.999999999999996,2026-06-24 00:00:00,0.09655428121862697
16992,176,-127.02576442430555,6507.488093962612,0.0,23.89860327373307,410.62736035543537,0.010509900748729706,0.05279984473485171,19.984110165103143,2026-07-18 00:00:00,0.553841526024659
17088,177,-97.05868060232514,9152.685414070977,2.0,45.546298857574115,202.39050737939132,0.010305805131793022,0.052669678050549826,19.94300729809147,2026-06-16 00:00:00,0.8325078825202848
17184,178,-131.63447774081942,16270.064751051368,0.0,56.465841644208226,297.4700405459437,0.010114967823028564,0.05255964913989101,19.879271955462357,2026-05-27 00:00:00,0.11615110618872104
17280,179,0.0,0.0,0.0,0.0,0.0,0.009912044741213322,0.0524544036317237,19.795332673441443,2026-07-28 00:00:00,0.8514930959937935
17376,180,-132.19140689976004,9024.43020140538,0.0,54.860325824357325,306.21560733988184,0.009729686193168163,0.052345140094182986,19.693460737200727,2026-06-04 00:00:00,0.7143547689309512
17472,181,-144.4394045379841,12630.613063622994,0.0,63.94959195507916,318.77309642769524,0.00953508447855711,0.05222791157156587,19.549237823794627,2026-07-08 00:00:00,0.06147608590732623
17568,182,-156.22049284766513,11679.602910294498,0.0,58.62730401154101,386.1189966412178,0.00934139359742403,0.05210817128205462,19.368031804922456,2026-06-05 00:00:00,0.41759287617423924
17664,183,-151.1590556241177,10483.977900971006,0.0,63.3249372582788,346.9729925458569,0.009153462015092373,0.05198838467751603,19.15494165456232,2026-06-08 00:00:00,0.4365399855497626
17760,184,-134.97256711789902,40508.323189442584,0.0,64.79988360890098,278.17824545342575,0.00897936336696148,0.05190069722942354,18.91475000137807,2026-05-21 00:00:00,0.8900147315026234
17856,185,-122.2781854442122,16688.104736542806,0.0,57.13910580673015,255.9224464188561,0.008833565749228,0.051847610603416854,18.651892112876652,2026-06-12 00:00:00,0.5924520991377211
17952,186,0.0,0.0,0.0,0.0,0.0,0.008706152439117432,0.05180894727852149,18.37043877946922,2026-07-04 00:00:00,0.8382361542254949
18048,187,0.0,0.0,0.0,0.0,0.0,0.008576593361794949,0.05176938623538281,18.074090647790214,2026-07-28 00:00:00,0.9680833678103478
18144,188,-120.11086454075372,15358.21987436903,0.0,56.38358219684371,251.40334678278467,0.008455305360257626,0.051735081429880196,17.766181718486408,2026-05-27 00:00:00,0.8253513109584238
18240,189,-139.88832230027884,17119.838244801816,4.0,62.459050250586486,305.35587314113246,0.0083483150228858,0.051707428971077454,17.49313462052404,2026-07-02 00:00:00,0.10483068007670449
18336,190,0.0,0.0,0.0,0.0,0.0,0.008271628990769386,0.05166541921886998,17.25064783945907,2026-07-26 00:00:00,0.10242517348687774
18432,191,-140.3290948849621,11451.058346788577,0.0,62.392341624382816,308.3099407306302,0.008180814795196056,0.05160255703191406,17.035022997659787,2026-07-27 00:00:00,0.4328564567292056
18528,192,-136.88522720944812,15378.671414445276,1.0,60.097507480973164,302.6516500560278,0.008094134740531445,0.05154047719595378,16.85325980681058,2026-06-19 00:00:00,0.2207473911927681
18624,193,-133.29345162904752,33309.3329561295,13.0,62.288487325915106,280.41042669036557,0.008016312494874,0.051521537608016886,16.832119058636597,2026-05-22 00:00:00,0.9795100235042613
18720,194,-138.89482393313537,15774.501918317732,8.0,61.26490022843086,305.1911679352135,0.007949784398078918,0.0515493387300407,17.031328232768505,2026-06-19 00:00:00,0.20629701009049506
18816,195,0.0,0.0,0.0,0.0,0.0,0.007863586768507957,0.05160583054884096,17.431707510718184,2026-06-28 00:00:00,0.7998032202540708
18912,196,-140.67950857767295,16443.553460722676,0.0,54.814546210314205,339.6357167775811,0.00778095843270421,0.05170125560432662,18.025131645968486,2026-06-26 00:00:00,0.648139287253716
19008,197,-121.71536635580141,10915.946308784058,0.0,56.03423901335931,259.47876528765306,0.007687506265938282,0.05183452483727562,18.792452569004265,2026-07-09 00:00:00,0.6785899824284414
19104,198,-138.82601197015796,9180.27408668816,0.0,61.477489381459485,306.2558791765947,0.007629544008523226,0.05199319841782147,19.741669849053253,2026-06-04 00:00:00,0.8466569914472801
19200,199,-127.00128584030688,11701.947850385814,0.0,58.61623305591925,270.52245380507657,0.007605171762406826,0.0521907578314412,19.999999999999996,2026-07-08 00:00:00,0.3901669820657214
19296,200,0.0,0.0,0.0,0.0,0.0,0.007486721966415644,0.05241215773276326,19.999999999999996,2026-07-28 00:00:00,0.3940972661308758
19392,201,-132.3785448297247,11202.877807197854,0.0,61.59053424224635,280.0838792473859,0.00744527205824852,0.05265379489076786,19.999999999999996,2026-05-28 00:00:00,0.585425737129098
19488,202,0.0,0.0,0.0,0.0,0.0,0.0074108196422457695,0.05289835105728822,19.999999999999996,2026-06-28 00:00:00,0.4271198038441981
19584,203,-137.200310710346,22124.541634351965,0.0,68.47786002635172,270.1605501452587,0.007360202260315418,0.053162002829239684,19.999999999999996,2026-07-07 00:00:00,0.5662441394167781
19680,204,0.0,0.0,0.0,0.0,0.0,0.007338622119277716,0.053386697532052454,19.999999999999996,2026-06-28 00:00:00,0.6635680986686998
19776,205,0.0,0.0,0.0,0.0,0.0,0.007324917241930962,0.05355208839424095,19.999999999999996,2026-07-26 00:00:00,0.5683431075389638
19872,206,-144.46105445851745,9243.147481887008,0.0,64.78630705855878,315.0816891654913,0.007287375628948212,0.053676500771020486,19.999999999999996,2026-07-13 00:00:00,0.26716089939831755
19968,207,0.0,0.0,0.0,0.0,0.0,0.007169115357100964,0.05376357131868405,19.999999999999996,2026-05-30 00:00:00,0.7817394077403201
20064,208,0.0,0.0,0.0,0.0,0.0,0.0071246628649532795,0.053794463553595274,19.999999999999996,2026-06-28 00:00:00,0.24855707764482682
20160,209,-156.3938305695732,16303.949877810566,3.0,64.59213315101383,362.46788920283814,0.007037099450826645,0.05377323885622262,19.999999999999996,2026-06-26 00:00:00,0.07702035346756031
20256,210,0.0,0.0,0.0,0.0,0.0,0.007042393554002047,0.053704933383926456,19.999999999999996,2026-06-28 00:00:00,0.006294814340492394
20352,211,0.0,0.0,0.0,0.0,0.0,0.007038583047688007,0.05357765359454805,19.999999999999996,2026-07-04 00:00:00,0.4497740121051468
20448,212,-147.3678505978385,11523.119826061251,0.0,65.07390918775857,324.5206961857143,0.0070831673219799995,0.05339199578565831,19.999999999999996,2026-07-14 00:00:00,0.35610561069063906
20544,213,-125.20789000499258,15727.238025123148,0.0,59.92990074897423,258.09377859431623,0.007036438677459955,0.05312913167141573,19.999999999999996,2026-05-27 00:00:00,0.6495942658193139
20640,214,-121.88325465817654,15651.248835075045,0.0,61.20753675184255,239.13216865476178,0.007079864852130413,0.05279785670831835,19.999999999999996,2026-07-02 00:00:00,0.5340580299598131
20736,215,0.0,0.0,0.0,0.0,0.0,0.007027425337582827,0.05240661559942541,19.999999999999996,2026-07-26 00:00:00,0.7625816828401422
20832,216,-124.61290446507519,12600.676139608599,0.0,60.41448338240864,254.11283787579262,0.007026410195976496,0.051957959847727254,19.999999999999996,2026-06-25 00:00:00,0.43762849521522384
20928,217,-128.27139146253518,10849.280757335999,0.0,59.28084292266537,272.95632438699164,0.006950384005904198,0.05145979381381447,19.999999999999996,2026-07-15 00:00:00,0.44945187575948065
21024,218,0.0,0.0,0.0,0.0,0.0,0.006942699197679758,0.05090723558124039,19.999999999999996,2026-06-27 00:00:00,0.10948719573358978
21120,219,-129.76913934272275,16241.308738338716,0.0,63.323646132646395,262.1976200094645,0.0070100086741149426,0.05031472728810786,19.999999999999996,2026-07-02 00:00:00,0.26456405959833273
21216,220,-146.44463386256479,10675.617243664674,0.0,64.15163039194086,325.20782638693646,0.007004715967923403,0.049702840072605274,19.999999999999996,2026-07-06 00:00:00,0.10282375708905322
21312,221,0.0,0.0,0.0,0.0,0.0,0.006996640935540199,0.04906179363199441,19.999999999999996,2026-07-29 00:00:00,0.15971472524693386
21408,222,-127.90511627036935,16309.969379158767,2.0,63.10163357869176,254.87362619014198,0.006995963864028454,0.04841737910129113,19.999999999999996,2026-06-12 00:00:00,0.32616807730907815
21504,223,-124.6697640951613,12162.745983547682,0.0,61.7833006099195,248.4672959982627,0.007018635049462318,0.04775998312000485,19.999999999999996,2026-06-25 00:00:00,0.4543434463453001
21600,224,0.0,0.0,0.0,0.0,0.0,0.00701420521363616,0.047093375706125463,19.999999999999996,2026-06-03 00:00:00,0.2999241030898304
21696,225,0.0,0.0,0.0,0.0,0.0,0.00707616563886404,0.0464208894658529,19.999999999999996,2026-06-27 00:00:00,0.4403966148589922
21792,226,-147.64776808477728,10325.971132174662,0.0,61.46878953887172,340.73678423388856,0.007098473608493805,0.045746646987979124,19.999999999999996,2026-06-08 00:00:00,0.3053173878734511
21888,227,-148.11111024692983,10769.409242814256,0.0,61.56944573269247,342.40812248732743,0.007085298653692007,0.04508457494217005,19.999999999999996,2026-06-22 00:00:00,0.21827463407169123
21984,228,-132.47805876593753,16251.846763292733,0.0,60.40161236440316,285.3736302448876,0.006983095780014992,0.04445194398286388,19.999999999999996,2026-05-27 00:00:00,0.13635233915997336
22080,229,-97.42031232064252,36356.97422863262,4.0,49.73058299795053,187.19695656670737,0.007012071553617716,0.043866848879753,19.999999999999996,2026-05-20 00:00:00,0.45298971853198045
22176,230,0.0,0.0,0.0,0.0,0.0,0.007123280316591263,0.043324140786707696,19.999999999999996,2026-06-27 00:00:00,0.5340748837878101
22272,231,-132.81697653239328,12410.298183254825,0.0,61.02524103550751,284.2122205272058,0.0071357740089297295,0.04283142907514238,19.999999999999996,2026-07-23 00:00:00,0.16417145297165214
22368,232,0.0,0.0,0.0,0.0,0.0,0.007157918065786362,0.04237199349696953,19.999999999999996,2026-05-24 00:00:00,0.1588837796095418
22464,233,-118.55279167193498,5506.387227030948,0.0,26.46312703083972,364.83065969212214,0.00723969005048275,0.041932749815427356,19.999999999999996,2026-07-19 00:00:00,0.6369808970371145
22560,234,0.0,0.0,0.0,0.0,0.0,0.0072764134965837,0.04149747673762923,19.999999999999996,2026-07-26 00:00:00,0.5233480046423928
22656,235,0.0,0.0,0.0,0.0,0.0,0.007299467921257019,0.04106654782058093,19.999999999999996,2026-05-30 00:00:00,0.5593887060217524
22752,236,0.0,0.0,0.0,0.0,0.0,0.007373403292149305,0.040629081993230814,19.999999999999996,2026-06-21 00:00:00,0.9062559271833591
22848,237,-145.86697689922255,9554.563712807038,0.0,63.580743448029786,325.31494671536535,0.007392294239252806,0.040185764523049276,19.999999999999996,2026-07-13 00:00:00,0.3190233530313602
22944,238,-136.72664898038826,8953.506704251991,0.0,61.96896320828884,294.1099394071632,0.0074070109985768795,0.03974601057828476,19.999999999999996,2026-07-21 00:00:00,0.6453383495198769
23040,239,-125.54919857833667,12102.60070455153,0.0,59.009539790721625,262.42018710624956,0.0074320100247859955,0.03930684720097546,19.999999999999996,2026-07-03 00:00:00,0.46989535366669033
23136,240,-179.208857160766,12228.353143521548,0.0,64.280912054272,457.11721852507566,0.007409727666527033,0.038870454305899464,19.999999999999996,2026-06-05 00:00:00,0.011760507489868788
23232,241,-142.0231545037545,15267.481839881726,0.0,62.67125700817567,313.35648433311894,0.007275952026247978,0.038449731573322043,19.999999999999996,2026-06-26 00:00:00,0.8068872921221051
23328,242,0.0,0.0,0.0,0.0,0.0,0.007261679042130709,0.03803061163516224,19.999999999999996,2026-06-21 00:00:00,0.028074769739074412
23424,243,-130.5107076819207,9149.175315742508,0.0,50.650304469529026,316.11988116871663,0.0072717866860330105,0.03761147241714868,19.999999999999996,2026-06-01 00:00:00,0.06886566880885692
23520,244,-124.70673406023081,8744.807624315627,0.0,52.516291495155315,285.9994344399227,0.007315374445170164,0.037199888772050035,19.980704689815823,2026-06-01 00:00:00,0.17253657131757527
23616,245,0.0,0.0,0.0,0.0,0.0,0.007242199964821339,0.03679575456414394,19.940044351372755,2026-07-04 00:00:00,0.6779695357389763
23712,246,-137.69683169711286,15171.07154431443,0.0,60.392698454141254,304.9085870149868,0.007212968077510595,0.036402491486824756,19.880234482950286,2026-05-29 00:00:00,0.14212812390727314
23808,247,0.0,0.0,0.0,0.0,0.0,0.007274727337062359,0.03601178091559086,19.8033441012758,2026-07-29 00:00:00,0.5015858966468213
23904,248,-119.78322280353082,21214.05704503865,0.0,61.579619367955836,229.04887499253547,0.007362364791333675,0.035627611594165595,19.71129562819431,2026-07-07 00:00:00,0.4011848067300702
24000,249,-157.42951309680302,11103.195441525231,0.0,61.992712268039185,378.44407369599344,0.007351843640208244,0.03523255487160017,19.559745091474117,2026-06-08 00:00:00,0.059926932350277795
24096,250,-122.43752811762366,21253.093781208812,0.0,59.84766215532175,246.27312354787773,0.007371631450951099,0.03484330957084297,19.35637429535493,2026-07-07 00:00:00,0.21742404353027345
24192,251,-133.36408667045828,14009.969865379962,0.0,62.646446352866164,280.37041323186276,0.007489546202123165,0.03446102302055312,19.108607664123223,2026-06-18 00:00:00,0.5182042399007992
24288,252,-124.38179333867683,12809.275958496999,0.0,58.59601907186554,260.0431773674471,0.007584294304251671,0.03409391648640786,18.82348791000853,2026-06-25 00:00:00,0.7761130994023264
24384,253,-143.17539451606035,11769.407528093448,0.0,63.85609943590414,313.61816398805047,0.007595803122967482,0.033744734779819145,18.507587123792014,2026-07-27 00:00:00,0.23561798868407613
24480,254,-137.04625160690975,15618.175618233243,5.0,58.354455304017044,310.7690196991134,0.007581155747175217,0.033421594019403235,18.2173799444284,2026-05-29 00:00:00,0.3628406060489845
24576,255,-114.63457299070983,37317.47601205133,0.0,55.229224086533485,234.8523764390747,0.007644266821444035,0.033144723955355365,17.949980259973888,2026-05-20 00:00:00,0.12664359203730247
24672,256,-123.56694973196637,15604.271831743454,0.0,59.28354433300606,253.80777419204776,0.0075289588421583176,0.03291825360944743,17.702866482792437,2026-06-12 00:00:00,0.0994741822244245
24768,257,0.0,0.0,0.0,0.0,0.0,0.00747758150100708,0.03273062718813959,17.473829577834596,2026-05-30 00:00:00,0.2946370927033698
24864,258,-147.72460906837358,10111.14264208765,0.0,64.5153631098084,327.60085177252483,0.007580761797726154,0.03257819592938762,17.26092948621546,2026-06-08 00:00:00,0.6195767374554311
24960,259,0.0,0.0,0.0,0.0,0.0,0.007560383528470993,0.03244991498200333,17.062458427361605,2026-07-28 00:00:00,0.13912089286319285
25056,260,-126.9772898343988,16189.053072480707,0.0,60.953687650730274,261.62074627193175,0.007491421420127153,0.03234554012974271,16.876909863413818,2026-07-22 00:00:00,0.9262153637945086
25152,261,0.0,0.0,0.0,0.0,0.0,0.007334812078624964,0.03225355552432474,16.702952145851853,2026-07-04 00:00:00,0.3412574611919934
25248,262,-128.19843854094205,15803.272838591065,0.0,61.49660388291484,263.76305677256204,0.007340931799262762,0.032181952688047376,16.539406051044153,2026-05-27 00:00:00,0.9305974634400441
25344,263,0.0,0.0,0.0,0.0,0.0,0.007277881260961294,0.03212326627314294,16.38522555970021,2026-07-12 00:00:00,0.7729406317358476
25440,264,-140.91272394055125,9093.040115256877,0.0,64.91832824533151,299.9298907932916,0.0072314441204071045,0.03207638326921948,16.239481353471994,2026-07-13 00:00:00,0.38279443007128444
25536,265,-134.38432231538013,10242.781044918973,0.0,62.96873025793979,281.908207682156,0.007186207454651594,0.03204610341334085,16.101346596700537,2026-06-09 00:00:00,0.33758698361969186
25632,266,-134.01146372530707,14268.311752628968,0.0,61.75892736026409,284.09706965434384,0.007130712736397982,0.03203024492075616,15.97008464753509,2026-06-26 00:00:00,0.9688568433673092
25728,267,-128.79859176167105,11521.262269383038,0.0,61.230061094940496,267.6254645889523,0.007035052869468927,0.032034150308909506,15.845038404239087,2026-07-08 00:00:00,0.5886954235041332
25824,268,-131.73517888641732,11814.880063375107,0.0,61.258994824010244,278.8972716557559,0.0070349122397601604,0.03205040011449048,15.725621042453701,2026-07-01 00:00:00,0.31551260195827935
25920,269,-139.0774329043495,15089.242216039394,0.0,62.0675358602798,305.1740201626692,0.007255542557686567,0.03208018715424271,15.611307939872441,2026-06-18 00:00:00,0.5499727917926891
26016,270,-133.50900547093244,15109.267499080936,9.0,59.36026351182403,292.58189512952555,0.007211850490421057,0.03211862465404092,15.5698234286102,2026-05-29 00:00:00,0.1644543008896091
26112,271,-99.26175484383423,35589.771594588114,0.0,53.5828778034513,179.5439178279016,0.007208040915429592,0.03217778703753708,15.593302623027085,2026-05-20 00:00:00,0.9340045961188752
26208,272,-135.21800351783986,6624.402536465335,0.0,32.50202683657441,407.36234034436245,0.007097918540239334,0.03225214273959402,15.675696878260823,2026-07-18 00:00:00,0.8957661079386481
26304,273,0.0,0.0,0.0,0.0,0.0,0.007088914513587952,0.032333300035004356,15.812408785520796,2026-07-28 00:00:00,0.17782294698331946
26400,274,-124.13489948379323,11669.817745544444,0.0,58.48924007616669,259.67076771681735,0.0070659322664141655,0.03241832075317794,15.960675899647073,2026-07-23 00:00:00,0.7615613741565709
26496,275,-127.73323469133398,14022.468169809716,0.0,57.627898523363704,276.45900596227335,0.0070441667921841145,0.03249266251870493,16.12004370108645,2026-06-26 00:00:00,0.7446178462141282
26592,276,-125.31933995056052,16233.793276306866,0.0,59.4860623425146,260.2586520621735,0.007130270358175039,0.03255769880198611,16.290144544745477,2026-07-02 00:00:00,0.6613073528308774
26688,277,-105.20254430504659,9543.392908594495,11.0,51.8034653171469,209.6601011343678,0.007120987866073847,0.032620211030067243,16.562768667231516,2026-06-16 00:00:00,0.05407572586308207
26784,278,0.0,0.0,0.0,0.0,0.0,0.006978701800107956,0.03267415505010823,16.934172093658674,2026-07-28 00:00:00,0.4035969761961209
26880,279,-151.41089740390666,13683.380261222102,0.0,60.013606934864015,363.14656532771534,0.006906003225594759,0.032728908091171634,17.4033128678894,2026-07-09 00:00:00,0.03010839171415647
26976,280,-143.87898070586235,12891.23851437092,0.0,61.17897154095695,327.96100259558216,0.00687711127102375,0.0327823470882082,17.97156630154366,2026-07-01 00:00:00,0.06341083988039375
27072,281,-146.1027276804994,10159.083742847917,10.0,63.08345707182283,327.43232496404136,0.00689531909301877,0.03284105470489707,18.739247142745867,2026-06-22 00:00:00,0.8338515666538073
27168,282,0.0,0.0,0.0,0.0,0.0,0.006756923161447048,0.032894518775402844,19.71577724596313,2026-07-25 00:00:00,0.6925254230993749
27264,283,-136.74762826471,31719.788365031352,6.0,73.10812853951082,250.862488755232,0.006750817410647869,0.03296355989691711,19.999999999999996,2026-05-22 00:00:00,0.895278274469174
27360,284,-134.58658298141452,8856.99538129988,0.0,58.97055871855843,298.88005526773117,0.006763989571481943,0.03304668371290078,19.999999999999996,2026-06-04 00:00:00,0.8204519323064435
27456,285,-140.07771946969788,11137.71365134631,3.0,58.83398776307045,320.79953287306967,0.006800628267228603,0.0331432984715348,19.999999999999996,2026-06-24 00:00:00,0.11035354085491444
27552,286,-139.01085329838412,9006.27293651633,0.0,61.59668406858388,307.16718728657935,0.006925244815647602,0.033248871277543925,19.999999999999996,2026-06-04 00:00:00,0.5749299527611149
27648,287,-136.74888203114617,15535.267810439747,0.0,63.44198632626563,288.1809886157792,0.006864150986075401,0.0333653772212177,19.999999999999996,2026-06-02 00:00:00,0.7508267337084137
27744,288,-145.1116770768691,9308.529071171713,0.0,64.40404067556932,319.1731750654422,0.00682983361184597,0.03349032808185473,19.999999999999996,2026-07-13 00:00:00,0.6378943425771563
27840,289,-131.7869893313674,14318.918422587052,0.0,58.70334866194041,288.87844910351083,0.006726942025125027,0.03362261635419522,19.999999999999996,2026-06-18 00:00:00,0.8616197360713778
27936,290,-128.74013096071124,10466.079660015166,0.0,61.76660248163548,264.46453896495956,0.0066194841638207436,0.03375860384821702,19.999999999999996,2026-07-15 00:00:00,0.15994127229847244
28032,291,0.0,0.0,0.0,0.0,0.0,0.006695676129311323,0.03387366845910958,19.999999999999996,2026-07-29 00:00:00,0.50161731026066
28128,292,0.0,0.0,0.0,0.0,0.0,0.006720430683344603,0.03396507552470628,19.999999999999996,2026-05-23 00:00:00,0.6126017456262495
28224,293,-134.54489266568947,13123.69150593525,0.0,61.05941034535567,290.38314313171895,0.006767815910279751,0.034044086391593835,19.999999999999996,2026-05-26 00:00:00,0.4373239317835226
28320,294,-121.71888583968976,11000.518240447906,0.0,60.81026990395821,241.72591270405454,0.006790683139115572,0.03411137165768687,19.999999999999996,2026-07-08 00:00:00,0.2634864649072819
28416,295,-146.5049850218949,12043.579084470877,0.0,62.97236560584212,331.6075565615678,0.006766005884855986,0.03416661968745812,19.999999999999996,2026-07-27 00:00:00,0.8947861432424269
28512,296,0.0,0.0,0.0,0.0,0.0,0.006767699960619211,0.034199440833536744,19.999999999999996,2026-05-23 00:00:00,0.46769555945827235
28608,297,-124.30698333388428,12501.140338827185,0.0,59.83905706329112,255.19458579817493,0.006669514812529087,0.03421403559727511,19.999999999999996,2026-06-25 00:00:00,0.5698566380731984
28704,298,-136.30065884014567,9936.102193773624,0.0,51.66697485617933,336.1717678641711,0.0066983746364712715,0.034219220151713345,19.999999999999996,2026-06-01 00:00:00,0.13958217329745526
28800,299,0.0,0.0,0.0,0.0,0.0,0.0067611453123390675,0.03420612607216553,19.999999999999996,2026-05-30 00:00:00,0.6393777960482113
28896,300,-130.0172626547598,10573.781714285806,0.0,56.01737341921172,292.8581487987439,0.006691957823932171,0.03417488521392588,19.999999999999996,2026-06-24 00:00:00,0.36790041571833454
28992,301,-137.39695298884348,13255.109440883813,0.0,59.54587372049411,309.04475579372536,0.006882783491164446,0.03412951979964036,19.999999999999996,2026-07-23 00:00:00,0.13591017782317083
29088,302,-130.11499072373437,39247.63438797917,0.0,65.83203560664289,253.79027397030893,0.006925182417035103,0.03409947830981311,19.999999999999996,2026-05-21 00:00:00,0.5285412710987881
29184,303,-141.0545405269126,15787.6402567499,0.0,60.90597771267637,316.56168172994495,0.006927391514182091,0.034071850633325344,19.999999999999996,2026-06-19 00:00:00,0.14598579103782505
29280,304,0.0,0.0,0.0,0.0,0.0,0.0069146594032645226,0.03404006822186383,19.999999999999996,2026-05-23 00:00:00,0.40049473606471275
29376,305,-134.7865877294367,16306.851069808383,0.0,60.8648268944798,290.7022657735168,0.0069760833866894245,0.03400823880246466,19.999999999999996,2026-06-30 00:00:00,0.8210067633281266
29472,306,0.0,0.0,0.0,0.0,0.0,0.006943139713257551,0.03396993338139197,19.999999999999996,2026-07-25 00:00:00,0.8221453387188891
29568,307,0.0,0.0,0.0,0.0,0.0,0.007013462483882904,0.03391471690923603,19.999999999999996,2026-07-26 00:00:00,0.10012353367576177
29664,308,-140.74028903028716,8906.143376694708,0.0,63.027074515885836,308.3809562497954,0.006884040776640177,0.033844043276948906,19.999999999999996,2026-06-04 00:00:00,0.5080783206770658
29760,309,0.0,0.0,0.0,0.0,0.0,0.0069156852550804615,0.0337493705889042,19.999999999999996,2026-06-21 00:00:00,0.9624653084673743
29856,310,-130.73846542748916,10978.135837277558,0.0,60.106103729340916,280.28373675558004,0.006983898114413023,0.03363365913583264,19.999999999999996,2026-05-28 00:00:00,0.4273002528022567
29952,311,-158.9074570756857,19498.04650075771,0.0,61.58827001942939,385.61505202324355,0.006938899867236614,0.033512970084801294,19.999999999999996,2026-06-12 00:00:00,0.007700257497213259
30048,312,-138.19585043627603,9703.350230939399,0.0,63.46983538372671,296.1103589930202,0.007064857520163059,0.03339470344306588,19.999999999999996,2026-07-06 00:00:00,0.21998232953954833
30144,313,-145.0426049175832,10366.113805517085,0.0,62.73189714184873,325.50940040473904,0.007172260899096727,0.03327673912370992,19.999999999999996,2026-06-22 00:00:00,0.4241452369864276
30240,314,-145.49166434037514,13240.614262194016,0.0,63.237531124803695,326.33877867526814,0.007195029873400927,0.033160659220183734,19.999999999999996,2026-07-01 00:00:00,0.0641967368195453
30336,315,0.0,0.0,0.0,0.0,0.0,0.007239020429551601,0.03303802460236776,19.98464302344397,2026-07-25 00:00:00,0.8513288244252423
30432,316,-133.75850583007826,12902.346151153784,0.0,61.93705737245166,284.5261985035854,0.007223021704703569,0.03291846315031376,19.912686859917365,2026-05-26 00:00:00,0.36184565339538766
30528,317,0.0,0.0,0.0,0.0,0.0,0.007261775899678469,0.0327931893837523,19.790434778664018,2026-05-24 00:00:00,0.7627658057651991
30624,318,-103.68843963878552,9148.589362014303,5.0,52.59957010130272,202.16140058724156,0.007178210653364658,0.03266237634956757,19.67163328756674,2026-06-16 00:00:00,0.1983795269606592
30720,319,-116.08065777186272,15140.913157686024,0.0,58.652767408061706,227.6064503311477,0.00723227858543396,0.03253691135193523,19.556003961095183,2026-07-02 00:00:00,0.6989217548452202
30816,320,0.0,0.0,0.0,0.0,0.0,0.007197085302323103,0.03240920544488635,19.443296004987797,2026-07-25 00:00:00,0.4772207833687728
30912,321,0.0,0.0,0.0,0.0,0.0,0.007184624671936035,0.03227077654295185,19.333283370851994,2026-06-21 00:00:00,0.8709744167970971
31008,322,-152.83132844148972,9770.257678620243,0.0,69.76449412921359,328.2059161042266,0.007142541464418173,0.032103485454099745,19.22576218732419,2026-07-21 00:00:00,0.7921108595110713
31104,323,0.0,0.0,0.0,0.0,0.0,0.007122101727873087,0.031900517912751704,19.12054847051956,2026-06-20 00:00:00,0.525990623776437
31200,324,0.0,0.0,0.0,0.0,0.0,0.006980312522500753,0.03166638193777122,19.017476081319135,2026-05-30 00:00:00,0.9238041130178256
31296,325,-121.19359533323816,5554.066372347762,0.0,28.763786469410483,366.69441154613736,0.0068294331431388855,0.03139842306911419,18.916394901167447,2026-07-18 00:00:00,0.30665599532566623
31392,326,0.0,0.0,0.0,0.0,0.0,0.0067243026569485664,0.03110139865620184,18.817169201597366,2026-05-24 00:00:00,0.4363065245858141
31488,327,-124.74210231256495,21764.446190311555,0.0,61.634841001077945,247.8845048988685,0.006785031873732805,0.03079302841176343,18.71967618575097,2026-07-07 00:00:00,0.619722314997937
31584,328,-156.4395497750323,19102.108628005117,0.0,61.774488265404,375.9617611157684,0.006842031143605709,0.030481579999951436,18.62380468280162,2026-05-27 00:00:00,0.03318453545096678
31680,329,-123.43036316425082,6098.543099407985,0.0,26.425078388519264,385.51596410481164,0.006813436280936003,0.030171715228111816,18.52945397846624,2026-07-18 00:00:00,0.6758852177786218
31776,330,-131.47401477591092,10276.035898324646,0.0,60.57344731756436,281.6616640479867,0.00676834536716342,0.02986346204962821,18.43653276677969,2026-07-10 00:00:00,0.9847213228060553
31872,331,-131.2465299849558,30890.290168828742,11.0,73.58277651422819,229.46764427917722,0.006788151804357767,0.029563744184017974,18.43861040463941,2026-05-22 00:00:00,0.8913082282312164
31968,332,-138.8222105449004,10828.646153330743,0.0,64.98463331471744,292.884039674551,0.006804488133639097,0.02927267480093104,18.52624637998242,2026-07-27 00:00:00,0.7515638404666574
32064,333,-131.56759351090076,10512.592894665984,0.0,59.04602275735124,287.3876044763675,0.006748123560100794,0.028989777190734516,18.69245863787754,2026-07-10 00:00:00,0.8808879754658596
32160,334,-133.50588280452254,12934.047827079168,0.0,61.51813425611673,284.45465921342327,0.006771060172468424,0.028714367676049877,18.93224237244029,2026-05-26 00:00:00,0.7348693781538026
32256,335,-96.03471049730565,35264.14348800314,0.0,54.86110134570853,161.9954853030815,0.0066581363789737225,0.028464740215299166,19.242225574263358,2026-05-20 00:00:00,0.61841572003172
32352,336,0.0,0.0,0.0,0.0,0.0,0.006675146520137787,0.028231269286408945,19.620424863103544,2026-06-27 00:00:00,0.8809101673368784
32448,337,-127.48909322557597,11441.343020988892,0.0,60.978836329747764,263.9372847094276,0.006735971197485924,0.028018201600107477,19.999999999999996,2026-07-01 00:00:00,0.7614515885069835
32544,338,-138.6801795327802,12073.11496100415,0.0,61.21012310132066,307.0357056407941,0.006576532498002052,0.027824812162428887,19.999999999999996,2026-05-28 00:00:00,0.48488931049212425
32640,339,-97.68458888500331,8639.401671962532,0.0,50.09377094077435,187.1018830155941,0.006497140042483807,0.027645683314055616,19.999999999999996,2026-06-16 00:00:00,0.9967964790577734
32736,340,0.0,0.0,0.0,0.0,0.0,0.00642512459307909,0.027479319695058988,19.999999999999996,2026-06-27 00:00:00,0.201148599590125
32832,341,-135.2356936250934,16261.824127187663,0.0,62.061545896802066,290.3687708864907,0.006431969814002514,0.027332425647234076,19.999999999999996,2026-05-27 00:00:00,0.11068032329057209
32928,342,-135.36528644149462,15034.904831908609,0.0,61.30116103469242,291.82041812972943,0.006499145179986954,0.027205461298291173,19.999999999999996,2026-06-19 00:00:00,0.380377191601842
33024,343,-119.82608545921343,8171.6659063009765,0.0,52.42542774198012,266.6405024470505,0.006589471362531185,0.027100241663273038,19.999999999999996,2026-06-01 00:00:00,0.9105830269311963
33120,344,0.0,0.0,0.0,0.0,0.0,0.006578423548489809,0.027014423419354436,19.999999999999996,2026-07-04 00:00:00,0.8413324703999817
33216,345,0.0,0.0,0.0,0.0,0.0,0.006598495412617922,0.02694326839526269,19.999999999999996,2026-06-27 00:00:00,0.5349680446435873
33312,346,-124.05071888513598,21875.93502109797,0.0,59.78234926010868,252.2644327281528,0.006553886458277702,0.026895759851814388,19.999999999999996,2026-07-07 00:00:00,0.9874024754547821
33408,347,-174.44495877406416,11367.88409634046,0.0,63.939965280351736,438.29630099999997,0.006662464700639248,0.02686446999509817,19.999999999999996,2026-07-20 00:00:00,0.032734066260543315
33504,348,-134.54635047799692,31472.47447356146,10.0,71.79999814896466,249.21824588910394,0.006564376410096884,0.026853701206700734,19.999999999999996,2026-05-22 00:00:00,0.7966344318283278
33600,349,0.0,0.0,0.0,0.0,0.0,0.006624277215451002,0.026858499090780988,19.999999999999996,2026-07-26 00:00:00,0.14563509557463017
33696,350,-144.7783202978163,14245.745196371809,0.0,58.758073198242165,340.1640288476577,0.006625171285122633,0.026879279209608222,19.999999999999996,2026-07-03 00:00:00,0.056382233041874286
33792,351,-130.56596970790406,13054.333371423927,0.0,59.53822331272808,280.22614086212843,0.006644064094871283,0.026905910700895173,19.999999999999996,2026-05-26 00:00:00,0.4596236735475242
33888,352,0.0,0.0,0.0,0.0,0.0,0.00660667521879077,0.026932596835424004,19.999999999999996,2026-06-07 00:00:00,0.6782287529912534
33984,353,-136.51417166879548,8857.187800427488,0.0,61.585247499556125,297.35331591572617,0.006610506679862738,0.0269585350106294,19.999999999999996,2026-06-04 00:00:00,0.6749503722069415
34080,354,-142.74558972834868,9907.741028570668,0.0,63.0655514002665,314.93664954498234,0.006587391719222069,0.02698232367491278,19.999999999999996,2026-06-22 00:00:00,0.6726110712491735
34176,355,-127.13594508509063,12895.249347873405,0.0,61.14383092120118,261.3074473541004,0.006560774520039558,0.026993194416262117,19.999999999999996,2026-06-25 00:00:00,0.7739678840531796
34272,356,0.0,0.0,0.0,0.0,0.0,0.006532700732350349,0.026992383542467233,19.999999999999996,2026-06-07 00:00:00,0.22235899468621667
34368,357,0.0,0.0,0.0,0.0,0.0,0.00657555740326643,0.02697539365886666,19.999999999999996,2026-05-23 00:00:00,0.6043778992086565
34464,358,-128.59234731643562,22043.745550897398,0.0,62.417906453268266,259.96560709531906,0.006577517371624708,0.026948736604261097,19.999999999999996,2026-07-07 00:00:00,0.666750405581493
34560,359,-147.50765811522254,9241.286378834864,0.0,64.01595939629965,329.11110075697815,0.006569120101630688,0.026913681419119137,19.999999999999996,2026-07-20 00:00:00,0.9019684931097692
34656,360,-130.18158253486428,12499.641035727875,0.0,59.851831713467405,278.23120322001535,0.0066119288094341755,0.02687722647646925,19.999999999999996,2026-07-03 00:00:00,0.6784863207608086
34752,361,0.0,0.0,0.0,0.0,0.0,0.006643209140747786,0.026831538294084443,19.999999999999996,2026-06-07 00:00:00,0.45335276680617675
34848,362,-152.67955310189674,10259.283340126069,0.0,63.19408177027757,353.74452915188454,0.006466538645327091,0.026775239468283408,19.999999999999996,2026-06-08 00:00:00,0.07297068641597337
34944,363,0.0,0.0,0.0,0.0,0.0,0.006523620802909136,0.026705466460661985,19.999999999999996,2026-06-07 00:00:00,0.30432566730388244
35040,364,-128.3851248306472,11860.631321598745,0.0,58.35975913349904,277.16362571736244,0.006571661215275526,0.026629444471469695,19.999999999999996,2026-07-08 00:00:00,0.21955400585314477
35136,365,-118.8262574975928,5747.729021342752,0.0,25.274525166437492,372.2049201663427,0.0066931769251823425,0.02655065844120917,19.999999999999996,2026-07-18 00:00:00,0.6566266762323844
35232,366,0.0,0.0,0.0,0.0,0.0,0.006569943856447935,0.026458899532721555,19.999999999999996,2026-05-24 00:00:00,0.03353792520148968
35328,367,-135.80369876074613,8875.372978924614,0.0,61.73670859981774,293.57547194485966,0.006510748993605375,0.026354445447614457,19.999999999999996,2026-06-04 00:00:00,0.8300564688191041
35424,368,-120.13989166789871,13806.044194286225,0.0,56.84063385173677,250.59606736965867,0.006447067949920893,0.026230377399728215,19.999999999999996,2026-06-19 00:00:00,0.9589775486332959
35520,369,-112.16052571080232,15145.222260090892,0.0,55.16794626399423,224.22678102305835,0.006480054929852486,0.026096174528720918,19.999999999999996,2026-06-12 00:00:00,0.7616552315093669
35616,370,0.0,0.0,0.0,0.0,0.0,0.00659031979739666,0.025946475602810572,19.999999999999996,2026-07-25 00:00:00,0.8024431738529846
35712,371,-126.49607629870891,14008.858050712615,0.0,56.840565185953004,275.9708109884817,0.006667820271104574,0.02578370447778554,19.999999999999996,2026-06-26 00:00:00,0.49345192014730643
35808,372,-131.66571194094982,15675.911508219247,0.0,61.935807202255624,273.9897586115701,0.006645743735134602,0.025616779645819054,19.999999999999996,2026-06-30 00:00:00,0.6379428018398328
35904,373,0.0,0.0,0.0,0.0,0.0,0.006690843962132931,0.02544240430198779,19.965250165148348,2026-07-12 00:00:00,0.5923970325565924
36000,374,0.0,0.0,0.0,0.0,0.0,0.006658498197793961,0.025257292441687465,19.8722865678252,2026-06-21 00:00:00,0.6161888017876997
36096,375,-147.10707085161982,10133.637579058173,0.0,63.18726896257388,331.04574556483163,0.006675821263343096,0.0250618138427214,19.727870476763055,2026-06-08 00:00:00,0.7620432037315366
36192,376,-129.70382833874942,10814.851999962553,0.0,59.92973388161851,275.7421425883401,0.006715523079037666,0.024862249780893315,19.53859371285503,2026-07-15 00:00:00,0.38228409197112945
36288,377,0.0,0.0,0.0,0.0,0.0,0.006678948178887367,0.024659427443081455,19.310768468141827,2026-06-27 00:00:00,0.4067392145424841
36384,378,-140.72182293743538,13872.235563254335,6.0,60.52901246983499,316.1261716809031,0.006672136019915342,0.024450647312642907,19.10801342816381,2026-05-26 00:00:00,0.13529611320257096
36480,379,0.0,0.0,0.0,0.0,0.0,0.006697601638734341,0.02423319495799556,18.927399702703397,2026-06-21 00:00:00,0.008162704502537421
36576,380,-142.13285558273455,13733.346674651475,0.0,59.342909108838256,326.42962081331416,0.006635826081037521,0.02400908275911009,18.766378628500565,2026-07-24 00:00:00,0.8070600753551742
36672,381,0.0,0.0,0.0,0.0,0.0,0.006588909309357405,0.023779600668989764,18.622725573081148,2026-06-07 00:00:00,0.5376168934163126
36768,382,-91.08827622676351,8665.998961816014,1.0,43.775919453926626,185.66612116338553,0.006607947871088982,0.023545277835202025,18.503563145780323,2026-06-16 00:00:00,0.9332002882650775
36864,383,0.0,0.0,0.0,0.0,0.0,0.006676788907498121,0.02330723184199403,18.406093626809174,2026-06-20 00:00:00,0.29109002059654676
36960,384,-121.33907511945333,8266.215621168158,0.0,52.72609116679094,270.941413923486,0.006678441539406776,0.0230650980469505,18.327891335744926,2026-06-01 00:00:00,0.4562655620765754
37056,385,-119.98598036572824,8026.904919723915,0.0,53.264118140301505,263.8706871136567,0.0065951296128332615,0.022820796095693673,18.266846188371865,2026-06-01 00:00:00,0.5055402094019256
37152,386,-108.40629745496238,36710.78004428017,0.0,54.12089900431939,213.5913353836056,0.006527905352413654,0.022588524209332023,18.221117081561776,2026-05-20 00:00:00,0.43205272366539293
37248,387,-124.72918004760011,6016.983565024097,0.0,28.783262719731656,382.09222780518263,0.006436418276280165,0.022366145155642586,18.189093182738418,2026-07-18 00:00:00,0.7651361308073987
37344,388,-150.9731489007094,13887.851898932391,0.0,62.43562615041315,350.9800039143659,0.00647096149623394,0.022152830220798912,18.169361613677985,2026-07-01 00:00:00,0.0630901400061249
37440,389,-145.30002954709266,9493.198143987143,0.0,62.54673711939964,327.2445620380806,0.006342806853353977,0.021945856007136475,18.16068033585609,2026-06-04 00:00:00,0.3632330190503166
37536,390,-148.72379334822713,10389.17941279437,0.0,64.18960197350921,333.0393483685506,0.006386911496520042,0.02174831531349456,18.161955289946434,2026-06-22 00:00:00,0.9523337773559302
37632,391,0.0,0.0,0.0,0.0,0.0,0.006507282145321369,0.021554670965530733,18.172221032876656,2026-05-30 00:00:00,0.3009958690734319
37728,392,-149.80913447468328,10458.462761592482,0.0,64.39508082458809,337.06502041223297,0.00659802695736289,0.021363055834050827,18.190624265030706,2026-06-22 00:00:00,0.329832370696717
37824,393,0.0,0.0,0.0,0.0,0.0,0.006561065558344126,0.02117355298887668,18.216409757457864,2026-07-25 00:00:00,0.03229100755023229
37920,394,-127.14155974719397,10752.36539171198,0.0,60.456096215050216,263.9794498971297,0.006387267727404833,0.02098964836111257,18.248908281609253,2026-07-09 00:00:00,0.18761602875818284
38016,395,-144.03902025388297,11681.770768268336,0.0,58.919369045206416,335.503853970876,0.00637438241392374,0.020811430329610078,18.287526217701842,2026-07-14 00:00:00,0.3159170004456826
38112,396,-134.32909009495802,22176.19744444996,0.0,62.031709452442605,284.56129821680236,0.0064576854929327965,0.020641979644999107,18.331736576517905,2026-07-07 00:00:00,0.12289624821741163
38208,397,0.0,0.0,0.0,0.0,0.0,0.006487085483968258,0.020480463206033916,18.381071216509056,2026-07-25 00:00:00,0.043023929795533156
38304,398,0.0,0.0,0.0,0.0,0.0,0.006463837809860706,0.02032198008031298,18.380343088841325,2026-06-27 00:00:00,0.6319469899667817
38400,399,0.0,0.0,0.0,0.0,0.0,0.006495123729109764,0.020166393109110992,18.33445477168794,2026-06-20 00:00:00,0.8821533477054285
38496,400,0.0,0.0,0.0,0.0,0.0,0.0064394669607281685,0.020009574571784938,18.248246407714703,2026-07-12 00:00:00,0.32483317237515896
38592,401,0.0,0.0,0.0,0.0,0.0,0.006396472454071045,0.019851919485192267,18.126415851882896,2026-07-26 00:00:00,0.8407471325540301
38688,402,-153.97892271669633,11984.966883303667,0.0,61.354069074316065,365.65301668451633,0.006359369494020939,0.019694718393777823,17.964657625337548,2026-06-09 00:00:00,0.04971570569723338
38784,403,0.0,0.0,0.0,0.0,0.0,0.006307440809905529,0.019538161147943215,17.768456710426836,2026-05-23 00:00:00,0.9310706878714189
38880,404,0.0,0.0,0.0,0.0,0.0,0.006287816446274519,0.019380140938360206,17.54298706703351,2026-06-28 00:00:00,0.0721693750246728
38976,405,-137.06234510119413,9155.469709894947,0.0,58.77223128019362,310.0120548638083,0.006282364949584007,0.019221402841174854,17.29306509658885,2026-06-04 00:00:00,0.9506929868685103
39072,406,-138.51940814008796,13462.63504178652,2.0,62.83747670694814,298.9538657220969,0.0063040731474757195,0.01905609681416973,17.03907706142927,2026-05-26 00:00:00,0.3196112201555015
39168,407,-128.91783679186122,6160.137837479762,0.0,30.1423016919823,391.46156571781745,0.006343009416013956,0.018885389003900712,16.782469426228374,2026-07-18 00:00:00,0.6958305942704694
39264,408,-153.2582534334596,16763.739366177546,0.0,64.13409630956284,352.3748930430666,0.006423375569283962,0.018711031383326047,16.524510297673803,2026-06-26 00:00:00,0.22728294758422685
39360,409,-144.4998645060587,10002.069188763415,0.0,64.3507395563517,316.85755306703726,0.00651260232552886,0.018533958246706794,16.266304437539713,2026-06-22 00:00:00,0.8404253566498056
39456,410,-131.38521498535658,15461.706372197068,0.0,63.72436639393942,266.84232778382074,0.006591862998902798,0.018356133768195608,16.008807920566866,2026-06-30 00:00:00,0.4722045438669856
39552,411,-120.70528684507615,8251.994733540814,0.0,51.64082942871737,273.0755172395063,0.006530966144055128,0.018180027642962483,15.752842230634931,2026-06-01 00:00:00,0.7816288002789814
39648,412,0.0,0.0,0.0,0.0,0.0,0.006493714638054371,0.0180032486310317,15.499107649434192,2026-06-21 00:00:00,0.6189003818022155
39744,413,-124.78618064086986,12339.485538254612,0.0,62.3309242413989,247.1706412965519,0.006540683563798666,0.017829153218802917,15.248195841502273,2026-06-25 00:00:00,0.8047687214621504
39840,414,-134.1337942925774,10685.487332546052,0.0,63.74634341804675,277.88621033426483,0.006595815531909466,0.017657719772928744,15.000601579423602,2026-07-27 00:00:00,0.7265885750707903
39936,415,-126.7398848684609,11140.267766890338,0.0,59.254573376689756,267.2298588275258,0.006693840492516756,0.01748881461517028,14.756733584516443,2026-07-09 00:00:00,0.5255167214763641
40032,416,-120.57759093022167,15191.757939119398,0.0,60.50275973532329,237.82215904229244,0.006637250073254108,0.017320875801159354,14.516924482708708,2026-07-02 00:00:00,0.38125644180649065
40128,417,-141.66992575516517,11885.933438601025,0.0,62.1154381394145,314.7121118020447,0.006634525489062071,0.01715672121522507,14.281439893684517,2026-05-28 00:00:00,0.10906154440805482
40224,418,-125.69351385603466,12244.705701566714,0.0,61.253740920851385,254.30423640221196,0.006627319846302271,0.016998820063907023,14.050486684807014,2026-07-16 00:00:00,0.9820162174868913
40320,419,-131.22952929253546,12448.43600370395,0.0,59.480750494280265,284.082767163631,0.006657260004431009,0.016849301149498067,13.824220430705633,2026-07-23 00:00:00,0.3157430529202724
40416,420,-122.88343809833914,10861.726424817798,0.0,57.92385759302426,256.8361839753425,0.0067399777472019196,0.016709624879445537,13.602752125551843,2026-07-09 00:00:00,0.7719507315389376
40512,421,-126.13292230005229,16497.89848166136,0.0,61.32532161973302,254.07536189851277,0.0067235492169857025,0.016582176864524248,13.386154198614678,2026-06-12 00:00:00,0.7432735704242548
40608,422,0.0,0.0,0.0,0.0,0.0,0.006711815949529409,0.0164631851542648,13.174465885257884,2026-05-30 00:00:00,0.845988400318759
40704,423,-144.330580251133,9321.799839646419,0.0,64.93604964493566,313.6398348106897,0.006442034151405096,0.01635364991843986,12.967698005589499,2026-07-21 00:00:00,0.4589833547803419
40800,424,-118.91692195931857,5109.19773445007,0.0,31.630973564136266,347.4034963653123,0.006328221410512924,0.016253580881642322,12.765837201893158,2026-07-19 00:00:00,0.20616394741891253
40896,425,0.0,0.0,0.0,0.0,0.0,0.006308171898126602,0.016160163325017,12.568849684075065,2026-06-07 00:00:00,0.36993610594493553
40992,426,-178.25303875915452,14945.666535645645,0.0,58.26767717425715,477.51819223660425,0.006318892352283001,0.016073001653528082,12.368023472154476,2026-07-10 00:00:00,0.007026761139303672
41088,427,0.0,0.0,0.0,0.0,0.0,0.006327780894935131,0.01599026302511755,12.164686381251759,2026-06-27 00:00:00,0.7718940632405962
41184,428,0.0,0.0,0.0,0.0,0.0,0.006264909636229277,0.015908305049536824,11.96000080867763,2026-05-30 00:00:00,0.513087305035448
41280,429,-149.54749895831654,10346.762747389923,0.0,64.22576567997719,337.15325768187233,0.006277468986809254,0.015827179343292756,11.75497706965983,2026-06-22 00:00:00,0.14642167080755164
41376,430,-140.1789052951893,9176.709905969165,0.0,61.375417505112786,312.2094040553267,0.00627884641289711,0.015745683667911254,11.550486702486436,2026-06-04 00:00:00,0.5073757869541693
41472,431,-129.67441158608275,40263.03377077662,0.0,62.34751664559971,265.8676266545925,0.006352050695568323,0.01566990249510885,11.347275468699902,2026-05-21 00:00:00,0.8665506789665851
41568,432,-119.93994645965206,10308.57875092694,0.0,57.530523946869266,247.38687581841666,0.006393200717866421,0.015601152614786428,11.14597584629915,2026-07-15 00:00:00,0.7486606763817989
41664,433,-141.59276487889665,10894.851952801208,0.0,62.782967429080536,311.1812925259526,0.006441561039537191,0.015538426029664218,10.947118874064188,2026-06-09 00:00:00,0.16474995689601724
41760,434,0.0,0.0,0.0,0.0,0.0,0.006460438948124647,0.015479142226474679,10.751145254260775,2026-05-23 00:00:00,0.8492358300808965
41856,435,0.0,0.0,0.0,0.0,0.0,0.006543674971908331,0.01542093649308491,10.558415660384942,2026-06-27 00:00:00,0.2392049756022715
41952,436,-119.92501124522113,10325.987564918236,0.0,56.311524502565426,251.45046352766067,0.006534813437610865,0.015362849252988156,10.36922022756572,2026-07-15 00:00:00,0.3187422773489835
42048,437,-135.02931749100395,9697.181403144144,0.0,62.97866596703527,283.53729390463167,0.006555783562362194,0.015304512393081622,10.18378722701494,2026-07-06 00:00:00,0.282926106421296
42144,438,-133.2023960655977,16175.214199850401,0.0,63.308044571719456,276.31714353178666,0.006618918851017952,0.015246691071008844,10.002290943664388,2026-06-30 00:00:00,0.5651419624539645
42240,439,-143.11354851440217,14237.219838574081,0.0,61.704322495407204,321.02317852482133,0.006599814165383577,0.01518968169091659,9.824858788922608,2026-07-03 00:00:00,0.594246740427721
42336,440,-116.02481392053042,7927.277430641855,0.0,49.72751881603063,261.52856044272227,0.006552042439579964,0.015132914244455831,9.651577689252923,2026-06-01 00:00:00,0.2843719426688791
42432,441,-85.19711396143775,8470.892952874769,6.0,40.10403046415376,177.66205006561935,0.006385324988514185,0.01507499479858639,9.498115998909629,2026-06-16 00:00:00,0.42269660471669246
42528,442,-124.16327594298468,8503.537255588262,2.0,52.36213080113015,283.59980996737255,0.0063170637004077435,0.015017566308541893,9.367058718596672,2026-06-01 00:00:00,0.13082422107023117
42624,443,-137.69610545120298,12935.86692288595,0.0,59.70282085056044,307.3427184413375,0.006389893591403961,0.014961235420601968,9.255527362700787,2026-07-24 00:00:00,0.6623588123544757
42720,444,0.0,0.0,0.0,0.0,0.0,0.006432144436985254,0.014905039599641016,9.161078306988637,2026-06-07 00:00:00,0.475943539162763
42816,445,-126.70932598157958,13681.505500694526,0.0,57.368517104025585,274.74335503965716,0.00621706573292613,0.014851333107613282,9.081626766941545,2026-06-18 00:00:00,0.6997278391722567
42912,446,-124.5996350997249,11066.609897334272,0.0,59.25871559650659,258.7956937038258,0.006019615102559328,0.01479921571895807,9.015385918215948,2026-07-09 00:00:00,0.9988982491648564
43008,447,0.0,0.0,0.0,0.0,0.0,0.005955462343990803,0.014748543019325872,8.96081781105787,2026-05-30 00:00:00,0.4839781815113916
43104,448,-135.35638334232223,10649.198327723345,1.0,62.13539356345552,289.1936063048135,0.005828849505633116,0.014700971671345214,8.91889080478877,2026-07-14 00:00:00,0.4905707667084631
43200,449,-183.8468766988198,14680.084081791982,0.0,57.968619909921884,501.114849307506,0.005827693734318018,0.014656911848048812,8.888194342949378,2026-07-10 00:00:00,0.0015358820203807966
43296,450,-131.6185206771138,15526.995865758225,0.0,63.16715279391707,270.41774291455994,0.005805890075862408,0.014617060033405151,8.867511058031837,2026-06-30 00:00:00,0.40160858062630933
43392,451,-134.35769415613808,8863.474207928859,0.0,58.38910627057571,300.5962131934311,0.0058425432071089745,0.014575782377417395,8.855786783446215,2026-06-04 00:00:00,0.477193080985557
43488,452,-132.5737627650475,10770.467090982474,0.0,57.67436297735921,296.20067273694144,0.005945020820945501,0.01453332675264516,8.852105930361592,2026-07-10 00:00:00,0.43797016793318067
43584,453,-135.1941319349044,9703.224103452592,0.0,62.25049219345865,287.7809032795398,0.005930060520768166,0.014489644417460944,8.855671152118823,2026-07-06 00:00:00,0.43996055326422956
43680,454,0.0,0.0,0.0,0.0,0.0,0.005943533033132553,0.014444889252050123,8.86578645614919,2026-06-28 00:00:00,0.33126911540364834
43776,455,-121.88281945900287,15873.969716103878,0.0,62.681461706254666,233.2173887920655,0.005884198937565088,0.014401779842333037,8.88184310425326,2026-06-12 00:00:00,0.9202653195889611
43872,456,-128.59859907690532,12582.363378468457,0.0,61.64206441425519,265.77557787702665,0.005875986535102129,0.014360523646724289,8.90330778096733,2026-07-16 00:00:00,0.8990954153460471
43968,457,-127.34363626165177,11124.144938649506,0.0,61.61000215102416,260.33007025175306,0.005909327883273363,0.01432116935452358,8.929712617005059,2026-07-09 00:00:00,0.666695637651635
44064,458,-147.4715599459924,9348.063758376044,0.0,64.03704324865734,330.3516515046173,0.005892880726605654,0.014282433880449414,8.960646738097369,2026-07-20 00:00:00,0.5444452068985465
44160,459,-133.82567560554367,10347.484304959593,0.0,61.187042669595094,288.19740503621057,0.005855822004377842,0.014243645394584099,8.995749074667128,2026-06-24 00:00:00,0.2762370046542687
44256,460,-176.13451925557285,43961.83746645272,0.0,63.65012536901852,445.95604048436365,0.005770971532911062,0.01421056262765746,9.03470221892781,2026-05-21 00:00:00,0.01790338948411896
44352,461,-123.76704330263948,21316.542501056083,0.0,63.70683711005082,236.63267616198783,0.005761913955211639,0.014184632163707396,9.062848915316373,2026-07-07 00:00:00,0.8186361228270335
44448,462,-137.8497520984268,15350.853748041718,1.0,57.07186277932182,319.0494600584254,0.005799149628728628,0.014166200614066985,9.078731366092429,2026-06-26 00:00:00,0.4464040945364658
44544,463,-143.48683256415157,9506.193434444813,0.0,62.63802536168622,320.26228461200066,0.005831132177263498,0.014153960224014852,9.083476136629868,2026-07-21 00:00:00,0.99466669231911
44640,464,-148.72536877773058,16342.67279116175,0.0,59.63842584831381,352.2835647561062,0.005939266178756952,0.014149876739217478,9.078150438132166,2026-06-19 00:00:00,0.062848273183441
44736,465,0.0,0.0,0.0,0.0,0.0,0.005914486479014158,0.014150975261478073,9.063758590671997,2026-06-07 00:00:00,0.09332273254909973
44832,466,0.0,0.0,0.0,0.0,0.0,0.0058511109091341496,0.014154993517781439,9.041240234992085,2026-06-21 00:00:00,0.377183782939044
44928,467,0.0,0.0,0.0,0.0,0.0,0.005869080778211355,0.014161650339909813,9.011469949830802,2026-06-27 00:00:00,0.44999105896360514
45024,468,0.0,0.0,0.0,0.0,0.0,0.005866828374564648,0.014168994838595378,8.97287285990798,2026-06-20 00:00:00,0.4597780060682416
45120,469,-141.91768095896188,9687.776012688231,0.0,61.25399613921162,319.6372888270805,0.005863673519343138,0.014176164376092008,8.92647653101369,2026-06-08 00:00:00,0.3002054104134412
45216,470,-153.24751795267932,17703.25774937975,0.0,62.44190819836936,360.03273963402023,0.005872812587767839,0.014183526257620684,8.87323212114662,2026-05-27 00:00:00,0.03197149938617738
45312,471,-165.81855238721946,13208.318139043704,0.0,59.73647435813821,421.4017189420981,0.005843911319971085,0.014191762054329392,8.814015699292044,2026-07-10 00:00:00,0.03176625348153472
45408,472,-122.16844249623814,15815.660842589412,0.0,59.65173488938429,246.90032732815132,0.005881121847778559,0.01420160325751024,8.749630495283123,2026-07-22 00:00:00,0.3332065484680402
45504,473,-130.28721469269956,30818.390277751736,0.0,71.80848609579986,230.90093032292054,0.005890324246138334,0.014216312174973272,8.680809838814179,2026-05-22 00:00:00,0.8225938322685452
45600,474,0.0,0.0,0.0,0.0,0.0,0.0058814301155507565,0.01423543666184472,8.60822058547899,2026-05-23 00:00:00,0.3084574039985192
45696,475,-141.69488783119786,10398.065018358038,0.0,63.2284677832907,310.92959819771846,0.005948503036051989,0.014257682450763618,8.532466863208917,2026-07-06 00:00:00,0.34088598483414667
45792,476,-159.4940151517024,34063.67026358585,0.0,68.59458570914502,360.5197435614178,0.006062345113605261,0.0142862880816532,8.454094003675316,2026-05-22 00:00:00,0.026100972062712335
45888,477,-135.29560300966853,9418.56867458652,0.0,63.39591486693919,284.3025864983924,0.006051408126950264,0.014320412492478287,8.373592550256788,2026-07-06 00:00:00,0.8173941402226957
45984,478,-124.88506342032657,12675.561490360495,0.0,60.24514845450509,255.80749915855887,0.005954329390078783,0.014360135660457709,8.291402257321383,2026-06-25 00:00:00,0.5804425885506549
46080,479,-130.32649824247684,14068.82626482299,0.0,58.89331833096554,283.0671471349384,0.005987341515719891,0.014405613997478818,8.207916015168163,2026-06-18 00:00:00,0.6125999936210011
46176,480,0.0,0.0,0.0,0.0,0.0,0.00592046556994319,0.01444899039007871,8.123483651372815,2026-06-28 00:00:00,0.765838828388109
46272,481,-132.7736663235319,12789.75403934771,0.0,56.08583703213099,302.51412663768747,0.005749944597482681,0.014489033118603629,8.038415572857181,2026-07-24 00:00:00,0.40297922042304135
46368,482,-138.4394380038172,9073.198319889809,0.0,62.01255058113244,302.1339824996375,0.005726981442421675,0.014524990013591099,7.951069746690293,2026-07-21 00:00:00,0.7866390059609584
46464,483,-134.1070344722426,15700.659709042691,0.0,62.97905077380854,281.1770570351564,0.005773927550762892,0.014558307242349291,7.861959432498475,2026-06-02 00:00:00,0.47391499978056295
46560,484,-138.8313139335812,9230.04658269245,0.0,60.84226726093223,309.01632489540634,0.005786029621958733,0.014588012478131074,7.7715417680402386,2026-06-04 00:00:00,0.2898610461110943
46656,485,0.0,0.0,0.0,0.0,0.0,0.005734859965741634,0.014614447065731914,7.6802222237494435,2026-06-07 00:00:00,0.8613664742371004
46752,486,0.0,0.0,0.0,0.0,0.0,0.00578761612996459,0.01463792144638374,7.588358924227523,2026-05-24 00:00:00,0.09053695662580519
46848,487,-132.38872616440844,15354.792699795635,0.0,62.66817718067611,275.33338673860004,0.005795818753540516,0.014661404438457013,7.496266791538157,2026-06-02 00:00:00,0.5536362143547361
46944,488,-131.33393110352748,10114.486473400004,0.0,62.13200245098148,273.41390448996395,0.00576779106631875,0.014686683506237898,7.404221478949142,2026-06-09 00:00:00,0.31720432092744744
47040,489,-136.44042100075384,8989.235740724615,0.0,60.48132623576171,301.0592025592607,0.005691115744411945,0.01471348261912638,7.312463074960217,2026-06-04 00:00:00,0.9852613830021009
47136,490,-124.40914689033583,15694.276629525839,0.0,62.901986176350874,243.48377691459035,0.00550485122948885,0.014741319455569347,7.2211995664140805,2026-07-02 00:00:00,0.83603458892776
47232,491,-138.31017682296613,9524.09072548306,0.0,60.23609270726247,309.1865481955799,0.005456360522657633,0.01476945593854093,7.130610056544715,2026-06-05 00:00:00,0.5680323890260053
47328,492,0.0,0.0,0.0,0.0,0.0,0.005411798134446144,0.014795042206881742,7.0408477392739375,2026-05-23 00:00:00,0.31822065315280224
47424,493,-126.83721815457817,9919.808363816957,0.0,59.448260871577496,266.6258191292406,0.005421569105237722,0.014814558388547219,6.952042635192016,2026-06-24 00:00:00,0.8607553948613821
47520,494,-139.04935589371274,13347.041378760163,0.0,62.66731509306948,303.2529187494335,0.0054908073507249355,0.014830988552903643,6.86430409768615,2026-07-16 00:00:00,0.08901958907039975
47616,495,0.0,0.0,0.0,0.0,0.0,0.0055386824533343315,0.014842741366653924,6.777723099814978,2026-05-30 00:00:00,0.3838608450854114
47712,496,-126.87598271194477,15820.762244828184,0.0,57.00967558116068,276.7095633389514,0.005514043383300304,0.014846946769528442,6.692374313942037,2026-05-27 00:00:00,0.17088512138706335
47808,497,-122.13117253053827,10083.24926550974,0.0,58.673315223154766,250.80316820667946,0.005455960053950548,0.014844456019451656,6.608317996983661,2026-07-15 00:00:00,0.6383289492356532
47904,498,0.0,0.0,0.0,0.0,0.0,0.005532017443329096,0.014833618610399514,6.525601694520892,2026-07-04 00:00:00,0.5972689110994548
48000,499,0.0,0.0,0.0,0.0,0.0,0.005579437594860792,0.01481271241317216,6.444261777073269,2026-05-30 00:00:00,0.46545767298778096
48096,500,-122.56574320243288,5700.436981863208,0.0,28.87432017214182,372.431529519261,0.005627765785902739,0.014783810590558128,6.364324821619604,2026-07-19 00:00:00,0.641106629437842
48192,501,0.0,0.0,0.0,0.0,0.0,0.005599499214440584,0.014745444226393102,6.285808851045956,2026-06-03 00:00:00,0.05425048921910536
48288,502,-139.32369771521832,8893.658835218423,0.0,63.295575839838286,300.67875553347096,0.005526317283511162,0.014698609957102999,6.208724443659909,2026-07-13 00:00:00,0.8921835962889185
48384,503,-122.60307845435592,5648.541268597631,0.0,29.348043873054714,370.5606966393841,0.005516075994819403,0.014642457037469275,6.133075724277444,2026-07-19 00:00:00,0.7701170812501509
48480,504,0.0,0.0,0.0,0.0,0.0,0.005436187144368887,0.014576421126641743,6.05886124769937,2026-07-12 00:00:00,0.8880770933387925
48576,505,-124.41496075759319,10913.42154272099,0.0,60.89204611953384,251.84723298156126,0.005458190105855465,0.014503606220401444,5.986074784676112,2026-07-09 00:00:00,0.9518460537211391
48672,506,-134.9598499201952,8966.128396830962,0.0,59.34222735363617,299.0098987886708,0.0055189491249620914,0.014426430060220171,5.9147060197335435,2026-07-21 00:00:00,0.4700436808710168
48768,507,-127.36429294393544,16413.34946680493,0.0,61.37039942331332,261.0023006246038,0.0054483190178871155,0.014345662386959224,5.844741169514542,2026-07-22 00:00:00,0.2996000057234931
48864,508,-119.8794769000857,5514.110882037953,0.0,29.117977642980307,361.1740663644122,0.005462582688778639,0.014261024422294094,5.776163529592708,2026-07-19 00:00:00,0.9624107747054862
48960,509,-128.88981816096893,10871.952989897534,0.0,58.581032490937616,278.54117133321034,0.005440429784357548,0.014173390839118194,5.70895395704448,2026-07-15 00:00:00,0.1462763043249553
49056,510,-128.16016449168802,13382.790903618272,0.0,61.24122790993218,264.4565378057018,0.005427023861557245,0.014082837309703045,5.643091295429421,2026-06-26 00:00:00,0.8097613932609853
49152,511,0.0,0.0,0.0,0.0,0.0,0.0054251039400696754,0.013988252781905025,5.5785527482291775,2026-06-07 00:00:00,0.09210170558720077
49248,512,-136.17588771175156,8612.22702229331,0.0,63.314813673031516,288.6406797674806,0.005401109345257282,0.013891660108529307,5.515314206235532,2026-06-04 00:00:00,0.4018126650064471
49344,513,-144.3982382838293,9636.807643476288,0.0,64.33510818247672,316.8166620306276,0.00534657621756196,0.013793391138161562,5.453350533857543,2026-06-08 00:00:00,0.6983385537349108
49440,514,-191.2243233114692,14792.719617041334,0.0,70.80008173814367,478.7587196255443,0.005263657309114933,0.013694020066692998,5.392635818836891,2026-07-27 00:00:00,0.005787986487553298
49536,515,-138.94218147034172,6981.0998003250825,0.0,30.380878570824887,430.47184916855775,0.0052689434960484505,0.013594922169108695,5.333143589418051,2026-07-18 00:00:00,0.9327912986951731
49632,516,-123.0984526544772,16278.374299861249,1.0,56.379485832068404,264.1341755747932,0.005280631594359875,0.013496277244965995,5.2757262162606,2026-07-22 00:00:00,0.25166632396269284
49728,517,-142.36339418061988,11375.727993768054,0.0,61.30325439990583,320.61556897416773,0.0051909033209085464,0.013398369431083452,5.220233220527756,2026-07-10 00:00:00,0.33331162497387046
49824,518,-139.00365342822093,11130.053007069328,0.0,61.54768523743598,306.9876378922886,0.005154740530997515,0.013302929372664606,5.166528406684166,2026-06-24 00:00:00,0.10963076809576322
49920,519,-148.88330108145828,11579.801730864212,0.0,61.978064560315865,344.3185347018548,0.005097103770822287,0.013211514086077914,5.114488355008474,2026-06-09 00:00:00,0.07403882154451247
50016,520,-129.42711845882775,14210.039292257252,1.0,62.28732459392947,265.54396204613596,0.005111631937325001,0.013125008254888954,5.064814722026527,2026-05-29 00:00:00,0.33198763886225446
50112,521,-127.08109484038123,16332.66887528215,0.0,60.42174171091558,264.27628142406246,0.005129867233335972,0.013045305861257529,5.017295290562339,2026-07-22 00:00:00,0.6994486913898131
50208,522,-128.30753147397752,14168.291807763411,0.0,62.58238307020482,259.56342824562995,0.005178689956665039,0.012972447250159757,4.9717402052585,2026-05-29 00:00:00,0.8230086155138548
50304,523,0.0,0.0,0.0,0.0,0.0,0.005156212951987982,0.012904897114314603,4.927979417914125,2026-07-28 00:00:00,0.15935728222074008
50400,524,0.0,0.0,0.0,0.0,0.0,0.005051689688116312,0.012842103159424955,4.885860451650644,2026-06-03 00:00:00,0.13240683365157258
50496,525,-148.77065020998958,9267.911384208115,0.0,64.98530677982824,331.9217459943252,0.004953456576913595,0.012783342846447861,4.845246439748725,2026-07-20 00:00:00,0.9091997008578516
50592,526,-126.09021228821946,10054.53159154,0.0,57.87192321799432,270.44737913408426,0.004993295297026634,0.012728356168040357,4.806014401811437,2026-06-24 00:00:00,0.45073192885436575
50688,527,-92.22936096838424,8497.081386010062,1.0,45.80191957203886,182.52861371456228,0.00495783518999815,0.012675663934423795,4.768779964382833,2026-06-16 00:00:00,0.6721504420013932
50784,528,-126.17060136953532,11019.884046199815,0.0,56.40261363289224,276.5686205784334,0.004962198901921511,0.01262580263913891,4.7333506003428285,2026-07-15 00:00:00,0.3442980119601007
50880,529,0.0,0.0,0.0,0.0,0.0,0.00488125067204237,0.01257700700721964,4.69955449631949,2026-07-29 00:00:00,0.8588896258614608
50976,530,0.0,0.0,0.0,0.0,0.0,0.0048306966200470924,0.01252737772767276,4.667238160001056,2026-07-12 00:00:00,0.5947750924923695
51072,531,-125.24038237815144,11405.332125641055,0.0,60.18303125895971,257.64961416397506,0.0047742463648319244,0.012478577922818788,4.636264330041834,2026-07-08 00:00:00,0.713194482224406
51168,532,-153.87011072128928,13907.691513366548,0.0,64.63456630672205,353.7581384067909,0.004811039660125971,0.012431256605416316,4.606510145884221,2026-07-03 00:00:00,0.0457774777794403
51264,533,-138.80855736935618,15982.481863692137,0.0,63.011838896493614,300.3940558204326,0.004830406047403812,0.012386123904333584,4.577865541549709,2026-06-02 00:00:00,0.4458932130087697
51360,534,-129.58767369960333,11913.313484178796,0.0,62.445031107132515,265.58514402745686,0.004847180563956499,0.01234258521745024,4.55023183301097,2026-07-03 00:00:00,0.2107919370440675
51456,535,-144.44797833035952,9385.219576622148,0.0,64.4556845317347,316.8704922923324,0.0048981006257236,0.012300806713732989,4.523520473365806,2026-07-13 00:00:00,0.18638433670178534
51552,536,0.0,0.0,0.0,0.0,0.0,0.0049080559983849525,0.012258492276128765,4.497000130442985,2026-07-25 00:00:00,0.28753238732290676
51648,537,-119.16793473027899,5688.637693880469,0.0,25.066250726790834,372.66116881365696,0.0049291690811514854,0.012214987324564597,4.470677968999972,2026-07-18 00:00:00,0.4802072141677012
51744,538,0.0,0.0,0.0,0.0,0.0,0.004921249579638243,0.012169013550978207,4.4445600332657325,2026-07-29 00:00:00,0.5851821729517737
51840,539,-127.49566071476615,9994.124800656504,0.0,59.54881177525855,269.3404503321395,0.004935731180012226,0.012120672935109251,4.418651365499215,2026-06-24 00:00:00,0.8663207478369066
51936,540,0.0,0.0,0.0,0.0,0.0,0.004916535224765539,0.012068455768653265,4.392331304557083,2026-07-26 00:00:00,0.09117691718172805
52032,541,-121.67798991972958,5512.484963416345,0.0,29.676532650128024,364.57654453955615,0.0048811971209943295,0.012011475432245823,4.365679111365688,2026-07-18 00:00:00,0.7483280193946741
52128,542,-126.42703259701067,11599.597436473003,0.0,60.453171979159805,260.96167319311485,0.004830291029065847,0.011950006852744671,4.338765794263279,2026-07-08 00:00:00,0.5982149504303561
52224,543,-118.33544153676257,15355.069254173985,0.0,55.8526173963904,247.2632208925327,0.0048230732791125774,0.0118865351781846,4.31165486715769,2026-05-27 00:00:00,0.8858917106030632
52320,544,-123.63777352892994,21540.23607169391,0.0,62.32267020381761,241.32457778958945,0.00486126309260726,0.011824005040645843,4.284403046866921,2026-07-07 00:00:00,0.8358464219563214
52416,545,-132.78429045433887,14130.219523448599,0.0,61.93446809966041,281.42559968433693,0.004851153120398521,0.011762960606540763,4.257060893003667,2026-06-18 00:00:00,0.5310917186053088
52512,546,-121.71009076749417,12047.70984739159,0.0,59.25889457025428,247.34676423551974,0.004764612764120102,0.01170352870776815,4.229673393901818,2026-07-16 00:00:00,0.8804607863373021
52608,547,-122.51949232091728,15499.45369590183,1.0,64.02823786524418,231.4098770302728,0.004765696357935667,0.011646416120626507,4.202280502126073,2026-06-12 00:00:00,0.3115874313875946
52704,548,-120.94870421106135,5786.434501445469,0.0,26.985698302778786,372.9344459571072,0.0048087346367537975,0.01159078631699426,4.174917623077742,2026-07-19 00:00:00,0.1718422919360657
52800,549,-137.67141299075166,10590.354650008741,0.0,63.5830432679719,294.12861317580166,0.004976209718734026,0.011537763823697703,4.147616060128597,2026-07-10 00:00:00,0.43761724520540823
52896,550,-123.56807957106973,12567.593987791857,0.0,59.11428791755658,255.55146325658703,0.004986152518540621,0.011488562433564234,4.120403419594939,2026-06-25 00:00:00,0.6621574083765966
52992,551,-126.82422866076895,12694.877211091884,0.0,61.69758412360686,257.8095993354156,0.005009237211197615,0.011442937164832951,4.09330397871757,2026-06-25 00:00:00,0.2826037576728103
53088,552,-118.49201166201412,5406.637579636565,0.0,29.286435944031872,353.0320774446292,0.004921756684780121,0.011399540183817865,4.066339019649323,2026-07-18 00:00:00,0.7826671015467064
53184,553,-126.49666280838898,11333.012820186716,0.0,60.52580875650732,262.4818806219297,0.004819360561668873,0.011357619959608586,4.039527132277424,2026-07-08 00:00:00,0.26872101387574143
53280,554,0.0,0.0,0.0,0.0,0.0,0.004777797032147646,0.011315684413300046,4.012884488528995,2026-06-20 00:00:00,0.02259014456797559
53376,555,-128.87428775975135,39721.19494612679,3.0,63.2900032334227,258.8443311187667,0.004767664708197117,0.011277191875764005,3.9879977454712296,2026-05-21 00:00:00,0.2869656286897907
53472,556,0.0,0.0,0.0,0.0,0.0,0.004764269571751356,0.011241785781200586,3.9646860729195956,2026-07-25 00:00:00,0.9957557497232645
53568,557,-119.29349414950829,15979.874303826899,0.0,55.325865659205014,253.8864796957147,0.004765189718455076,0.011210299795797612,3.9427885536375196,2026-07-22 00:00:00,0.39424125364048224
53664,558,-138.53915702867107,10526.130235347517,0.0,62.381283858968715,301.7158379819178,0.004734676796942949,0.011183498558521568,3.922161822020793,2026-06-09 00:00:00,0.07135208976109875
53760,559,-135.55564410033332,8642.628832336854,0.0,61.6303185027127,292.2629139860833,0.0046788486652076244,0.011160742908472219,3.902678012323532,2026-06-04 00:00:00,0.28958281511390416
53856,560,-125.38845842024232,10761.722291588469,0.0,61.513971049718165,253.12773152925658,0.0046364073641598225,0.011142806788416454,3.8842229708341613,2026-07-09 00:00:00,0.49980623193768425
53952,561,0.0,0.0,0.0,0.0,0.0,0.0046357703395187855,0.01112858414962073,3.8666946939330304,2026-06-27 00:00:00,0.5508967514573754
54048,562,0.0,0.0,0.0,0.0,0.0,0.004682219121605158,0.011116414231136507,3.850001960119513,2026-05-30 00:00:00,0.2647923326633309
54144,563,0.0,0.0,0.0,0.0,0.0,0.004680105019360781,0.01110439373494798,3.83406312915388,2026-06-27 00:00:00,0.0568171940071065
54240,564,-134.47809751370238,8627.82559585974,0.0,60.34531707618931,293.53831217689185,0.0046482812613248825,0.011091084515876733,3.81880508563006,2026-06-04 00:00:00,0.5144573152296003
54336,565,-143.70244152474433,17079.46673556362,0.0,58.6906808788188,338.1754672216777,0.004676589276641607,0.011076944814296222,3.804162307748077,2026-05-27 00:00:00,0.04311863630361634
54432,566,-97.5436429583277,36226.63579140056,0.0,50.5640291463547,183.90406701045774,0.004674234893172979,0.01106472133964305,3.790076044923913,2026-05-20 00:00:00,0.923027037672319
54528,567,0.0,0.0,0.0,0.0,0.0,0.004636500030755997,0.011052516719477488,3.7760179799340965,2026-06-20 00:00:00,0.9135672006487302
54624,568,0.0,0.0,0.0,0.0,0.0,0.00453966436907649,0.011039695135331661,3.7619941640715235,2026-06-20 00:00:00,0.38904052298051917
54720,569,0.0,0.0,0.0,0.0,0.0,0.004495371598750353,0.01102516006532275,3.748009969013499,2026-07-28 00:00:00,0.1299536087029013
54816,570,-132.9372287351182,13911.437708724934,0.0,62.61192470047435,279.33449198243403,0.004493142943829298,0.011009236686299937,3.734070154487098,2026-06-26 00:00:00,0.3052377946731021
54912,571,-125.55607015946124,12367.180305691192,0.0,61.795484841489916,251.67952682093284,0.004586673807352781,0.01099203518317763,3.7201789293448755,2026-06-25 00:00:00,0.8825295973854708
55008,572,-130.01663463246734,6251.507279280083,0.0,25.658777914683906,413.5326976152364,0.004524590447545052,0.010973783476229163,3.7063400066803736,2026-07-18 00:00:00,0.0999113038756203
55104,573,-120.37548828629488,15550.873656478485,0.0,61.64364878933015,232.55633912543254,0.0045334342867136,0.010955053528668431,3.6925566535548158,2026-06-12 00:00:00,0.8518280956105048
55200,574,-167.51446802758136,11384.215779065593,0.0,56.619241371270135,440.4722470002708,0.004528663586825132,0.010937135013500427,3.6788317358533194,2026-06-01 00:00:00,0.004060139599921464
55296,575,-114.13065292685293,14711.881619285383,0.0,61.819033413747285,207.22693446889014,0.004483717028051615,0.01091723904369198,3.663811541713744,2026-06-12 00:00:00,0.9481031673725421
55392,576,-140.4632307022164,16211.520945959483,5.0,60.795683202233754,315.16175210707263,0.004465653095394373,0.010897328254735213,3.6498970844929866,2026-06-02 00:00:00,0.07035896712411627
55488,577,-125.12852073218218,21703.446141175235,0.0,63.03886746778221,244.7255441755492,0.0044547258876264095,0.010878026009959664,3.6369743668056635,2026-07-07 00:00:00,0.33411076541565055
55584,578,0.0,0.0,0.0,0.0,0.0,0.004489065147936344,0.010858142074409436,3.624941635545912,2026-07-26 00:00:00,0.723822912377529
55680,579,-128.66397552664333,12886.537135585073,0.0,58.06872738741859,278.7616964180957,0.004510257393121719,0.010838197367799195,3.6137079857158203,2026-05-26 00:00:00,0.9340924339768059
55776,580,-90.00656317633505,8429.808819695247,1.0,43.39353848125279,183.19615513389806,0.004530313890427351,0.010817954035230238,3.603631386607701,2026-06-16 00:00:00,0.8594617966741378
55872,581,0.0,0.0,0.0,0.0,0.0,0.004499971866607666,0.010797448715031013,3.594591519712516,2026-06-28 00:00:00,0.13179438426296475
55968,582,-126.960765180326,6171.204331227448,0.0,26.905786067131075,395.77100144365863,0.0044060819782316685,0.010777370908236376,3.58648108874308,2026-07-18 00:00:00,0.1294659985895601
56064,583,-117.80068094394194,5405.347514075834,0.0,28.393975882022453,355.18320421471,0.004380259197205305,0.010758254768741175,3.579204315917663,2026-07-19 00:00:00,0.25452635202749674
56160,584,-126.28847088291415,16161.34529144783,0.0,59.700292118116145,263.8158569163591,0.004348445683717728,0.010740802278066798,3.5726756289256896,2026-07-22 00:00:00,0.21061562466557926
56256,585,-134.52862022561456,16677.57601920077,0.0,59.00165023164851,299.33930807264795,0.0043011982925236225,0.010724802043905543,3.5668185114419906,2026-05-27 00:00:00,0.08250684948054088
56352,586,-127.34853568251445,15837.710733913247,0.0,61.492047899692494,260.8074573383517,0.004295113496482372,0.010707956513860249,3.561564494401034,2026-05-27 00:00:00,0.9875592701943929
56448,587,-136.18500249747308,10746.522942222146,0.0,62.559178673338636,291.2384516786416,0.004315969999879599,0.01069148779307203,3.5568522688164883,2026-07-14 00:00:00,0.9041578108646146
56544,588,0.0,0.0,0.0,0.0,0.0,0.004381448030471802,0.01067536015548922,3.5526269038826688,2026-06-20 00:00:00,0.5953988631758406
56640,589,-120.79258964569291,8402.331887459486,0.0,51.43123573347607,275.0635706696457,0.004398235585540533,0.010660422535774068,3.5488391565409785,2026-06-01 00:00:00,0.5140893993991013
56736,590,-132.28823955011606,39937.69799978121,0.0,66.10344349663244,261.19231775555386,0.00441762525588274,0.01064928029930134,3.5454448607304068,2026-05-21 00:00:00,0.608173259386465
56832,591,0.0,0.0,0.0,0.0,0.0,0.004418375436216593,0.01064025404085,3.542404386241888,2026-06-03 00:00:00,0.07419603256898832
56928,592,-115.05392155896914,14875.877259728692,0.0,59.963712093190566,218.44197587522552,0.00445589842274785,0.010634032724044963,3.5396821585222975,2026-06-12 00:00:00,0.26709268876336234
57024,593,-127.47170757953165,15799.649306799613,0.0,61.45075651680689,261.7140979684325,0.004504026845097542,0.010630361652043518,3.5372462319739446,2026-05-27 00:00:00,0.79816417255918
57120,594,-126.91238273796029,11786.093061933352,0.0,61.481500783331455,259.3975151692026,0.00456500519067049,0.010629029675033666,3.535067910308984,2026-07-23 00:00:00,0.8235637361892387
57216,595,-150.72038450984647,12411.242895497679,0.0,61.858716211748785,352.0897715444628,0.004582666791975498,0.010629565265911403,3.533121408377318,2026-07-27 00:00:00,0.05164604808548212
57312,596,0.0,0.0,0.0,0.0,0.0,0.004557025618851185,0.010630084419999557,3.529241523651968,2026-06-03 00:00:00,0.8256172816491211
57408,597,-145.49871464408645,10586.50842239582,0.0,58.898094752101734,343.5902411236307,0.004578405525535345,0.010629420823299452,3.523625790765066,2026-06-22 00:00:00,0.9946293883354808
57504,598,0.0,0.0,0.0,0.0,0.0,0.004507299046963453,0.01062769056858129,3.516455450224308,2026-07-29 00:00:00,0.5889818220238222
57600,599,0.0,0.0,0.0,0.0,0.0,0.004478864371776581,0.010623642781621,3.5078964145996245,2026-07-04 00:00:00,0.1074947372411672
57696,600,-124.02289402279305,22057.25303757648,0.0,60.21971978403053,250.81350663952546,0.004460734780877829,0.010618941662113782,3.497677021212005,2026-07-07 00:00:00,0.901695239533339
57792,601,-138.55218298591677,11068.926806592588,0.0,62.20978839766324,301.2642713670769,0.004409726709127426,0.010614817345536744,3.4859823898442364,2026-07-14 00:00:00,0.8676375441968633
57888,602,-137.9332940790046,15836.977477417777,8.0,61.350578138473644,302.585594379297,0.004406312946230173,0.010612230329981044,3.476331606943741,2026-06-02 00:00:00,0.13517081812261045
57984,603,-159.184651971825,11030.983156993187,0.0,61.48934392098471,387.07135497325106,0.004404428880661726,0.010611621401796972,3.4685083965702237,2026-07-13 00:00:00,0.049005438174652194
58080,604,-135.0430838727928,8865.308291726818,0.0,60.082185273198384,297.4319347977174,0.004416818730533123,0.010612026302136231,3.4623215397531393,2026-07-13 00:00:00,0.5741822775576378
58176,605,-136.95808095572315,40022.02151919315,0.0,65.12274342274836,282.68405938186925,0.00442593265324831,0.010615812577286944,3.457601679476744,2026-05-21 00:00:00,0.16522808869890937
58272,606,-121.01603114427121,15770.723039962457,0.0,58.78302733550859,246.89953082245728,0.004397363401949406,0.01062264668589455,3.4541985861162634,2026-07-02 00:00:00,0.22763016235344613
58368,607,0.0,0.0,0.0,0.0,0.0,0.004472958855330944,0.010631097527276989,3.4519788080133673,2026-07-04 00:00:00,0.2416807654642762
58464,608,-123.63910527950057,12234.037934321626,0.0,59.206191052658255,255.77112922405885,0.00448673265054822,0.010642316114185955,3.450823645642287,2026-07-16 00:00:00,0.5719771574984415
58560,609,-96.45574044389585,35823.237844998315,4.0,50.93475234596761,178.05711666309466,0.00445227324962616,0.010658975331693486,3.4522872818069144,2026-05-20 00:00:00,0.21130133692419473
58656,610,-126.51250943826392,30779.42982549832,0.0,68.44573552773484,229.321238745259,0.004454581532627344,0.010679595959003276,3.4561171181034074,2026-05-22 00:00:00,0.9926327022848743
58752,611,-137.61785800727498,10674.599996375804,0.0,62.76370574735382,294.88133398325294,0.004437887575477362,0.01070497928030387,3.4620917663677613,2026-07-14 00:00:00,0.18977749157347068
58848,612,-126.63666597699216,16019.251191322282,5.0,59.91509262509652,264.01430541037735,0.004372114781290293,0.010734837594908266,3.472116536118641,2026-05-27 00:00:00,0.9058410567174698
58944,613,0.0,0.0,0.0,0.0,0.0,0.004371503833681345,0.01076706828707361,3.4858426445256487,2026-06-07 00:00:00,0.32576048740278984
59040,614,0.0,0.0,0.0,0.0,0.0,0.004292265512049198,0.01080018804535071,3.5029711938603985,2026-06-28 00:00:00,0.8405727291536609
59136,615,0.0,0.0,0.0,0.0,0.0,0.004198873415589333,0.010832765405821516,3.523246031236672,2026-07-12 00:00:00,0.6165675045500685
59232,616,-117.72806690515692,9780.605877425061,6.0,58.9697866593479,231.82005943828537,0.004264363553375006,0.010865962563645231,3.549076886482627,2026-07-15 00:00:00,0.84741921796026
59328,617,-120.2230726364966,16098.409383364587,0.0,57.519964289135636,248.33039304878056,0.004320201463997364,0.010900368831785827,3.5801014116518934,2026-07-22 00:00:00,0.8748462612078802
59424,618,-156.69941531623672,12555.872417181312,0.0,59.86487664046346,384.013583260946,0.004333029501140118,0.010937327735028174,3.616024355808951,2026-07-14 00:00:00,0.036930325626949756
59520,619,-126.3108908690463,12562.575426741636,0.0,59.81464585062402,264.2414060980516,0.004275405313819647,0.01097808416915015,3.6566083820359356,2026-07-16 00:00:00,0.8149571388109225
59616,620,0.0,0.0,0.0,0.0,0.0,0.004287711810320616,0.011019805691976088,3.701666688838128,2026-06-20 00:00:00,0.3418148759029055
59712,621,-122.96561486992721,15285.576873185424,1.0,60.21929964015871,248.42067322310777,0.004443505313247442,0.011062935704500983,3.7515451953718073,2026-05-27 00:00:00,0.817728350096226
59808,622,0.0,0.0,0.0,0.0,0.0,0.004439445212483406,0.01110553313599584,3.802102867068596,2026-05-24 00:00:00,0.7439740108378076
59904,623,0.0,0.0,0.0,0.0,0.0,0.004385598935186863,0.01114637186972931,3.8534223621193737,2026-05-24 00:00:00,0.7919547436053025
60000,624,0.0,0.0,0.0,0.0,0.0,0.00446297088637948,0.011184575057599075,3.905584246365978,2026-07-26 00:00:00,0.6193218041448463
