step,episode,return,cost_comfort,cost_vent,fan_kwh,coil_kwh_th,alpha,lam_comfort,lam_vent,date,lam_dr
96,0,-149.79084268900598,15536.717677790732,0.0,64.5182112652309,335.61994697055223,0.971595823764801,1.0,1.0,2026-06-25 00:00:00,0.42332644897257565
192,1,-148.52590784339787,13758.767837856647,0.0,63.852325459867465,332.6177317062335,0.9440130591392517,1.0,1.0,2026-07-01 00:00:00,0.7827604679261685
288,2,0.0,0.0,0.0,0.0,0.0,0.9172011017799377,1.0,1.0,2026-05-30 00:00:00,0.35102386263458685
384,3,0.0,0.0,0.0,0.0,0.0,0.8911584615707397,1.0,1.0,2026-06-03 00:00:00,0.8615793288939493
480,4,0.0,0.0,0.0,0.0,0.0,0.8658643364906311,1.0512710900811113,0.9512294260954222,2026-07-26 00:00:00,0.28380239863237033
576,5,-138.24109570773385,14330.751870897326,4.0,64.52704834912383,288.26238145170345,0.8412749767303467,1.098316343780507,0.9575607346516395,2026-06-26 00:00:00,0.3961064626087849
672,6,-146.03465314529154,13654.402348927928,4.0,63.132234335514994,324.9546693346093,0.8173859715461731,1.149205959037701,0.987019683414616,2026-07-24 00:00:00,0.3422514539903797
768,7,-130.67399282183064,12016.66926782215,5.0,59.38992511201742,277.9382636872463,0.7941982746124268,1.2041548999236602,1.0253112452228628,2026-07-08 00:00:00,0.24850168001187267
864,8,0.0,0.0,0.0,0.0,0.0,0.7716588377952576,1.262918447967312,1.069365510548334,2026-06-28 00:00:00,0.8426267670549912
960,9,-137.87966344029178,21966.47948358756,0.0,68.4925249028725,271.70207310866795,0.7497760057449341,1.325533425990901,1.1178059519255998,2026-07-07 00:00:00,0.2509043791169674
1056,10,-153.94792426394713,17158.053182798463,0.0,67.6088709496713,339.27947591692293,0.7285276651382446,1.391942674117567,1.1699506450901052,2026-06-02 00:00:00,0.7080282063122164
1152,11,-156.29804105593797,10691.606387817586,0.0,63.6677014859108,364.7398866960164,0.7079071998596191,1.4627641520491712,1.2254192692950827,2026-06-04 00:00:00,0.8021387118032729
1248,12,0.0,0.0,0.0,0.0,0.0,0.6878793239593506,1.5382114486157956,1.2839817377217664,2026-07-28 00:00:00,0.2464685248707037
1344,13,-141.83593961605388,41053.8002151828,1.0,64.6397057256493,302.4715459569484,0.668424129486084,1.6179308940529915,1.34593089135946,2026-05-21 00:00:00,0.36701059044466433
1440,14,-134.41117573093425,13002.077685201539,3.0,56.70535590566308,304.70969875180657,0.6495360732078552,1.7028538277083751,1.4122271014099599,2026-07-08 00:00:00,0.4377045405814164
1536,15,-137.0633638912759,40715.71627913445,0.0,63.62017887688224,287.5451568659593,0.631192684173584,1.7925721730156199,1.4827523156155669,2026-05-21 00:00:00,0.9279693195160548
1632,16,-143.07914516524096,14623.510286840778,0.0,63.10281665444727,313.26048446380497,0.6134166717529297,1.8882911115888665,1.5574525330917344,2026-06-25 00:00:00,0.8267187926265982
1728,17,-150.10404014467684,16128.92091404456,3.0,63.714939780755714,338.70825589314114,0.5961551070213318,1.9906778918369037,1.6373283953545883,2026-06-18 00:00:00,0.5734472061777176
1824,18,-142.75946223372418,16730.03117930299,1.0,62.4632077429133,314.968407157185,0.5793696045875549,2.100288897459601,1.7226784960715795,2026-06-30 00:00:00,0.32337721576892076
1920,19,0.0,0.0,0.0,0.0,0.0,0.5630577206611633,2.2175832003975966,1.8135563149105995,2026-07-29 00:00:00,0.4062477741541459
2016,20,-147.3157122514818,12516.797246104286,9.0,60.79962839002677,339.6137245165403,0.5472124218940735,2.343032027093188,1.9117954810641529,2026-07-27 00:00:00,0.4633228012303384
2112,21,0.0,0.0,0.0,0.0,0.0,0.5317268371582031,2.476838157224311,2.0177907393513927,2026-06-20 00:00:00,0.7552922076196017
2208,22,-120.9844709384836,15889.432754572903,42.0,53.90163102932096,262.5496973665912,0.5167001485824585,2.620140362621998,2.1210654660900032,2026-05-27 00:00:00,0.20693743138977705
2304,23,0.0,0.0,0.0,0.0,0.0,0.5020701289176941,2.773637538852103,2.2322912666568957,2026-07-26 00:00:00,0.8953370057255919
2400,24,0.0,0.0,0.0,0.0,0.0,0.4878651797771454,2.9381030597929456,2.353499092410658,2026-05-23 00:00:00,0.40832336639420574
2496,25,-117.33080515429496,16166.294904200999,0.0,52.51498215948814,253.55227124690416,0.4740836024284363,3.11445104410213,2.4856727853103076,2026-07-02 00:00:00,0.9851475831171779
2592,26,-126.25107207177774,15629.224151790604,43.0,53.24501514709617,287.0945343270727,0.46067917346954346,3.303686939120667,2.6261474711446198,2026-06-12 00:00:00,0.002520534144889508
2688,27,-81.79330873381531,35898.24467467812,24.0,39.00345480703676,166.579061191933,0.44772836565971375,3.507461497425003,2.776310497079285,2026-05-20 00:00:00,0.8518343329898008
2784,28,0.0,0.0,0.0,0.0,0.0,0.435121089220047,3.7268864503692885,2.939188279981224,2026-06-07 00:00:00,0.9317318978627311
2880,29,-131.37816212588035,12533.458093154833,0.0,57.71200428657458,289.9817778097021,0.42292916774749756,3.962895692781122,3.1162806315837095,2026-07-24 00:00:00,0.8161648865616052
2976,30,-140.46553457611913,9518.296776416511,0.0,61.296674631176614,310.5101002248778,0.41107669472694397,4.216507546507116,3.308744777835309,2026-06-05 00:00:00,0.9420683276592541
3072,31,-135.21822698082119,12611.392980376022,0.0,63.53774504175762,280.3484827985512,0.3995667099952698,4.4893436155422455,3.517705185898923,2026-07-03 00:00:00,0.8602833438262704
3168,32,0.0,0.0,0.0,0.0,0.0,0.3883915841579437,4.783063843797152,3.7443608065003686,2026-05-30 00:00:00,0.6401103577224783
3264,33,-118.69783193890756,10665.198630185863,0.0,46.100101969607344,285.854520151381,0.37751418352127075,5.096924915355507,3.990003868862725,2026-07-14 00:00:00,0.3403920197759168
3360,34,-131.24428554959024,11933.964692383133,0.0,62.77306179188337,268.70611914451666,0.3669334053993225,5.432926230938097,4.255971563586236,2026-07-08 00:00:00,0.45378675420210657
3456,35,0.0,0.0,0.0,0.0,0.0,0.3566800057888031,5.7865893717193,4.543899279529665,2026-06-27 00:00:00,0.17554731069557972
3552,36,-140.23745640190845,12936.330416453311,0.0,61.425084182867934,309.441565351406,0.3467329442501068,6.159900428122827,4.855606465974391,2026-07-24 00:00:00,0.3981269103323889
3648,37,-128.27924025527994,16870.44682022326,8.0,56.016103509136286,283.4808196684049,0.3370925784111023,6.555636014040091,5.193432529441562,2026-07-02 00:00:00,0.13981713788607208
3744,38,0.0,0.0,0.0,0.0,0.0,0.32772335410118103,6.971577894717551,5.559531055516812,2026-06-03 00:00:00,0.16801231312639642
3840,39,0.0,0.0,0.0,0.0,0.0,0.3186355233192444,7.410553046204148,5.9563674324396105,2026-07-04 00:00:00,0.11653150644838661
3936,40,-125.37671116378421,10348.554293574998,0.0,60.526661645282154,255.14966681039616,0.3098653554916382,7.874806242338312,6.38571237010945,2026-07-15 00:00:00,0.45985590330482073
4032,41,-135.68133074396783,13835.0070371973,0.0,54.26885714601136,320.5169664139162,0.3013259172439575,8.37342638237768,6.850649562503807,2026-05-26 00:00:00,0.07919485390231362
4128,42,-137.63583372344607,11768.186757409383,0.0,58.41013967654141,313.2653439599304,0.29306676983833313,8.908562173740725,7.343695393936193,2026-07-27 00:00:00,0.3929091029426286
4224,43,-136.1088836515424,11307.878350026294,0.0,60.563578708918165,297.254796261509,0.28498128056526184,9.48929150593579,7.868555663928069,2026-05-28 00:00:00,0.3771936627402631
4320,44,-134.11619190627013,12622.794985392433,0.0,59.92006092968969,291.0686225498482,0.2771390974521637,10.12494870678155,8.42932514799914,2026-07-24 00:00:00,0.9044857157079337
4416,45,0.0,0.0,0.0,0.0,0.0,0.26953935623168945,10.8136694124354,9.030508699887683,2026-07-12 00:00:00,0.09420475435030096
4512,46,-126.74484583861828,16108.85752441806,0.0,61.23422270330751,258.7544514262123,0.2621507942676544,11.561335168476216,9.644108126090353,2026-07-22 00:00:00,0.6068978764065305
4608,47,-130.20347280701031,12933.713287264813,0.0,56.42549332328112,289.3394738950406,0.2550223767757416,12.359623891380263,10.241318098042122,2026-07-03 00:00:00,0.6885223563858179
4704,48,0.0,0.0,0.0,0.0,0.0,0.24805960059165955,13.215140772175902,10.819845121866743,2026-06-27 00:00:00,0.8859525485803674
4800,49,0.0,0.0,0.0,0.0,0.0,0.24129562079906464,14.123037963266075,11.377977790821376,2026-05-23 00:00:00,0.8273906698011273
4896,50,0.0,0.0,0.0,0.0,0.0,0.23469267785549164,15.078852719884592,11.914534651141697,2026-06-27 00:00:00,0.4450874509866629
4992,51,-137.77830297534155,13072.80452407525,7.0,65.16377458017239,286.83159193496573,0.2283221185207367,16.090337047973286,12.444017045465339,2026-05-26 00:00:00,0.17372762911914474
5088,52,0.0,0.0,0.0,0.0,0.0,0.22217321395874023,17.165491872475894,12.967408923478196,2026-06-03 00:00:00,0.05731637478910534
5184,53,-136.40257062540206,12110.111476730202,0.0,60.71109998266217,299.18262854221473,0.21620959043502808,18.315766212199268,13.485912069592274,2026-07-09 00:00:00,0.1354559457433968
5280,54,-128.72890714615738,22208.94479698705,0.0,59.00322225719892,274.97491041928845,0.21040770411491394,19.56920154017364,14.000910157665693,2026-07-07 00:00:00,0.15023458893289288
5376,55,0.0,0.0,0.0,0.0,0.0,0.2047690898180008,19.999999999999996,14.513938319408213,2026-07-28 00:00:00,0.3502802722786751
5472,56,-133.09154790038272,9146.201439167458,0.0,64.88144091251611,270.33556969675556,0.1992778480052948,19.999999999999996,15.026658249943234,2026-07-06 00:00:00,0.9618875098729293
5568,57,0.0,0.0,0.0,0.0,0.0,0.1939759999513626,19.999999999999996,15.511908669496808,2026-07-26 00:00:00,0.3191510922004507
5664,58,-135.75181458937917,9147.965145672086,0.0,58.08828342257066,307.646697138119,0.1888059824705124,19.999999999999996,15.970312112463226,2026-06-04 00:00:00,0.469381984423617
5760,59,-121.91312661132339,11122.747737174019,0.0,57.27871236194158,256.03726661846156,0.183782160282135,19.999999999999996,16.402715358245555,2026-07-01 00:00:00,0.6073411965836065
5856,60,-121.68471719229743,6022.791470396506,0.0,24.76679790880577,385.1143134728165,0.17894047498703003,19.999999999999996,16.810137487596116,2026-07-18 00:00:00,0.5361623674066595
5952,61,-128.95988846855613,11039.712938147266,0.0,61.44158876338281,266.3399196182718,0.17422975599765778,19.999999999999996,17.193724313083408,2026-07-09 00:00:00,0.2578895585293718
6048,62,0.0,0.0,0.0,0.0,0.0,0.1696002334356308,19.999999999999996,17.55470909112882,2026-07-04 00:00:00,0.8846235701336349
6144,63,0.0,0.0,0.0,0.0,0.0,0.16516730189323425,19.999999999999996,17.89437921341648,2026-06-03 00:00:00,0.0679349668540542
6240,64,-121.12420047582192,31180.44714554299,0.0,60.28359408411439,240.3047946647857,0.16079531610012054,19.999999999999996,18.214048438926966,2026-05-22 00:00:00,0.8984653229958568
6336,65,0.0,0.0,0.0,0.0,0.0,0.15656061470508575,19.999999999999996,18.51503414886395,2026-07-12 00:00:00,0.20266933626977635
6432,66,-132.79804654419507,10632.738199217849,0.0,60.02854884686933,287.6242172147211,0.15246552228927612,19.999999999999996,18.798639071548926,2026-07-14 00:00:00,0.9452086197595266
6528,67,-114.30021234664046,5620.283821655644,0.0,22.708564710200807,364.8174331234993,0.14847779273986816,19.999999999999996,19.06613692121547,2026-07-19 00:00:00,0.3038790019878357
6624,68,-119.66000957470563,15919.634317394944,4.0,57.14875203398075,246.20967125301456,0.14466175436973572,19.999999999999996,19.344388898110765,2026-07-22 00:00:00,0.667436085118439
6720,69,0.0,0.0,0.0,0.0,0.0,0.1409188210964203,19.999999999999996,19.633771383327073,2026-06-28 00:00:00,0.7033124550228095
6816,70,-123.3989004769246,12653.932698719955,7.0,57.97180253237005,257.41964975939686,0.13729076087474823,19.999999999999996,19.98187730529786,2026-06-25 00:00:00,0.7509869213108701
6912,71,-125.83787503667928,16613.83490278336,0.0,50.774140821608505,296.36984963332344,0.13372480869293213,19.999999999999996,19.999999999999996,2026-06-30 00:00:00,0.8147379558537947
7008,72,-124.37608566182656,15769.238635925354,0.0,61.23615084188499,249.08354223142027,0.13023923337459564,19.999999999999996,19.999999999999996,2026-07-22 00:00:00,0.7670146727031021
7104,73,-110.30736803509768,5340.090591825674,0.0,22.483542343452168,349.63769750115597,0.12680761516094208,19.999999999999996,19.999999999999996,2026-07-19 00:00:00,0.3985158411423124
7200,74,0.0,0.0,0.0,0.0,0.0,0.1234993264079094,19.999999999999996,19.999999999999996,2026-07-12 00:00:00,0.030178103704912695
7296,75,-121.36658891525374,39781.69415825464,0.0,54.3570236320586,264.13609216460975,0.12030229717493057,19.999999999999996,19.999999999999996,2026-05-21 00:00:00,0.6319094657950619
7392,76,-140.05053403725483,12645.446879544665,0.0,61.36668246313871,310.4732006024496,0.1171552911400795,19.999999999999996,19.999999999999996,2026-07-08 00:00:00,0.06432427402689855
7488,77,0.0,0.0,0.0,0.0,0.0,0.11411076784133911,19.999999999999996,19.999999999999996,2026-05-24 00:00:00,0.05669536177620438
7584,78,-134.6837162433233,14098.06591820254,0.0,54.50640748851416,317.0702436912665,0.11111333221197128,19.999999999999996,19.999999999999996,2026-05-26 00:00:00,0.5955808898300946
7680,79,-147.6586546966624,9907.633086680502,0.0,69.43648082663226,310.96229850725325,0.10819746553897858,19.999999999999996,19.999999999999996,2026-06-22 00:00:00,0.6889638504363613
7776,80,-137.2256123768912,13719.176322943951,3.0,60.784111812092895,301.3021715147976,0.10535741597414017,19.999999999999996,19.999999999999996,2026-06-25 00:00:00,0.12165940399328568
7872,81,-126.417963267124,16154.42703560856,0.0,63.85718833211763,246.12018291372254,0.10259250551462173,19.999999999999996,19.999999999999996,2026-06-12 00:00:00,0.5867477164202771
7968,82,-117.38852760597767,5602.368651620474,0.0,25.38620144773963,366.6688476725274,0.09987147897481918,19.999999999999996,19.999999999999996,2026-07-19 00:00:00,0.3564493822207585
8064,83,-127.84610702122869,12439.68307080394,1.0,53.42930980441704,294.2955618094557,0.09724927693605423,19.999999999999996,19.999999999999996,2026-07-01 00:00:00,0.23240929985178704
8160,84,0.0,0.0,0.0,0.0,0.0,0.0947328507900238,19.999999999999996,19.999999999999996,2026-06-21 00:00:00,0.682970811202149
8256,85,-139.74329314051323,14745.334521948871,3.0,64.841516942753,295.2703102551786,0.09226638078689575,19.999999999999996,19.999999999999996,2026-06-19 00:00:00,0.22378943596544876
8352,86,-138.54856079272338,16587.21700806484,1.0,69.54889544272494,273.012150766186,0.08987957239151001,19.999999999999996,19.999999999999996,2026-06-12 00:00:00,0.2197766202848157
8448,87,-132.5770593182554,9168.73658206989,0.0,55.21707402764466,305.82705506456966,0.08755390346050262,19.999999999999996,19.999999999999996,2026-06-01 00:00:00,0.19814605615240677
8544,88,0.0,0.0,0.0,0.0,0.0,0.08531003445386887,19.999999999999996,19.999999999999996,2026-06-21 00:00:00,0.2503780798708063
8640,89,-123.42281661364714,11915.638036575185,0.0,64.01782256328694,233.87719053379408,0.08313217014074326,19.999999999999996,19.999999999999996,2026-06-25 00:00:00,0.7377301877235554
8736,90,0.0,0.0,0.0,0.0,0.0,0.08099287003278732,19.999999999999996,19.999999999999996,2026-06-21 00:00:00,0.6591177751450805
8832,91,-133.25969173854537,8594.218977697601,0.0,63.55123017006235,276.7213255434973,0.07888466119766235,19.999999999999996,19.999999999999996,2026-06-05 00:00:00,0.5139926979041869
8928,92,-145.45212449210013,9705.15050915962,2.0,63.57929229315548,322.7860375613373,0.07683569192886353,19.999999999999996,19.999999999999996,2026-07-13 00:00:00,0.6182124994478703
9024,93,-135.80328838451678,22359.45628212845,0.0,67.29033228788334,270.557911043106,0.07483750581741333,19.999999999999996,19.999999999999996,2026-07-07 00:00:00,0.7000690895170062
9120,94,-134.1842041229647,13617.723599201212,0.0,70.34276595198938,253.4276232788757,0.07291195541620255,19.999999999999996,19.999999999999996,2026-06-19 00:00:00,0.8059755953552212
9216,95,-128.96528801271245,6128.747289557598,0.0,28.919000794765786,397.1063496687484,0.071038156747818,19.999999999999996,19.999999999999996,2026-07-18 00:00:00,0.2532799851430736
9312,96,-127.35359318813916,40305.45311925695,1.0,55.60538197660324,282.8598995102171,0.06920762360095978,19.999999999999996,19.999999999999996,2026-05-21 00:00:00,0.4452430929337311
9408,97,-144.76823396855474,12226.51414584397,0.0,56.03761184041701,351.01865628572705,0.06743316352367401,19.999999999999996,19.999999999999996,2026-07-14 00:00:00,0.11008397973358264
9504,98,-166.57772620300747,20875.703761862456,0.0,63.7838244131034,407.04243310628874,0.06568588316440582,19.999999999999996,19.999999999999996,2026-06-12 00:00:00,0.02968915413401918
9600,99,-132.12184968566584,12612.601559808547,0.0,67.7335838395641,254.44780134156406,0.06398983299732208,19.999999999999996,19.999999999999996,2026-06-25 00:00:00,0.8051094118484303
9696,100,-124.81978192127923,21487.732597318616,0.0,63.31043299664954,242.69177888037888,0.06234792619943619,19.999999999999996,19.999999999999996,2026-07-07 00:00:00,0.7640328729641473
9792,101,-163.96776298958738,15973.181462001427,0.0,70.70202356360927,370.1550085520878,0.06073286756873131,19.999999999999996,19.999999999999996,2026-06-26 00:00:00,0.0544490434193573
9888,102,0.0,0.0,0.0,0.0,0.0,0.059195227921009064,19.999999999999996,19.999999999999996,2026-07-04 00:00:00,0.8334924025897329
9984,103,-124.5451071517493,12622.864704408847,0.0,48.404697000499375,301.5899110038116,0.05769606679677963,19.999999999999996,19.999999999999996,2026-07-01 00:00:00,0.3889384901944787
10080,104,0.0,0.0,0.0,0.0,0.0,0.05622207373380661,19.999999999999996,19.999999999999996,2026-06-20 00:00:00,0.16208632915201204
10176,105,0.0,0.0,0.0,0.0,0.0,0.05479241907596588,19.999999999999996,19.999999999999996,2026-05-23 00:00:00,0.059585054200560816
10272,106,-129.34658813480698,12596.481689930126,0.0,52.49797362944459,303.74159638958804,0.05341937020421028,19.999999999999996,19.999999999999996,2026-07-01 00:00:00,0.2257914953694744
10368,107,-101.04877497539822,36663.835733196494,0.0,48.55026417029581,206.18853413293155,0.05210021138191223,19.999999999999996,19.999999999999996,2026-05-20 00:00:00,0.28550795426543685
10464,108,-137.07069038276833,10838.818817808185,0.0,65.94713851743502,281.4466527901696,0.05082934349775314,19.999999999999996,19.999999999999996,2026-07-27 00:00:00,0.42146294590711064
10560,109,-132.5849666941143,8743.734043124872,0.0,60.77455768230169,282.9373936742906,0.04959637299180031,19.999999999999996,19.999999999999996,2026-07-21 00:00:00,0.901380844842179
10656,110,-139.3753400240852,15836.0908611727,0.0,67.31912352897879,285.21523623035523,0.04838606342673302,19.999999999999996,19.999999999999996,2026-06-30 00:00:00,0.3112676176889875
10752,111,-152.86345797011276,14309.575545525153,0.0,59.93942957345134,368.3267290975987,0.047182872891426086,19.999999999999996,19.999999999999996,2026-07-01 00:00:00,0.06438421965611063
10848,112,0.0,0.0,0.0,0.0,0.0,0.04602212458848953,19.999999999999996,19.990251805722625,2026-06-28 00:00:00,0.9993422610157658
10944,113,0.0,0.0,0.0,0.0,0.0,0.044860053807497025,19.999999999999996,19.93858170362308,2026-07-29 00:00:00,0.9650664163767769
11040,114,-117.10710876776069,14902.541962536405,0.0,62.24579100166149,217.4029117245599,0.043728820979595184,19.999999999999996,19.849281600953226,2026-06-12 00:00:00,0.3633686220313411
11136,115,-140.1246585397492,17718.09557414072,0.0,60.25653486110395,316.8188245755663,0.042645905166864395,19.999999999999996,19.726504675397305,2026-06-12 00:00:00,0.034034604075428576
11232,116,-156.62897586951027,12976.45857817319,0.0,58.736355632299954,389.19370519690784,0.04161467403173447,19.999999999999996,19.565831570637787,2026-07-10 00:00:00,0.040159293579426825
11328,117,0.0,0.0,0.0,0.0,0.0,0.04058331996202469,19.999999999999996,19.372144223282138,2026-06-21 00:00:00,0.07868260960486351
11424,118,-114.20329615634877,15188.850119796134,0.0,60.14624491302222,214.66508164290653,0.03960945084691048,19.999999999999996,19.150056856429487,2026-06-12 00:00:00,0.4815008070732193
11520,119,-96.82078415520935,36574.89550912653,2.0,47.092905196811586,194.9239148574221,0.03866471350193024,19.999999999999996,18.919746652376933,2026-05-20 00:00:00,0.3452669434693917
11616,120,-125.29457456241043,12337.097145456268,0.0,59.39729337527919,260.8515536623864,0.037753622978925705,19.999999999999996,18.682853877104183,2026-07-16 00:00:00,0.4201471419676579
11712,121,0.0,0.0,0.0,0.0,0.0,0.03683287650346756,19.999999999999996,18.440853282128423,2026-06-07 00:00:00,0.7155473090653591
11808,122,0.0,0.0,0.0,0.0,0.0,0.03597218170762062,19.999999999999996,18.195064563148467,2026-06-07 00:00:00,0.4530716663880541
11904,123,-135.04406418027645,10924.216279734697,0.0,58.75030160710382,303.4875491539438,0.035138584673404694,19.999999999999996,17.946663103948534,2026-07-10 00:00:00,0.7503513938347398
12000,124,-96.19297065799904,36355.75242518369,0.0,47.67721999014706,189.60096215965882,0.03434845060110092,19.999999999999996,17.696690759587092,2026-05-20 00:00:00,0.9356691272672173
12096,125,-130.97900934994135,10554.097815560404,2.0,60.53559116553115,279.6433602645375,0.03354737535119057,19.999999999999996,17.459985162248984,2026-07-27 00:00:00,0.35327000934159647
12192,126,-132.86703026598695,40512.75958590333,8.0,61.25406269858961,281.49790392350434,0.032745033502578735,19.999999999999996,17.290342873704592,2026-05-21 00:00:00,0.6838774314367261
12288,127,-125.59895994020859,10921.970610151337,0.0,57.50278296643383,268.6106790204683,0.03195059671998024,19.999999999999996,17.179427932459465,2026-05-28 00:00:00,0.7526907013658507
12384,128,-140.6210150737517,9811.134309004832,4.0,58.93720404530704,323.91587910255345,0.031187403947114944,19.999999999999996,17.147482610281354,2026-06-05 00:00:00,0.16523407308500138
12480,129,-126.4770716304774,15981.357853907104,0.0,58.08504922916205,269.827764838034,0.03042149916291237,19.999999999999996,17.186302554030654,2026-05-27 00:00:00,0.5599635251804296
12576,130,-109.9604208411015,5381.951533141851,0.0,21.781618872983255,351.48031831153986,0.029687950387597084,19.999999999999996,17.289604482975026,2026-07-19 00:00:00,0.2554353655906014
12672,131,-149.8950305501301,14577.39611733026,0.0,62.19006816720597,347.8333453325319,0.028964394703507423,19.999999999999996,17.45264627727844,2026-07-16 00:00:00,0.04945266113406743
12768,132,-139.46656691939137,40509.48745069932,0.0,52.97892667862278,342.9194287408703,0.028289321810007095,19.999999999999996,17.67194777479779,2026-05-20 00:00:00,0.034011082887652866
12864,133,-137.8780075321249,13141.761241440594,1.0,58.60687101618178,314.4883146562496,0.02762596309185028,19.999999999999996,17.952228237657184,2026-07-24 00:00:00,0.09513295278782874
12960,134,-139.95174645859146,40651.81018896257,6.0,66.86377752448297,288.2744743389821,0.026955612003803253,19.999999999999996,18.335345243002756,2026-05-21 00:00:00,0.6884563985801188
13056,135,-140.3070227877998,40020.75886298647,0.0,70.16170595787777,276.09872845321786,0.026320459321141243,19.999999999999996,18.819339993796277,2026-05-21 00:00:00,0.7713920308544105
13152,136,0.0,0.0,0.0,0.0,0.0,0.025712376460433006,19.999999999999996,19.404637235071224,2026-05-24 00:00:00,0.9363147943893985
13248,137,-114.78693061985608,5652.937138068156,0.0,22.2631748016804,368.4445458666928,0.02509651705622673,19.999999999999996,19.999999999999996,2026-07-19 00:00:00,0.9001435827853224
13344,138,-91.36023171843276,8757.98509175978,2.0,42.506738975387506,192.77834934662354,0.024520915001630783,19.999999999999996,19.999999999999996,2026-06-16 00:00:00,0.36908902713629077
13440,139,-129.6231694761431,12081.51168857596,0.0,61.38339369183604,270.7291151501539,0.02397019974887371,19.999999999999996,19.999999999999996,2026-07-03 00:00:00,0.34668155018032243
13536,140,-125.58884490064955,10738.268082974666,0.0,60.40702654047765,257.1982075600196,0.02341545559465885,19.999999999999996,19.999999999999996,2026-07-09 00:00:00,0.4380012039573046
13632,141,-133.84678896438683,12087.974461985523,4.0,61.86783341355782,284.3736668432631,0.022911475971341133,19.999999999999996,19.999999999999996,2026-07-01 00:00:00,0.25979395685408313
13728,142,-130.85600041430328,16186.133620298775,6.0,62.25196065406385,270.40635198082515,0.02239503711462021,19.999999999999996,19.999999999999996,2026-05-27 00:00:00,0.36718436182650915
13824,143,-141.21324511697725,11261.280854872954,0.0,60.58069969111202,318.4165326782793,0.021911533549427986,19.999999999999996,19.999999999999996,2026-06-24 00:00:00,0.28795704108469944
13920,144,0.0,0.0,0.0,0.0,0.0,0.021414605900645256,19.999999999999996,19.999999999999996,2026-07-29 00:00:00,0.20619153505360377
14016,145,-135.69293214721665,13722.323567388987,0.0,60.382622053556354,297.0485684269534,0.02095375768840313,19.999999999999996,19.999999999999996,2026-05-26 00:00:00,0.999149484865675
14112,146,-129.576545735858,16245.233142369612,0.0,57.29245207866338,284.98388310111795,0.02053314633667469,19.999999999999996,19.999999999999996,2026-06-30 00:00:00,0.39357639886428153
14208,147,-127.1760054742162,12126.583315214102,0.0,59.79558291243847,266.21491532597304,0.020096035674214363,19.999999999999996,19.999999999999996,2026-07-23 00:00:00,0.901175401880524
14304,148,0.0,0.0,0.0,0.0,0.0,0.01970512419939041,19.999999999999996,19.999999999999996,2026-06-28 00:00:00,0.6815967085067011
14400,149,-132.9730693224468,40033.08579663498,0.0,65.06256178947326,267.93775376059887,0.019294897094368935,19.999999999999996,19.999999999999996,2026-05-21 00:00:00,0.8318020084065566
14496,150,-140.32264865660238,11486.433790607887,0.0,60.30191716459098,316.4394041081489,0.01895333267748356,19.999999999999996,19.999999999999996,2026-07-14 00:00:00,0.5980541313737264
14592,151,-148.67565024624798,11091.896509636666,0.0,59.73424235139701,352.9910264247904,0.018544266000390053,19.999999999999996,19.999999999999996,2026-06-22 00:00:00,0.5484828581055478
14688,152,-135.50472133986185,9558.168602978345,1.0,54.97846441965244,318.8870928637273,0.018151143565773964,19.999999999999996,19.999999999999996,2026-07-21 00:00:00,0.6528074122814598
14784,153,-138.35418368765124,10924.075579784323,5.0,60.79319836137106,306.38487481675526,0.017774377018213272,19.999999999999996,19.999999999999996,2026-07-10 00:00:00,0.28558630116659234
14880,154,-127.77919011730185,10794.97508163606,0.0,60.53882450257983,265.7061034125642,0.01741345040500164,19.999999999999996,19.999999999999996,2026-05-28 00:00:00,0.9005719677306405
14976,155,-143.37311909143241,16613.581922205976,1.0,62.45407141161393,320.06560949203595,0.01706116460263729,19.999999999999996,19.999999999999996,2026-06-02 00:00:00,0.2339477375465474
15072,156,-135.90332621916875,9575.913264340366,0.0,56.28411660141309,314.57258206606383,0.01673625409603119,19.999999999999996,19.999999999999996,2026-06-05 00:00:00,0.9157905312312988
15168,157,-128.8774537634559,16188.81662054894,4.0,60.80676979038041,269.128557415484,0.016422534361481667,19.999999999999996,19.999999999999996,2026-07-02 00:00:00,0.19230331415273993
15264,158,-135.6168129293872,10789.03827846695,0.0,60.39102526080847,298.0215422148922,0.01612742617726326,19.999999999999996,19.999999999999996,2026-07-14 00:00:00,0.8949669249075056
15360,159,-124.91392044136529,16234.74278324899,0.0,55.943369987412474,273.2595326680788,0.015819573774933815,19.999999999999996,19.999999999999996,2026-05-27 00:00:00,0.43924408234754697
15456,160,0.0,0.0,0.0,0.0,0.0,0.01551958080381155,19.999999999999996,19.999999999999996,2026-05-30 00:00:00,0.8780916562559539
15552,161,-113.41798877998629,5406.296165602944,0.0,20.24653812014522,371.38474552811596,0.01521285343915224,19.999999999999996,19.999999999999996,2026-07-19 00:00:00,0.048907973869261157
15648,162,-125.80977011210094,14538.19558214309,0.0,55.9228363865232,275.9682645010635,0.014899145811796188,19.999999999999996,19.999999999999996,2026-06-19 00:00:00,0.8756574589248265
15744,163,0.0,0.0,0.0,0.0,0.0,0.014618935063481331,19.999999999999996,19.999999999999996,2026-07-12 00:00:00,0.4264682175492651
15840,164,-137.37202004500435,14300.069463413705,0.0,64.02642657530268,290.1115510569611,0.014336220920085907,19.999999999999996,19.999999999999996,2026-06-18 00:00:00,0.8127739442510046
15936,165,-148.44322022554098,9652.712459925582,0.0,62.36568135624412,340.9778894400074,0.014051152393221855,19.999999999999996,19.999999999999996,2026-07-20 00:00:00,0.344784551524421
16032,166,-128.6341270028764,12170.0009859294,0.0,59.53057349104336,273.8451664183706,0.01377663854509592,19.999999999999996,19.999999999999996,2026-07-24 00:00:00,0.6406961211378603
16128,167,-126.23442030816885,40017.7824323724,0.0,60.02999068935344,261.22030730442634,0.013514949008822441,19.999999999999996,19.999999999999996,2026-05-21 00:00:00,0.7178420310510223
16224,168,0.0,0.0,0.0,0.0,0.0,0.01330204401165247,19.999999999999996,19.999999999999996,2026-07-04 00:00:00,0.29783717876781346
16320,169,-146.72532920119713,9910.483887887562,0.0,64.19147035172422,326.8856860987577,0.013095964677631855,19.999999999999996,19.999999999999996,2026-06-08 00:00:00,0.6383628497783571
16416,170,-122.4244094062282,12307.606230109996,0.0,60.41154946120512,245.36885952228468,0.012882428243756294,19.999999999999996,19.999999999999996,2026-06-25 00:00:00,0.6756228784049262
16512,171,0.0,0.0,0.0,0.0,0.0,0.012664592824876308,19.999999999999996,19.999999999999996,2026-05-23 00:00:00,0.5026000752181311
16608,172,-135.4909197862641,14129.678005903726,2.0,62.75029587317179,288.04120617164324,0.012425022199749947,19.999999999999996,19.999999999999996,2026-06-26 00:00:00,0.3366763503928636
16704,173,-136.44270834454426,32490.936847157966,11.0,65.97895346064429,278.0139288630672,0.012175042182207108,19.999999999999996,19.999999999999996,2026-05-22 00:00:00,0.34966797938555827
16800,174,0.0,0.0,0.0,0.0,0.0,0.01192348264157772,19.999999999999996,19.999999999999996,2026-06-20 00:00:00,0.7794494014184662
16896,175,-137.77294521179633,8826.946415693088,0.0,63.38616894818244,293.9781570589318,0.01172761619091034,19.999999999999996,19.999999999999996,2026-07-13 00:00:00,0.5255918450858964
16992,176,0.0,0.0,0.0,0.0,0.0,0.011528505012392998,19.999999999999996,19.999999999999996,2026-06-20 00:00:00,0.05256314448311905
17088,177,-130.1018969301092,13252.822625325578,0.0,57.50181699249427,287.521628694243,0.011389082297682762,19.999999999999996,19.999999999999996,2026-05-26 00:00:00,0.41125744011377297
17184,178,-143.08361956779993,10279.774626130951,0.0,60.850954851247835,326.2965089539901,0.011204905807971954,19.999999999999996,19.999999999999996,2026-06-22 00:00:00,0.31910864254217375
17280,179,-141.51738183365387,12837.766623081092,0.0,67.91360292235214,290.8130680212757,0.011000717990100384,19.999999999999996,19.999999999999996,2026-07-23 00:00:00,0.91651102598534
17376,180,-132.17974383446366,13105.728264058522,0.0,57.10503234155091,296.9365683748785,0.010802079923450947,19.999999999999996,19.999999999999996,2026-07-03 00:00:00,0.49118288216911654
17472,181,-155.18292508887484,12217.627419431834,0.0,61.12013120061619,375.11476259997545,0.010649122297763824,19.999999999999996,19.999999999999996,2026-07-10 00:00:00,0.02120685905548858
17568,182,-130.85323664195295,13676.354196165452,0.0,62.363469934978866,271.23337346100857,0.010489743202924728,19.999999999999996,19.999999999999996,2026-06-26 00:00:00,0.8870889530142312
17664,183,-113.00549318690622,14868.227238528792,0.0,58.818555266965625,213.77839956444907,0.01035503949970007,19.999999999999996,19.999999999999996,2026-06-12 00:00:00,0.905052714232405
17760,184,-133.62414198748993,15877.185761162184,0.0,69.04843707017963,254.926338097197,0.010227291844785213,19.999999999999996,19.999999999999996,2026-07-02 00:00:00,0.873654404029944
17856,185,-138.9382648997334,13415.243738695151,0.0,60.53094300792754,309.5685408308693,0.010053792037069798,19.999999999999996,19.999999999999996,2026-07-23 00:00:00,0.2475552869940113
17952,186,-134.14566853198414,13336.814585891456,0.0,64.93073921149823,273.57105730581105,0.009945114143192768,19.999999999999996,19.999999999999996,2026-06-25 00:00:00,0.837936978245931
18048,187,0.0,0.0,0.0,0.0,0.0,0.009861995466053486,19.999999999999996,19.999999999999996,2026-07-26 00:00:00,0.9876423512422909
18144,188,-119.46848500754362,5937.479858750058,0.0,23.03243025581193,383.93458133993533,0.009707030840218067,19.999999999999996,19.999999999999996,2026-07-18 00:00:00,0.7456590825638025
18240,189,0.0,0.0,0.0,0.0,0.0,0.009554373100399971,19.999999999999996,19.999999999999996,2026-07-28 00:00:00,0.26184335852289387
18336,190,-134.85810164892564,16275.441149843557,2.0,59.07397647497349,299.0062916297654,0.009438734501600266,19.999999999999996,19.999999999999996,2026-06-30 00:00:00,0.2190887674872668
18432,191,0.0,0.0,0.0,0.0,0.0,0.009362692013382912,19.999999999999996,19.999999999999996,2026-06-28 00:00:00,0.8237405460911535
18528,192,-203.21334904361728,15374.988448440417,0.0,60.62679589052777,567.230051571588,0.009185770526528358,19.999999999999996,19.999999999999996,2026-06-05 00:00:00,0.004180685854882182
18624,193,-144.2037754990341,13697.857786470864,0.0,61.347744617574754,327.36535725087356,0.009105918928980827,19.999999999999996,19.999999999999996,2026-07-01 00:00:00,0.8815582710737081
18720,194,-155.21855962178802,11104.019340665773,0.0,61.43106240497625,371.0056992919398,0.009013420902192593,19.999999999999996,19.999999999999996,2026-06-22 00:00:00,0.08735372491543181
18816,195,-142.41326715396224,10046.29595340698,0.0,61.63038798838625,319.9761456166151,0.008977767080068588,19.999999999999996,19.999999999999996,2026-06-22 00:00:00,0.4370092471175019
18912,196,0.0,0.0,0.0,0.0,0.0,0.008886836469173431,19.999999999999996,19.999999999999996,2026-05-24 00:00:00,0.8551443775957921
19008,197,-106.10524096474252,10193.416488426843,0.0,47.03509180103703,233.27951821521114,0.00883863028138876,19.999999999999996,19.999999999999996,2026-06-16 00:00:00,0.3572584213086497
19104,198,-144.89782180852566,14436.89809259385,0.0,61.378951971805925,330.6490397076517,0.008773432113230228,19.999999999999996,19.999999999999996,2026-05-26 00:00:00,0.14063229258522902
19200,199,-137.71784412615037,11061.280938341564,0.0,64.26797961665281,290.4800859698037,0.008694951422512531,19.999999999999996,19.999999999999996,2026-07-27 00:00:00,0.5363106957290954
19296,200,0.0,0.0,0.0,0.0,0.0,0.008649975061416626,19.999999999999996,19.999999999999996,2026-06-28 00:00:00,0.7978823201495452
19392,201,-134.85057340346378,40956.19241430295,0.0,60.68424018527959,293.37974299119725,0.008694428950548172,19.999999999999996,19.999999999999996,2026-05-21 00:00:00,0.3474395210525114
19488,202,-99.51570155642167,36836.43734295786,0.0,49.559018552679525,196.88955111000416,0.008675780147314072,19.999999999999996,19.999999999999996,2026-05-20 00:00:00,0.7036173331362291
19584,203,-140.5515448943123,11132.722677466776,0.0,66.60460571027036,292.4831842848767,0.008702321909368038,19.999999999999996,19.97582159647514,2026-07-27 00:00:00,0.32710460432342403
19680,204,-157.4244432195297,13347.959707227268,0.0,65.65187836591855,362.6174510702096,0.00876198522746563,19.999999999999996,19.919138112077093,2026-07-09 00:00:00,0.05027639722477106
19776,205,0.0,0.0,0.0,0.0,0.0,0.008753754198551178,19.999999999999996,19.833408136123325,2026-06-07 00:00:00,0.528972155066083
19872,206,-134.25958061710597,13118.45483094057,0.0,58.756810130961405,298.36642296601104,0.008646956644952297,19.999999999999996,19.721914150063743,2026-07-03 00:00:00,0.2807448052448359
19968,207,-137.01704509311048,11961.014647952212,0.0,61.111757226764226,299.930118104802,0.008570367470383644,19.999999999999996,19.58774469951274,2026-05-28 00:00:00,0.4682202091637634
20064,208,-121.49894883773902,14004.859048077315,0.0,53.30562499409592,269.6174443677665,0.008506637066602707,19.999999999999996,19.433783476256743,2026-06-19 00:00:00,0.6850555951089241
20160,209,-154.41223312603896,14272.236882528287,0.0,61.48547410096717,368.0538985602077,0.008405763655900955,19.999999999999996,19.262704126979926,2026-07-08 00:00:00,0.05138726389081938
20256,210,-131.5352082224793,39984.61021113544,0.0,63.192861358181474,270.5301554991002,0.008443339727818966,19.999999999999996,19.060580518893214,2026-05-21 00:00:00,0.2807349061883272
20352,211,-123.5316725759411,6074.365472365305,0.0,29.216356338048385,374.45122453792686,0.008565317839384079,19.999999999999996,18.831993169975526,2026-07-18 00:00:00,0.06976896387774145
20448,212,0.0,0.0,0.0,0.0,0.0,0.008552266284823418,19.999999999999996,18.581190960792306,2026-07-12 00:00:00,0.34315255486610285
20544,213,0.0,0.0,0.0,0.0,0.0,0.008557511493563652,19.999999999999996,18.312075874427055,2026-06-27 00:00:00,0.9892016621354387
20640,214,-129.49154711438666,11677.59913849237,0.0,55.31585356788539,293.58121694567285,0.008634076453745365,19.999999999999996,18.02819827270246,2026-07-15 00:00:00,0.2784644983743684
20736,215,0.0,0.0,0.0,0.0,0.0,0.008572296239435673,19.999999999999996,17.732760594153138,2026-05-30 00:00:00,0.3944511308951115
20832,216,-140.85952724980257,14795.349210935829,0.0,63.424128392792014,305.62362965354185,0.008519708178937435,19.999999999999996,17.42862756983204,2026-06-18 00:00:00,0.5247221847847027
20928,217,0.0,0.0,0.0,0.0,0.0,0.008592193014919758,19.999999999999996,17.118341286344744,2026-07-12 00:00:00,0.8174578555391796
21024,218,-136.24654913762538,16900.918530701656,0.0,60.2868760729955,301.07776579089705,0.008572251535952091,19.999999999999996,16.80413966457605,2026-06-30 00:00:00,0.651454252187466
21120,219,-132.03456209156585,13801.578877777467,0.0,60.5232847723231,282.5870179750064,0.008763832040131092,19.999999999999996,16.48797715501481,2026-06-26 00:00:00,0.3453719029453215
21216,220,0.0,0.0,0.0,0.0,0.0,0.00889044813811779,19.999999999999996,16.17154666792417,2026-07-26 00:00:00,0.8878851609060757
21312,221,-139.47650868795708,9054.24748078247,0.0,62.66295408437603,303.7405872233318,0.009034250862896442,19.999999999999996,15.856301953597766,2026-07-13 00:00:00,0.6943299723966164
21408,222,0.0,0.0,0.0,0.0,0.0,0.0090201236307621,19.999999999999996,15.54347982188081,2026-06-03 00:00:00,0.3196899318686357
21504,223,-141.41696400233687,11736.675318282252,0.0,63.01981721768125,310.7880736680866,0.008991184644401073,19.999999999999996,15.234121740217967,2026-07-27 00:00:00,0.5384471897852559
21600,224,-144.8366420695563,10281.263234177586,0.0,60.21079317356387,334.8375541914216,0.008969931863248348,19.999999999999996,14.929094476283705,2026-06-08 00:00:00,0.19670151642651645
21696,225,-153.0303024379146,13370.590084176127,0.0,50.02010205184865,409.55590188750074,0.008983984589576721,19.999999999999996,14.629109556229185,2026-06-09 00:00:00,0.05307919326432786
21792,226,-135.02472530143996,13863.847012700964,0.0,57.00467410024533,308.75480714442375,0.008910063654184341,19.999999999999996,14.334741394768075,2026-05-26 00:00:00,0.6879804727157439
21888,227,-135.0203171266267,9433.133731060627,0.0,57.495583413855144,306.6301129048578,0.008931873366236687,19.999999999999996,14.046444021021518,2026-07-13 00:00:00,0.41553277930899557
21984,228,-132.36799420305454,13193.9692594556,0.0,61.47329835076694,280.23816059719985,0.008965912275016308,19.999999999999996,13.764566376623632,2026-06-25 00:00:00,0.1937601788395369
22080,229,0.0,0.0,0.0,0.0,0.0,0.008930829353630543,19.999999999999996,13.48936620236243,2026-07-25 00:00:00,0.10585150873106408
22176,230,-171.2023034965983,12012.63224943821,8.0,61.08130854885974,435.7934244714018,0.008948630653321743,19.999999999999996,13.254303557846942,2026-06-04 00:00:00,0.04849524072579692
22272,231,-118.57036890174106,38518.619612045615,0.0,48.05621120912368,279.45406983347726,0.008905097842216492,19.999999999999996,13.053992385406781,2026-05-20 00:00:00,0.03646623629280876
22368,232,-137.89653582392862,11182.605405047698,0.0,59.14322571228905,312.1883361437203,0.00884470995515585,19.999999999999996,12.883905964842883,2026-06-24 00:00:00,0.198040234939875
22464,233,-132.23897125185357,9603.88026264958,0.0,60.88809254873903,282.04976724697747,0.008825620636343956,19.999999999999996,12.740218121625956,2026-07-06 00:00:00,0.8368579888292265
22560,234,-125.73243322461916,13122.570803878578,0.0,54.97950099414566,280.68232060224926,0.008837736211717129,19.999999999999996,12.61967772257196,2026-07-16 00:00:00,0.31307312042831636
22656,235,-133.9830555806368,12345.648612237563,0.0,59.59305330609504,294.25500095271315,0.008908058516681194,19.999999999999996,12.519508747120561,2026-07-24 00:00:00,0.588888541181966
22752,236,-178.2379313947948,13939.699714051752,0.0,62.69517019844543,460.55350089399496,0.008869403973221779,19.999999999999996,12.437330161038522,2026-07-06 00:00:00,0.003250103052665154
22848,237,-127.45075199023262,10404.821252834809,0.0,56.431567061808146,281.5582329572183,0.008882900699973106,19.999999999999996,12.371091235343199,2026-06-24 00:00:00,0.6723852848117714
22944,238,-131.37780483333816,10878.353793204267,0.0,57.12963460643331,294.7165112658019,0.008773544803261757,19.999999999999996,12.319018996443312,2026-06-24 00:00:00,0.3208899141360114
23040,239,0.0,0.0,0.0,0.0,0.0,0.008585132658481598,19.999999999999996,12.279575268406157,2026-07-26 00:00:00,0.9583075182694345
23136,240,0.0,0.0,0.0,0.0,0.0,0.008588826283812523,19.999999999999996,12.251421348385243,2026-06-03 00:00:00,0.8604466536170393
23232,241,-113.3429882085575,14872.932212108724,0.0,56.84360613287003,224.1533316680152,0.008722936734557152,19.999999999999996,12.2333887937683,2026-07-02 00:00:00,0.6335619623109647
23328,242,0.0,0.0,0.0,0.0,0.0,0.0087409233674407,19.999999999999996,12.224455131910878,2026-06-03 00:00:00,0.5000162331024326
23424,243,-89.7342955434451,35989.18548940906,0.0,45.734467214771286,173.43669144555335,0.008784902282059193,19.999999999999996,12.223723557401645,2026-05-20 00:00:00,0.5068549802594217
23520,244,-151.5668561479658,9818.620726811185,0.0,63.333725188928014,349.3292890672225,0.008759005926549435,19.999999999999996,12.230405877314821,2026-07-20 00:00:00,0.1266839866725067
23616,245,0.0,0.0,0.0,0.0,0.0,0.008722171187400818,19.999999999999996,12.24380811625962,2026-07-28 00:00:00,0.1761262401693774
23712,246,-111.21118888591951,21317.343987804,0.0,52.30136640384702,233.50551003128038,0.00875944085419178,19.999999999999996,12.2633183108875,2026-07-07 00:00:00,0.5934958288438847
23808,247,0.0,0.0,0.0,0.0,0.0,0.0087171895429492,19.999999999999996,12.288396115791322,2026-06-20 00:00:00,0.931108603319213
23904,248,-124.24270053414898,8375.358826206599,0.0,53.95095341755635,277.46804016805527,0.00863227341324091,19.999999999999996,12.318563915360807,2026-06-01 00:00:00,0.5129222177854349
24000,249,-130.0984629455123,12163.494229077549,0.0,61.593871010867645,270.3979220607542,0.008540032431483269,19.999999999999996,12.353399193620206,2026-07-03 00:00:00,0.6823641795596285
24096,250,-134.23146725493532,14330.64411695,0.0,58.7670808164233,297.7983322801766,0.008527304045855999,19.999999999999996,12.362591124524984,2026-06-26 00:00:00,0.21819243884788742
24192,251,-122.29600105873419,11574.62934526372,0.0,56.55361792537435,260.6659699134603,0.008524153381586075,19.999999999999996,12.348543802623725,2026-07-08 00:00:00,0.5716269799337057
24288,252,-128.34651300653167,12043.551749392602,0.0,61.250340623630414,265.1474636156526,0.008361106738448143,19.999999999999996,12.313592080989391,2026-07-03 00:00:00,0.5989043356961089
24384,253,-139.29022371335725,9092.997174502625,0.0,62.51000953531547,302.8707731963791,0.008394235745072365,19.999999999999996,12.259976855356383,2026-07-13 00:00:00,0.473563681363125
24480,254,-129.04179339393752,16308.810936123016,0.0,61.30313566936754,268.5406258963477,0.008281858637928963,19.999999999999996,12.189826838025107,2026-07-22 00:00:00,0.1391722457060669
24576,255,-151.0005206497564,18155.333867540587,0.0,63.2792387950025,346.4070961842494,0.008300084620714188,19.999999999999996,12.105145927872828,2026-07-02 00:00:00,0.06677906114191967
24672,256,-116.73492602342728,21249.765827506402,0.0,55.824740594138575,240.9026977644636,0.008212407119572163,19.999999999999996,12.007805317926609,2026-07-07 00:00:00,0.5756604457822053
24768,257,-177.45528887884387,16493.819483251333,0.0,61.65814124848187,460.57553357594514,0.00822446122765541,19.999999999999996,11.899539538923236,2026-07-24 00:00:00,0.02512446557760828
24864,258,-121.76088375098269,10774.323272821708,0.0,58.187532179090724,251.90750043097074,0.008250216022133827,19.999999999999996,11.781945707915167,2026-07-09 00:00:00,0.39128082944987874
24960,259,-139.50606183489103,9220.635860641412,0.0,62.25783906117352,305.7077103507558,0.008169825188815594,19.999999999999996,11.656485328803733,2026-07-13 00:00:00,0.32927190661329464
25056,260,-144.1213247986803,11412.295618899452,0.0,66.10015435818136,307.5510258693159,0.008207290433347225,19.999999999999996,11.524488071735407,2026-07-27 00:00:00,0.26083073450612204
25152,261,-113.39936735518963,5553.717657852506,0.0,24.65544906754274,353.83573110776484,0.00812345091253519,19.999999999999996,11.387157036937609,2026-07-19 00:00:00,0.3391027902833027
25248,262,0.0,0.0,0.0,0.0,0.0,0.008116559125483036,19.999999999999996,11.245575083246822,2026-07-29 00:00:00,0.3509776177338777
25344,263,-124.44457278411319,12034.882069136023,0.0,56.8692795031024,267.70012216459037,0.008020231500267982,19.999999999999996,11.100711870631608,2026-07-03 00:00:00,0.5007974801539038
25440,264,-131.17036714781426,11036.639760313057,6.0,60.5122408072015,279.21389248129725,0.007986826822161674,19.999999999999996,10.971759203556896,2026-07-15 00:00:00,0.4799237522806997
25536,265,-155.48885215580873,25180.134963253637,0.0,55.88963478867846,394.11532625442834,0.007908765226602554,19.999999999999996,10.856840055717926,2026-07-07 00:00:00,0.021783642930289893
25632,266,-117.72167513815708,29985.56091734555,0.0,61.8316995417575,222.37239802104835,0.00794071052223444,19.999999999999996,10.7543248410745,2026-05-22 00:00:00,0.4922197825821024
25728,267,-132.43269889240014,15839.081342307949,2.0,58.27755671982311,293.96036266521924,0.007725145667791367,19.999999999999996,10.66860348167613,2026-06-02 00:00:00,0.15981843957267916
25824,268,-132.2326228141703,9916.926936426915,0.0,57.68598990604202,294.66071826913725,0.007639194838702679,19.999999999999996,10.597711411835013,2026-07-06 00:00:00,0.6561944544044339
25920,269,-127.08109692466972,11201.580252559343,0.0,54.95384870802169,286.20983038021024,0.007614606525748968,19.999999999999996,10.539954331332462,2026-07-15 00:00:00,0.16920149489520497
26016,270,0.0,0.0,0.0,0.0,0.0,0.0076340604573488235,19.999999999999996,10.493865561615955,2026-07-29 00:00:00,0.964829775671471
26112,271,0.0,0.0,0.0,0.0,0.0,0.007608679588884115,19.999999999999996,10.458171119277194,2026-07-28 00:00:00,0.31802967692894857
26208,272,0.0,0.0,0.0,0.0,0.0,0.007580302655696869,19.999999999999996,10.431760943058823,2026-07-28 00:00:00,0.030505503805456358
26304,273,-132.5027650718377,14116.581245787374,0.0,61.00928719737437,282.37821592917254,0.007524996530264616,19.999999999999996,10.413665057352716,2026-06-18 00:00:00,0.8428114795875478
26400,274,-133.4101029446863,15926.767708147187,0.0,56.4776418409823,304.43641340017865,0.007464336231350899,19.999999999999996,10.403033719073537,2026-06-02 00:00:00,0.07837195781936845
26496,275,-139.100699874775,9448.849868298996,0.0,62.934759374445505,301.021287029872,0.0073963734321296215,19.999999999999996,10.399120797011077,2026-06-22 00:00:00,0.6470053110952473
26592,276,-127.00101251977442,9066.539755318901,0.0,61.214579587049165,259.57832052042505,0.00736908009275794,19.999999999999996,10.401269788680377,2026-07-06 00:00:00,0.7917655439465978
26688,277,0.0,0.0,0.0,0.0,0.0,0.00738559989258647,19.999999999999996,10.408902000621044,2026-07-28 00:00:00,0.5416713565639895
26784,278,0.0,0.0,0.0,0.0,0.0,0.0073583004996180534,19.999999999999996,10.42150651243152,2026-06-28 00:00:00,0.358238783312696
26880,279,-129.31733214889994,10433.928334120516,0.0,56.896539440135356,286.93932750656734,0.0072972336784005165,19.999999999999996,10.4386316188128,2026-06-24 00:00:00,0.672292976220583
26976,280,0.0,0.0,0.0,0.0,0.0,0.00729370629414916,19.999999999999996,10.45987750223132,2026-06-27 00:00:00,0.3969474654091847
27072,281,-135.5281636900498,13067.978003365313,0.0,57.7151442523184,308.24317949695956,0.007287622429430485,19.999999999999996,10.484889935036609,2026-07-24 00:00:00,0.560334192359256
27168,282,-124.92086569576536,15804.76747107413,0.0,62.26957028954169,248.4662507921684,0.0072988830506801605,19.999999999999996,10.51335484667752,2026-07-02 00:00:00,0.3361547984488512
27264,283,-94.73206586581625,9309.697959013294,53.0,45.20105244579473,194.6531859733998,0.0072783431969583035,19.999999999999996,10.696444160486427,2026-06-16 00:00:00,0.03794757975771679
27360,284,-122.86554927948602,11147.580787308376,0.0,58.88519365294391,253.17166759651906,0.0071085914969444275,19.999999999999996,11.007323504984,2026-07-08 00:00:00,0.7730210846499325
27456,285,-138.54983437535412,11579.709022295823,0.0,64.53160987172835,293.09474571190646,0.007153281010687351,19.999999999999996,11.444692397573787,2026-07-09 00:00:00,0.17640924586456896
27552,286,-165.6421695540783,11659.99685413196,0.0,61.80206193670897,413.3539769020839,0.00713968463242054,19.999999999999996,12.012812515461452,2026-06-04 00:00:00,0.01938292582237533
27648,287,-136.42884731222964,13165.875485838695,0.0,61.4588361869149,296.1343731352999,0.007304230704903603,19.999999999999996,12.71467516723662,2026-07-03 00:00:00,0.9395002965605121
27744,288,-131.58434603587278,40324.96668407455,0.0,61.11947542988371,278.79066754538087,0.0072129713371396065,19.999999999999996,13.564588464033832,2026-05-21 00:00:00,0.9869187970595227
27840,289,-127.03075610583413,10746.27482558407,0.0,62.81902457050571,253.74062951095854,0.007190594915300608,19.999999999999996,14.582245050586833,2026-07-09 00:00:00,0.601947069523068
27936,290,-150.5930420047576,13571.243711306457,0.0,69.31581919682706,321.8854347965247,0.007292941212654114,19.999999999999996,15.793579776124858,2026-07-08 00:00:00,0.8828634295712179
28032,291,-140.76385723516296,11104.527482860587,0.0,67.81836851931627,288.39320337527363,0.0074112294241786,19.999999999999996,17.231993070894976,2026-07-27 00:00:00,0.8186863498974564
28128,292,-147.8543325010912,11329.354920825972,0.0,69.64267260220433,308.83943863518454,0.007558703888207674,19.999999999999996,18.93998510452583,2026-07-27 00:00:00,0.1965410100521796
28224,293,-137.15937777674725,12018.618433403506,0.0,65.59642732358652,283.1828770632772,0.0076139820739626884,19.999999999999996,19.999999999999996,2026-07-01 00:00:00,0.9471211101618668
28320,294,-162.45031155320711,10834.057101634731,0.0,67.25455200918708,376.70639549918997,0.007737739477306604,19.999999999999996,19.999999999999996,2026-06-08 00:00:00,0.07677458687015293
28416,295,-164.81238084017681,18188.932278234675,0.0,62.181687371768916,407.92745890937107,0.007802351377904415,19.999999999999996,19.999999999999996,2026-06-30 00:00:00,0.009692237642772272
28512,296,-138.83376046904846,9506.400505239426,0.0,62.79393044467909,302.4016839532677,0.007762074004858732,19.999999999999996,19.999999999999996,2026-06-22 00:00:00,0.6130170716628038
28608,297,-138.4493550976891,8738.437715557275,0.0,63.83519215494137,295.6320186660455,0.007678860332816839,19.999999999999996,19.999999999999996,2026-07-13 00:00:00,0.7206557802905488
28704,298,-121.29886539530649,15556.092717311707,0.0,50.92696747613892,279.5074394975235,0.007779492996633053,19.999999999999996,19.999999999999996,2026-06-02 00:00:00,0.7381167420323856
28800,299,-142.44177064410707,13455.065338028315,0.0,59.66904372556501,326.91921646904416,0.007871529087424278,19.999999999999996,19.999999999999996,2026-07-03 00:00:00,0.07920937242340231
28896,300,-164.45762719271417,11682.511114524705,0.0,63.3342580372216,403.77454069225683,0.00791668426245451,19.999999999999996,19.999999999999996,2026-06-22 00:00:00,0.033578340930094264
28992,301,-139.35847133163858,9355.100330366558,0.0,61.155739184874434,308.65105860668285,0.007931088097393513,19.999999999999996,19.999999999999996,2026-06-05 00:00:00,0.5865116878408737
29088,302,-134.4979379856296,12473.1619189995,0.0,62.573555608145405,284.70414036345977,0.007868842221796513,19.999999999999996,19.999999999999996,2026-07-03 00:00:00,0.43717483095612275
29184,303,-136.85795860698101,8842.29723271805,0.0,61.30364536024979,300.1251300445295,0.007816613651812077,19.999999999999996,19.999999999999996,2026-06-04 00:00:00,0.8396436525541925
29280,304,-114.73745371931696,5607.9788922397975,0.0,25.086828190210817,357.3857656990029,0.007900329306721687,19.999999999999996,19.999999999999996,2026-07-19 00:00:00,0.4707562068499145
29376,305,-122.85981729675571,22283.527685461337,0.0,51.66003388094924,282.0320027088909,0.00798606127500534,19.999999999999996,19.999999999999996,2026-07-07 00:00:00,0.15247580389067306
29472,306,-120.34739183677671,12323.553248977067,0.0,59.24063817004957,242.49273608639018,0.008004250004887581,19.999999999999996,19.999999999999996,2026-06-25 00:00:00,0.8421107978748074
29568,307,-141.20244472177805,13334.079681143377,0.0,62.0071239109148,313.25580881131447,0.008025763556361198,19.999999999999996,19.999999999999996,2026-07-24 00:00:00,0.386683254102293
29664,308,0.0,0.0,0.0,0.0,0.0,0.007997024804353714,19.999999999999996,19.999999999999996,2026-07-29 00:00:00,0.1407116600623073
29760,309,-130.15706697907277,13565.413136254567,0.0,61.633769699082194,270.85839819358034,0.008063290268182755,19.999999999999996,19.999999999999996,2026-06-26 00:00:00,0.4577283659314971
29856,310,-124.06340345096582,12494.93592526824,0.0,60.369144398833704,253.08527503425202,0.008167663589119911,19.999999999999996,19.999999999999996,2026-06-25 00:00:00,0.6931023420177589
29952,311,0.0,0.0,0.0,0.0,0.0,0.008174911141395569,19.999999999999996,19.999999999999996,2026-06-07 00:00:00,0.30953128250384343
30048,312,-119.98285990266503,8426.742594251042,0.0,49.799894824129794,278.8491046067874,0.008175082504749298,19.999999999999996,19.999999999999996,2026-06-01 00:00:00,0.18595480625031857
30144,313,-151.67768538698107,12253.54775519575,0.0,64.43756862361172,344.57364062941025,0.008286133408546448,19.999999999999996,19.999999999999996,2026-07-14 00:00:00,0.8351674203919839
30240,314,0.0,0.0,0.0,0.0,0.0,0.008280927315354347,19.999999999999996,19.999999999999996,2026-06-27 00:00:00,0.03086515943778123
30336,315,-124.98471906892502,11093.663055935393,0.0,62.108147903454565,249.5839077600019,0.008328073658049107,19.999999999999996,19.999999999999996,2026-07-08 00:00:00,0.7353083418884102
30432,316,-145.18379599758285,9767.460994700106,0.0,63.739986489759204,322.72447368535796,0.008327823132276535,19.999999999999996,19.999999999999996,2026-06-08 00:00:00,0.6361089733899669
30528,317,-138.50889133482846,12574.428810943804,0.0,65.00268402402773,290.8386395509748,0.008367807604372501,19.999999999999996,19.999999999999996,2026-07-03 00:00:00,0.182626061981929
30624,318,-129.08213608156427,14307.529609171048,0.0,61.71921301961836,267.6558492382539,0.008349557407200336,19.999999999999996,19.999999999999996,2026-06-19 00:00:00,0.7251719161320712
30720,319,-124.22871541894396,15769.373207742783,0.0,61.50525355120527,248.33430202392827,0.00830293819308281,19.999999999999996,19.999999999999996,2026-07-02 00:00:00,0.7935128348940843
30816,320,0.0,0.0,0.0,0.0,0.0,0.008308284915983677,19.999999999999996,19.999999999999996,2026-06-21 00:00:00,0.5699842915572952
30912,321,-129.1393959894131,16661.760853865515,0.0,59.87208867031117,274.4451244730593,0.008420313708484173,19.999999999999996,19.99794897610669,2026-07-22 00:00:00,0.1911430353840562
31008,322,0.0,0.0,0.0,0.0,0.0,0.008530492894351482,19.999999999999996,19.95338416648966,2026-05-30 00:00:00,0.17312758313941823
31104,323,-109.91340738675483,5565.805690898889,0.0,20.77795158766046,355.2359579200756,0.008649995550513268,19.999999999999996,19.87079278472543,2026-07-19 00:00:00,0.7491543335574908
31200,324,-134.6375267703254,11339.139904839903,0.0,62.65690597689281,285.64533169055176,0.008743391372263432,19.999999999999996,19.754495284919667,2026-05-28 00:00:00,0.7061674221084302
31296,325,0.0,0.0,0.0,0.0,0.0,0.008717206306755543,19.999999999999996,19.608601681155985,2026-06-20 00:00:00,0.4914866587766976
31392,326,-135.00396174573225,40349.584986519025,0.0,61.41856063089755,291.68728125115575,0.008684616535902023,19.999999999999996,19.436980545149616,2026-05-21 00:00:00,0.11416874445052205
31488,327,-126.9630407224457,13431.730885433612,0.0,60.274190084191034,263.5435540730718,0.008791963569819927,19.999999999999996,19.243238868328554,2026-06-18 00:00:00,0.8823730538786
31584,328,0.0,0.0,0.0,0.0,0.0,0.00878119096159935,19.999999999999996,19.03071103845449,2026-05-30 00:00:00,0.05219913496767048
31680,329,-128.00150515242146,11332.786571389795,0.0,61.51476671385821,263.1790468596486,0.008669378235936165,19.999999999999996,18.802455295310587,2026-07-01 00:00:00,0.7994372943684636
31776,330,-119.52224040589249,5771.144838381341,0.0,25.250366366525135,375.0258536815589,0.008687429130077362,19.999999999999996,18.561256176596963,2026-07-19 00:00:00,0.7111517370678906
31872,331,-143.5541231814495,9419.922952194502,0.0,64.88335404634768,310.8037998765651,0.008721472695469856,19.999999999999996,18.309631629205555,2026-07-13 00:00:00,0.9766204037546808
31968,332,0.0,0.0,0.0,0.0,0.0,0.008684682659804821,19.999999999999996,18.04984363101951,2026-06-07 00:00:00,0.3084316607250972
32064,333,-111.23416156069398,10723.916952827352,8.0,49.563725115607305,244.8037309116302,0.008616091683506966,19.999999999999996,17.830722201331035,2026-06-16 00:00:00,0.2022158039165819
32160,334,0.0,0.0,0.0,0.0,0.0,0.008673496544361115,19.999999999999996,17.64713962943567,2026-06-27 00:00:00,0.5640117878550821
32256,335,0.0,0.0,0.0,0.0,0.0,0.00868481956422329,19.999999999999996,17.49473793407397,2026-06-07 00:00:00,0.702424555241374
32352,336,-125.57476384090656,11533.37533688054,0.0,58.977529755809,264.42860758265084,0.008819974958896637,19.999999999999996,17.369795356438036,2026-07-08 00:00:00,0.2429350991692668
32448,337,-130.44766025523603,8688.3282508031,0.0,58.2447940825473,286.5789729264173,0.008892898447811604,19.999999999999996,17.26911928291806,2026-07-21 00:00:00,0.8853707214254315
32544,338,0.0,0.0,0.0,0.0,0.0,0.008716915734112263,19.999999999999996,17.189959783967044,2026-07-26 00:00:00,0.8508363288265187
32640,339,-123.73446996328181,10070.63864087401,0.0,56.910825470578025,265.45792413353803,0.008559311740100384,19.999999999999996,17.129939347484154,2026-06-24 00:00:00,0.6261133051069822
32736,340,-131.62696534434338,16652.137241838886,0.0,59.8286079239981,283.21567495037044,0.008619115687906742,19.999999999999996,17.086995419047344,2026-07-02 00:00:00,0.12932046621992244
32832,341,0.0,0.0,0.0,0.0,0.0,0.008570889942348003,19.999999999999996,17.05933313530665,2026-05-24 00:00:00,0.19191303301846252
32928,342,0.0,0.0,0.0,0.0,0.0,0.008573093451559544,19.999999999999996,17.045386220547467,2026-06-21 00:00:00,0.5060009608037995
33024,343,-142.26888220208468,11321.973309115256,0.0,62.745181356036326,313.3831978249512,0.00866031739860773,19.999999999999996,17.043784459739214,2026-07-10 00:00:00,0.6356523051093956
33120,344,-131.70132820993587,15677.19751580258,0.0,62.82148290251036,272.0739332237346,0.008535065688192844,19.999999999999996,17.05332650032553,2026-06-30 00:00:00,0.7113205830689037
33216,345,0.0,0.0,0.0,0.0,0.0,0.008501364849507809,19.999999999999996,17.07295699581359,2026-05-24 00:00:00,0.9417641187744592
33312,346,0.0,0.0,0.0,0.0,0.0,0.008472070097923279,19.999999999999996,17.101747306117307,2026-05-30 00:00:00,0.278935639766558
33408,347,-142.7971845433766,9965.980355511587,0.0,62.706748408274635,316.2332123341084,0.00864802859723568,19.999999999999996,17.138879126814707,2026-06-22 00:00:00,0.3525292136483469
33504,348,-150.62646012869482,12000.038295619193,0.0,61.513698723636054,354.27562034564465,0.008786460384726524,19.999999999999996,17.183630542566267,2026-07-14 00:00:00,0.047570355422427935
33600,349,0.0,0.0,0.0,0.0,0.0,0.008687197230756283,19.999999999999996,17.235364096827414,2026-06-21 00:00:00,0.26886808318169186
33696,350,-129.93540070801353,6826.237287620422,0.0,25.40773862765266,416.46199811949316,0.008692936040461063,19.999999999999996,17.293516546642184,2026-07-18 00:00:00,0.420505040750196
33792,351,-125.84857828246767,10760.422468267207,0.0,61.960080053018274,252.6398469870156,0.008593729697167873,19.999999999999996,17.357590032251217,2026-07-09 00:00:00,0.44615721684901666
33888,352,-130.68058904978994,14063.402825805953,0.0,60.716420569641414,277.5146319612092,0.008458297699689865,19.999999999999996,17.42714443993582,2026-06-18 00:00:00,0.6311587895052789
33984,353,-133.96158041348627,11633.43638483298,0.0,53.79407020188404,317.48472009228834,0.008465427905321121,19.999999999999996,17.455819635446545,2026-07-14 00:00:00,0.11699214836973881
34080,354,-121.88506333484172,15516.21867906442,0.0,55.41977576778748,262.07562100132805,0.008543857373297215,19.999999999999996,17.447363306549,2026-06-30 00:00:00,0.49637448222612623
34176,355,-133.49832186356483,9091.601398713094,0.0,58.76034128726024,295.73266627631773,0.008529785089194775,19.999999999999996,17.405454080672726,2026-07-21 00:00:00,0.3381257816227038
34272,356,0.0,0.0,0.0,0.0,0.0,0.008584816940128803,19.999999999999996,17.333652133852897,2026-07-28 00:00:00,0.32568701500824115
34368,357,-167.2442812240858,13169.25291167093,0.0,63.54960992813794,412.8177421153506,0.008566632866859436,19.999999999999996,17.23536154033923,2026-07-27 00:00:00,0.016203536568620502
34464,358,-124.27403102625802,22160.036319010105,0.0,56.69631612520531,266.695648161395,0.008633174933493137,19.999999999999996,17.113802926724162,2026-07-07 00:00:00,0.6969394032056168
34560,359,-119.96585382212731,31004.759170094825,0.0,59.48126469650529,239.87442595882936,0.008689251728355885,19.999999999999996,16.97199499076706,2026-05-22 00:00:00,0.4183682559015385
34656,360,-136.00234467021897,14722.63476209476,0.0,59.382442911577684,302.8311198095021,0.008623103611171246,19.999999999999996,16.81274349675532,2026-06-18 00:00:00,0.23039838082218678
34752,361,0.0,0.0,0.0,0.0,0.0,0.008714213967323303,19.999999999999996,16.638636449267242,2026-07-25 00:00:00,0.2083232557365735
34848,362,0.0,0.0,0.0,0.0,0.0,0.008662919513881207,19.999999999999996,16.45204426155487,2026-06-27 00:00:00,0.6095393264310922
34944,363,-123.48016118415808,12114.912142050121,0.0,62.01690359632492,243.24319978953108,0.008751019835472107,19.999999999999996,16.25512386223045,2026-06-25 00:00:00,0.8696794845682048
35040,364,-141.37441033957572,9305.750515951475,0.0,64.0422542689811,305.04881279131126,0.00874350406229496,19.999999999999996,16.049825815862754,2026-06-05 00:00:00,0.48457841067514473
35136,365,-131.34951608374035,6595.162649435107,0.0,28.00770088285739,411.37123650037495,0.008877298794686794,19.999999999999996,15.837903663059384,2026-07-18 00:00:00,0.11820757820264738
35232,366,-137.0024842514927,9997.104681873354,0.0,62.41868502405529,294.9436237927281,0.008884739130735397,19.999999999999996,15.620924809120796,2026-07-06 00:00:00,0.21309121683716103
35328,367,0.0,0.0,0.0,0.0,0.0,0.008853350766003132,19.999999999999996,15.40028240445405,2026-07-29 00:00:00,0.32742721617519355
35424,368,0.0,0.0,0.0,0.0,0.0,0.008791246451437473,19.999999999999996,15.177207762922349,2026-05-23 00:00:00,0.09649146073858117
35520,369,0.0,0.0,0.0,0.0,0.0,0.008757887408137321,19.999999999999996,14.952782955424388,2026-06-27 00:00:00,0.5062090895323511
35616,370,0.0,0.0,0.0,0.0,0.0,0.008773356676101685,19.999999999999996,14.72795329519402,2026-06-07 00:00:00,0.38688813314324544
35712,371,-145.0250288680117,8876.913812829785,0.0,65.08779742503981,316.47216536402004,0.008881710469722748,19.999999999999996,14.503539499029202,2026-07-20 00:00:00,0.2578355240849527
35808,372,0.0,0.0,0.0,0.0,0.0,0.008944138884544373,19.999999999999996,14.280249365671533,2026-07-29 00:00:00,0.023679099230009437
35904,373,-121.57138080326709,11064.675121087588,0.0,58.205530643134956,251.49132738802945,0.008867103606462479,19.999999999999996,14.058688859829989,2026-07-08 00:00:00,0.7938151380712593
36000,374,0.0,0.0,0.0,0.0,0.0,0.008853967301547527,19.999999999999996,13.839372528936998,2026-06-28 00:00:00,0.0891248338027808
36096,375,-139.57823191760954,10956.47104958385,0.0,61.12617449758234,309.4288784245367,0.00889803096652031,19.999999999999996,13.622733210724256,2026-07-10 00:00:00,0.3546680551699154
36192,376,-133.48326469232077,6817.255195054539,0.0,29.477999480506654,414.0792839659688,0.008858309127390385,19.999999999999996,13.409131014162469,2026-07-18 00:00:00,0.4945124960161368
36288,377,-138.87819352462304,16760.637962804718,0.0,58.6153826306205,317.3201455511699,0.008803357370197773,19.999999999999996,13.198861575211687,2026-06-02 00:00:00,0.7375302212310227
36384,378,-127.89648688939317,13173.314914733686,6.0,59.10028491931281,271.9773081631688,0.008786183781921864,19.999999999999996,13.01226096439059,2026-06-25 00:00:00,0.15547985247530527
36480,379,-126.77929712564121,9948.337954662684,0.0,58.944727673008806,268.6407403628883,0.008755819872021675,19.999999999999996,12.846428724472977,2026-06-24 00:00:00,0.7635842965254596
36576,380,-120.16352251153995,8206.731697623823,0.0,51.10184851749944,272.2250650739885,0.00877208448946476,19.999999999999996,12.698865878099104,2026-06-01 00:00:00,0.8742950454511926
36672,381,-108.23957402919078,5242.465401466404,0.0,21.107627108044674,347.35005028353595,0.008687661029398441,19.999999999999996,12.56741111225756,2026-07-19 00:00:00,0.3698686173821599
36768,382,-141.49914714941218,9463.496723252734,0.0,61.37244343346555,316.4254955118086,0.008435102179646492,19.999999999999996,12.450188526082474,2026-06-05 00:00:00,0.33326611389620786
36864,383,-134.43360948988558,8890.9122674944,0.0,59.9282341342984,295.21654840241183,0.008292298763990402,19.999999999999996,12.345564604670876,2026-07-21 00:00:00,0.4518182596989919
36960,384,0.0,0.0,0.0,0.0,0.0,0.008225766941905022,19.999999999999996,12.252112597415408,2026-05-30 00:00:00,0.9786950995439572
37056,385,-138.5486450157064,8930.70042257223,0.0,59.881977953492395,310.7538762262751,0.008356328122317791,19.999999999999996,12.168582872711813,2026-07-20 00:00:00,0.7709677914409706
37152,386,0.0,0.0,0.0,0.0,0.0,0.008423550985753536,19.999999999999996,12.093878122804842,2026-06-03 00:00:00,0.9519880425173151
37248,387,-122.45663690803086,15525.55898331928,0.0,58.7411571860761,252.5954615390415,0.008430775254964828,19.999999999999996,12.027032525652572,2026-05-27 00:00:00,0.9540616478283644
37344,388,-90.64220952563514,8669.109227724211,0.0,42.21038235331644,190.4599489172347,0.008428419940173626,19.999999999999996,11.967194151737107,2026-06-16 00:00:00,0.9132096506507744
37440,389,0.0,0.0,0.0,0.0,0.0,0.008375771343708038,19.999999999999996,11.913610045140782,2026-05-24 00:00:00,0.29317863585071224
37536,390,-126.73445347161962,12406.756338403433,0.0,60.30951490330179,263.3909462061284,0.008450726978480816,19.999999999999996,11.865613519218165,2026-05-26 00:00:00,0.9146255084520568
37632,391,-131.2183147301316,15909.693006209622,0.0,61.7881171551465,274.6735491596579,0.008469194173812866,19.999999999999996,11.822613294799103,2026-06-30 00:00:00,0.527854748127103
37728,392,0.0,0.0,0.0,0.0,0.0,0.008458285592496395,19.999999999999996,11.784084178334467,2026-06-07 00:00:00,0.3535707625331821
37824,393,-130.9388597135981,11967.927027371388,0.0,62.46691686012513,270.5900572768207,0.00853919330984354,19.999999999999996,11.74955903275771,2026-07-03 00:00:00,0.17066778527002957
37920,394,-150.05887374715562,10687.146672453882,0.0,64.35739089032991,339.23990605667626,0.008622437715530396,19.999999999999996,11.718621838153664,2026-06-22 00:00:00,0.27382421332926166
38016,395,0.0,0.0,0.0,0.0,0.0,0.008671900257468224,19.999999999999996,11.690901674962713,2026-07-12 00:00:00,0.9981770771604073
38112,396,-147.8299783369141,15080.224216219422,0.0,62.7039375409337,336.8478061727847,0.008609315380454063,19.999999999999996,11.666067491229414,2026-06-25 00:00:00,0.11015282951292915
38208,397,-134.50637139435878,14695.595803086739,0.0,62.409487212819165,285.26373741256344,0.008668072521686554,19.999999999999996,11.643823538747444,2026-06-19 00:00:00,0.6060697570292559
38304,398,0.0,0.0,0.0,0.0,0.0,0.008617229759693146,19.999999999999996,11.607541848087246,2026-07-04 00:00:00,0.826406521660727
38400,399,-130.9039494461861,14552.007412990451,0.0,61.71068138598074,273.492364731439,0.00861466582864523,19.999999999999996,11.558764994842655,2026-05-29 00:00:00,0.8602557253051727
38496,400,0.0,0.0,0.0,0.0,0.0,0.008596840314567089,19.999999999999996,11.498934252213996,2026-05-23 00:00:00,0.8508721069981472
38592,401,-121.17480020065096,39170.67076559213,0.0,61.30515398545122,236.83306089998504,0.008560209535062313,19.999999999999996,11.429388136160606,2026-05-21 00:00:00,0.9071762133584401
38688,402,-126.62460308250701,15399.351374039377,0.0,60.80122863629013,260.49621981844194,0.008487136103212833,19.999999999999996,11.351362938704604,2026-06-30 00:00:00,0.5464036402408399
38784,403,0.0,0.0,0.0,0.0,0.0,0.008431434631347656,19.999999999999996,11.265994816242129,2026-06-21 00:00:00,0.40295059540779166
38880,404,-171.4415003880667,16567.730706842423,0.0,60.85961901393193,440.5813719995185,0.008404344320297241,19.999999999999996,11.174323061310583,2026-05-26 00:00:00,0.010190420394376565
38976,405,0.0,0.0,0.0,0.0,0.0,0.008371906355023384,19.999999999999996,11.077294243421814,2026-07-12 00:00:00,0.2320664156576635
39072,406,-136.62518572953252,10845.874551902994,0.0,65.33840587926016,281.47694922151754,0.008340182714164257,19.999999999999996,10.975766956508666,2026-07-27 00:00:00,0.5696411679153073
39168,407,-121.96379134950335,8232.649304850893,0.0,53.99981124389111,267.9071228622898,0.008298647589981556,19.999999999999996,10.870516956894624,2026-06-01 00:00:00,0.2863226040379553
39264,408,0.0,0.0,0.0,0.0,0.0,0.008196183480322361,19.999999999999996,10.762242516452991,2026-07-12 00:00:00,0.5023712963571381
39360,409,-137.24319261533918,10858.900692642046,0.0,61.71682004960091,298.85467007918555,0.008010550402104855,19.999999999999996,10.651569850964538,2026-06-24 00:00:00,0.8764243122553341
39456,410,-146.03268742358503,9332.564070017646,0.0,65.11880373698699,319.8007026608123,0.007849538698792458,19.999999999999996,10.539058513947994,2026-06-04 00:00:00,0.779933054629075
39552,411,-133.4497145096208,10454.298130836056,0.0,59.7322582359249,292.33218136951274,0.007776618469506502,19.999999999999996,10.425206671850324,2026-06-09 00:00:00,0.10290498636153123
39648,412,-126.85427255838037,40288.43571788706,2.0,60.516498579821196,262.62332715660534,0.007629831787198782,19.999999999999996,10.314872567040107,2026-05-21 00:00:00,0.8586766103042396
39744,413,-168.77053776000562,15125.214403317961,0.0,63.54765829154029,417.161528280018,0.007622693199664354,19.999999999999996,10.207826420267867,2026-07-08 00:00:00,0.00808570559862587
39840,414,-129.41957853321964,14255.336783856283,0.0,60.91357333509415,271.31381304617497,0.007481201086193323,19.999999999999996,10.103859066951197,2026-05-29 00:00:00,0.8352822039445957
39936,415,-124.82118028518839,12197.083716498028,0.0,55.282122204370054,274.4134793279314,0.007519856095314026,19.999999999999996,10.00277986723922,2026-07-23 00:00:00,0.7798131391181208
40032,416,-129.08359425383642,10195.9357779557,0.0,57.788655945187514,283.3483500991246,0.007613502908498049,19.999999999999996,9.904414844638207,2026-06-24 00:00:00,0.15416540871706885
40128,417,-132.00289237262663,13776.216016475999,0.0,62.765733411364614,274.1195518216296,0.007488281931728125,19.999999999999996,9.808605026211815,2026-06-18 00:00:00,0.9131117067593861
40224,418,-132.585870589261,16950.71750696471,0.0,62.28806052225926,278.15580258685367,0.0073862336575984955,19.999999999999996,9.715204960849373,2026-07-22 00:00:00,0.33411283576718986
40320,419,-139.0907248966774,12957.077999948495,0.0,62.1151576034466,305.6081181390996,0.0073137348517775536,19.999999999999996,9.624081395082422,2026-07-24 00:00:00,0.36859333867175303
40416,420,-113.90849213599478,5587.641100844679,0.0,22.317146855626415,365.15852358229574,0.007318259682506323,19.999999999999996,9.535112088499622,2026-07-19 00:00:00,0.5080307287650251
40512,421,0.0,0.0,0.0,0.0,0.0,0.007360799238085747,19.999999999999996,9.44818475302697,2026-06-21 00:00:00,0.1560769199696901
40608,422,-130.12873996141505,16090.86656503996,0.0,59.75907163009196,278.8386556466529,0.007397121284157038,19.999999999999996,9.363196102257165,2026-06-30 00:00:00,0.25011837367197776
40704,423,-123.65751544855188,11950.895174722298,0.0,57.40802242088787,262.0266725847096,0.007474537007510662,19.999999999999996,9.280050998673332,2026-07-23 00:00:00,0.9276792882248344
40800,424,-139.22822926029076,9662.080960106594,0.0,65.75518548269598,289.54881050172384,0.0074384696781635284,19.999999999999996,9.198661688055575,2026-07-06 00:00:00,0.521057660035193
40896,425,-127.72062222715421,40250.61778844608,0.0,57.02788515044746,279.5555159608389,0.0074175260961055756,19.999999999999996,9.118947111615496,2026-05-21 00:00:00,0.1395990378149855
40992,426,-95.43980242509458,8682.342815286913,0.0,47.97766494296075,186.8395862922264,0.007465250790119171,19.999999999999996,9.040832287499974,2026-06-16 00:00:00,0.8641471134209888
41088,427,0.0,0.0,0.0,0.0,0.0,0.007441619876772165,19.999999999999996,8.964247754264052,2026-06-03 00:00:00,0.3109189263928043
41184,428,-124.42410478511809,13794.101064288649,0.0,59.991359319900816,254.9891960702796,0.007499756291508675,19.999999999999996,8.889129069752347,2026-05-29 00:00:00,0.5667748284502317
41280,429,-130.4850380409807,11724.766957942096,0.0,61.58611602921475,273.50648422549403,0.007535722106695175,19.999999999999996,8.815416359565152,2026-07-08 00:00:00,0.20350189437675237
41376,430,-108.49963355742061,5234.904823800445,0.0,23.335902832719803,339.3460151757399,0.007521143648773432,19.999999999999996,8.743053909933243,2026-07-19 00:00:00,0.754354761396307
41472,431,0.0,0.0,0.0,0.0,0.0,0.007523536216467619,19.999999999999996,8.67198980039583,2026-07-04 00:00:00,0.601275182609073
41568,432,-135.87159192137892,11262.446307722095,0.0,60.801188779023974,296.90057704628094,0.0076218536123633385,19.999999999999996,8.599021551276946,2026-07-27 00:00:00,0.40879285947953903
41664,433,-123.65602192906651,9635.517701531748,0.0,57.63100024610165,261.4589362903969,0.007685245014727116,19.999999999999996,8.524516055941215,2026-06-09 00:00:00,0.45600063108244837
41760,434,-140.50261344052979,11692.243005948852,0.0,55.43551866370473,337.8125935748232,0.0077704875729978085,19.999999999999996,8.448801878694278,2026-06-09 00:00:00,0.08172030116119522
41856,435,-123.97658862396541,10736.624503574278,0.0,56.6370930636889,267.6515105190919,0.0076220170594751835,19.999999999999996,8.372172434893804,2026-07-15 00:00:00,0.8009068604762796
41952,436,-145.02234767271247,9779.345694718126,0.0,65.2795785652637,314.4485458422423,0.007429852150380611,19.999999999999996,8.294889005346299,2026-06-08 00:00:00,0.4386435451480458
42048,437,-115.60864700729218,5544.874386240163,0.0,24.19298833965098,365.08651433339645,0.007401330396533012,19.999999999999996,8.217183574080344,2026-07-18 00:00:00,0.44697354478203377
42144,438,-142.18917708109794,10268.10186569194,0.0,63.901466818269064,308.19421003457074,0.007257421500980854,19.999999999999996,8.13926148416656,2026-07-06 00:00:00,0.24980422731320906
42240,439,-115.66639298497032,5343.1468729688795,0.0,28.505882132032223,347.7598074110853,0.007214866578578949,19.999999999999996,8.061303910610528,2026-07-18 00:00:00,0.07379797013550604
42336,440,-125.39344472234582,16151.13378072544,0.0,61.08027297125736,254.9113001539843,0.00717974454164505,19.999999999999996,7.983470152683204,2026-07-22 00:00:00,0.5397554943941588
42432,441,-116.9871578610498,7927.376293004243,0.0,52.514603428472384,254.31160657168846,0.007160697132349014,19.999999999999996,7.90589975055356,2026-06-01 00:00:00,0.5451881725733422
42528,442,-99.56581299269516,36118.77689305744,5.0,51.8204792658646,186.2316720759388,0.007093722932040691,19.999999999999996,7.835351692038051,2026-05-20 00:00:00,0.779644525054367
42624,443,-176.55978879227504,14831.124423815405,0.0,61.92369258322467,455.9981078021842,0.007144411560148001,19.999999999999996,7.7710464695727755,2026-07-27 00:00:00,0.018652975679620654
42720,444,0.0,0.0,0.0,0.0,0.0,0.007029768079519272,19.999999999999996,7.71229868642971,2026-05-24 00:00:00,0.1457523838391822
42816,445,-133.15180493866563,15664.899859614801,0.0,61.43730346250924,284.50925967820075,0.0070042116567492485,19.999999999999996,7.658504367060545,2026-06-02 00:00:00,0.5887390055483851
42912,446,0.0,0.0,0.0,0.0,0.0,0.006896059028804302,19.999999999999996,7.609130208497114,2026-05-23 00:00:00,0.7398122259259479
43008,447,-138.36104162826157,9385.628736449826,0.0,61.132815734846886,304.96071529373694,0.006873675622045994,19.999999999999996,7.563704437823234,2026-06-08 00:00:00,0.6392927341410224
43104,448,-132.53925235327773,10502.093125243098,0.0,59.85576338845188,287.8294225826762,0.006840047892183065,19.999999999999996,7.52180900470785,2026-06-24 00:00:00,0.3602187345753447
43200,449,-129.24441356985096,14344.842668529227,0.0,60.83015250896992,271.7813718347545,0.0069525884464383125,19.999999999999996,7.48307288871318,2026-06-19 00:00:00,0.8385923731444055
43296,450,-128.37665123021168,14138.903376206263,0.0,61.45119748073842,266.00369409407966,0.006828248035162687,19.999999999999996,7.447166341499497,2026-05-29 00:00:00,0.18021423953052085
43392,451,-142.2229424848776,9195.123540512453,0.0,63.966712949588285,310.6369600670383,0.0068556396290659904,19.999999999999996,7.413795916385829,2026-06-04 00:00:00,0.24326757390486176
43488,452,-112.40077565278048,5406.091766446474,0.0,24.3309811336395,351.11551538984844,0.006785992998629808,19.999999999999996,7.382700163720397,2026-07-19 00:00:00,0.11765994590583995
43584,453,0.0,0.0,0.0,0.0,0.0,0.006909307092428207,19.999999999999996,7.353645891500459,2026-06-28 00:00:00,0.8799682993830944
43680,454,-137.44346800741485,9255.526350743858,0.0,59.86000091910716,308.39907674611925,0.006884277332574129,19.999999999999996,7.326424907695335,2026-06-05 00:00:00,0.29920492200239646
43776,455,-126.65029394138239,15284.738306282095,0.0,56.840771647309694,277.594534889334,0.006847798358649015,19.999999999999996,7.30085117457717,2026-06-02 00:00:00,0.6478014379759511
43872,456,-119.73208059789835,15172.36398669009,0.0,61.5270673779472,230.87274945229075,0.006887038238346577,19.999999999999996,7.276758316685269,2026-07-02 00:00:00,0.9192339685255418
43968,457,0.0,0.0,0.0,0.0,0.0,0.006922491360455751,19.999999999999996,7.2539974333404285,2026-06-21 00:00:00,0.5398021197478979
44064,458,0.0,0.0,0.0,0.0,0.0,0.006794524844735861,19.999999999999996,7.232435174279502,2026-06-20 00:00:00,0.10299171902019033
44160,459,-136.22094733376537,11719.393215335058,0.0,63.12487628810245,290.25596500647686,0.006720110308378935,19.999999999999996,7.211952043310224,2026-07-09 00:00:00,0.14545355615099587
44256,460,-125.05520665313175,12138.787037454638,0.0,66.10219408932466,233.9909291995981,0.0067067258059978485,19.999999999999996,7.1924409001409595,2026-06-25 00:00:00,0.9096205752310728
44352,461,0.0,0.0,0.0,0.0,0.0,0.006597708910703659,19.999999999999996,7.173805634918496,2026-07-25 00:00:00,0.33853449827265547
44448,462,0.0,0.0,0.0,0.0,0.0,0.006636559963226318,19.999999999999996,7.150302777185351,2026-07-26 00:00:00,0.7108818733354044
44544,463,-126.33628720234898,15353.894522271867,0.0,56.796312885955665,276.2685285378943,0.006594060454517603,19.999999999999996,7.122477510118387,2026-06-02 00:00:00,0.35097062278662017
44640,464,-141.98150500996985,9125.083928726295,0.0,63.35034919846028,312.1595737025553,0.006548538338392973,19.999999999999996,7.090830949562909,2026-06-04 00:00:00,0.2710673443058428
44736,465,0.0,0.0,0.0,0.0,0.0,0.006586820352822542,19.999999999999996,7.055822232219757,2026-07-04 00:00:00,0.5216835307592502
44832,466,-124.6145052412225,31006.51254566007,0.0,61.60079766660067,249.97371556847168,0.006539401598274708,19.999999999999996,7.017870790207068,2026-05-22 00:00:00,0.08886498591592462
44928,467,0.0,0.0,0.0,0.0,0.0,0.006616767030209303,19.999999999999996,6.977358732359507,2026-07-25 00:00:00,0.4174650918111642
45024,468,-141.0146222847179,9804.033697033132,0.0,68.31643113191753,287.0929801034549,0.006582104135304689,19.999999999999996,6.934633268951223,2026-07-06 00:00:00,0.6530138477060042
45120,469,-132.34798970512608,14178.899708641875,0.0,58.84707543129221,290.2445553411791,0.006464679259806871,19.999999999999996,6.8900091303308635,2026-06-26 00:00:00,0.3647731449753673
45216,470,-127.03597430264762,39739.87885619712,1.0,62.02497142354883,256.2331677558055,0.006384563632309437,19.999999999999996,6.84482113402227,2026-05-21 00:00:00,0.8454387535800871
45312,471,0.0,0.0,0.0,0.0,0.0,0.006341352127492428,19.999999999999996,6.799195033307568,2026-06-28 00:00:00,0.1418941916635914
45408,472,-127.78930922353784,14257.957143061343,0.0,60.877488567630074,265.25118681925954,0.006370702292770147,19.999999999999996,6.753243218326873,2026-05-29 00:00:00,0.5060815636011445
45504,473,0.0,0.0,0.0,0.0,0.0,0.006325258873403072,19.999999999999996,6.7070659510104145,2026-07-12 00:00:00,0.9756075645731908
45600,474,0.0,0.0,0.0,0.0,0.0,0.0063881357200443745,19.999999999999996,6.660752500964179,2026-07-04 00:00:00,0.3563541567253974
45696,475,0.0,0.0,0.0,0.0,0.0,0.006373175885528326,19.999999999999996,6.614382187730845,2026-06-07 00:00:00,0.5520812084087724
45792,476,-126.13113660175455,11411.77167335658,0.0,58.860628818264765,266.81461532976687,0.0064548226073384285,19.999999999999996,6.5680253350842515,2026-07-01 00:00:00,0.4879716209480295
45888,477,-134.6301231416203,8998.212005121153,0.0,60.36714295888712,294.72353520659766,0.006538796704262495,19.999999999999996,6.521744143097368,2026-07-21 00:00:00,0.5209515317502472
45984,478,-207.71382775487848,14291.092564320774,0.0,63.698231656475464,573.0142631396573,0.006552861072123051,19.999999999999996,6.4755934836875415,2026-07-20 00:00:00,0.0028253671705983363
46080,479,0.0,0.0,0.0,0.0,0.0,0.006568130571395159,19.999999999999996,6.429621625218311,2026-07-04 00:00:00,0.7581640608279033
46176,480,0.0,0.0,0.0,0.0,0.0,0.006524591241031885,19.999999999999996,6.383870891548471,2026-07-28 00:00:00,0.35156737389502946
46272,481,-132.4823647728439,12568.816673839507,0.0,57.74509635535485,295.9957854211466,0.00655078049749136,19.999999999999996,6.338378260685367,2026-07-24 00:00:00,0.5880178683443327
46368,482,-170.00291360093098,16288.747144081535,0.0,58.33969859085162,443.773769897858,0.006521959789097309,19.999999999999996,6.293175907936055,2026-07-09 00:00:00,0.014556893688500327
46464,483,-127.66250267571967,10927.458754481566,0.0,61.88982586330244,261.2561184904999,0.0065393391996622086,19.999999999999996,6.248291698168782,2026-07-09 00:00:00,0.4437116032106321
46560,484,-158.10431078407822,6258.465453287115,0.0,25.422345680152816,529.0398928738879,0.006635528523474932,19.999999999999996,6.203749631507664,2026-07-18 00:00:00,0.012399589334804673
46656,485,-135.9870140050455,8870.101062152855,0.0,59.98355290254162,301.8590870710347,0.006691306829452515,19.999999999999996,6.159570246492479,2026-06-04 00:00:00,0.28775518150403634
46752,486,0.0,0.0,0.0,0.0,0.0,0.006749745458364487,19.999999999999996,6.115770984448638,2026-06-28 00:00:00,0.35437075167339127
46848,487,-124.88102301125869,12767.368302114197,1.0,56.165993543684415,272.5889741868505,0.006884139031171799,19.999999999999996,6.073212143610467,2026-05-26 00:00:00,0.45679423950410714
46944,488,-124.80106490588314,15897.689522171822,0.0,61.0761495766189,252.16258800354248,0.006702649872750044,19.999999999999996,6.031799912081459,2026-07-22 00:00:00,0.7939729899459872
47040,489,-124.34059496579412,10223.349280417151,0.0,60.38309231037596,253.0757920320142,0.006613016594201326,19.999999999999996,5.99144963520256,2026-07-15 00:00:00,0.59482006750991
47136,490,-142.3094112661775,9167.113612150528,0.0,61.57488375249992,320.744408526772,0.0066366675309836864,19.999999999999996,5.951269781374974,2026-06-04 00:00:00,0.24117326078386914
47232,491,-91.53364017138117,8457.269667340039,2.0,45.18744230960052,182.65065081491392,0.006702937185764313,19.999999999999996,5.912902853088483,2026-06-16 00:00:00,0.3915118137263901
47328,492,-120.44665724507593,10177.328836628441,0.0,57.96259620744696,247.26977326190533,0.00670552346855402,19.999999999999996,5.876177898219807,2026-07-15 00:00:00,0.6132586454112415
47424,493,-134.0749967613605,10587.06415709234,0.0,61.142687704571976,288.5584192774042,0.006715936120599508,19.999999999999996,5.8409419453484785,2026-06-24 00:00:00,0.14857556510122705
47520,494,-136.04414069562648,16025.28907808367,0.0,61.44385375005855,295.50241362175166,0.006755976006388664,19.999999999999996,5.807057997956068,2026-06-02 00:00:00,0.3544956918841816
47616,495,0.0,0.0,0.0,0.0,0.0,0.0067118192091584206,19.999999999999996,5.7744032704450605,2026-06-20 00:00:00,0.25124193932989003
47712,496,-134.8280836474513,11131.165849947973,0.0,57.58645122864056,306.083794595865,0.006716093048453331,19.999999999999996,5.7428676337366475,2026-07-10 00:00:00,0.8874806223065561
47808,497,-120.22049921588106,12529.41601905827,0.0,57.82644214535899,248.02269384519676,0.006764337886124849,19.999999999999996,5.712352243012019,2026-06-25 00:00:00,0.7287456376242702
47904,498,-124.534280221804,15255.23723815327,0.0,60.12911686297361,254.71020687524174,0.0067420704290270805,19.999999999999996,5.682768324171937,2026-06-30 00:00:00,0.4086941942718463
48000,499,-130.92528588779123,10269.750077579574,0.0,59.42100067891111,282.6112275972504,0.006782412063330412,19.999999999999996,5.65403609894798,2026-06-09 00:00:00,0.6463622686443616
48096,500,-139.94487939753526,13120.513641016436,0.0,58.839168140585,321.65463165062147,0.00675650779157877,19.999999999999996,5.626083831421503,2026-07-24 00:00:00,0.10775685179388161
48192,501,-128.7261944046112,11793.216277601918,0.0,59.30101770134622,275.54148162702984,0.006854819133877754,19.999999999999996,5.598846981086817,2026-07-01 00:00:00,0.8454088029192939
48288,502,-96.81503010677956,36290.68767474583,0.0,50.94652371624814,179.90959338974906,0.0068611763417720795,19.999999999999996,5.572267449609365,2026-05-20 00:00:00,0.7315858532263515
48384,503,0.0,0.0,0.0,0.0,0.0,0.0067868344485759735,19.999999999999996,5.546292910139719,2026-05-24 00:00:00,0.4516982923738255
48480,504,-126.1325331742002,11118.780682382532,0.0,62.01008829478127,254.0587244736612,0.006789071019738913,19.999999999999996,5.520876209500891,2026-07-01 00:00:00,0.28821747127675446
48576,505,-132.47702445912935,10343.167488757139,0.0,61.745046871330615,280.27744448026687,0.006704781670123339,19.999999999999996,5.4959748348109185,2026-06-24 00:00:00,0.6832444012903325
48672,506,0.0,0.0,0.0,0.0,0.0,0.006598439067602158,19.999999999999996,5.471550437169554,2026-06-21 00:00:00,0.83445395661937
48768,507,-127.70386977562055,13408.372887870844,0.0,60.03314898407008,268.09216649746685,0.0065197148360311985,19.999999999999996,5.4468721028765055,2026-06-26 00:00:00,0.8495205990670199
48864,508,0.0,0.0,0.0,0.0,0.0,0.00641983887180686,19.999999999999996,5.421988945345572,2026-05-30 00:00:00,0.4553093237721475
48960,509,-122.69668481001993,10848.910204419852,0.0,58.80977759539189,253.7836686936524,0.0064635914750397205,19.999999999999996,5.39694501652571,2026-07-09 00:00:00,0.4008025488438398
49056,510,-125.6754082685914,11182.190008619627,0.0,61.78066791403047,252.94130718928378,0.006544845178723335,19.999999999999996,5.371779788261183,2026-07-08 00:00:00,0.6352454110773877
49152,511,-121.6124421867901,21516.241390099403,0.0,61.075139213230514,239.60127771589563,0.006508548278361559,19.999999999999996,5.345180268628872,2026-07-07 00:00:00,0.5870199262423554
49248,512,-125.03365309489979,12854.40100551218,0.0,57.080207808022266,268.47392700818705,0.006465530022978783,19.999999999999996,5.3173365490481554,2026-07-16 00:00:00,0.43928051283287206
49344,513,0.0,0.0,0.0,0.0,0.0,0.006465471815317869,19.999999999999996,5.288420649843134,2026-06-03 00:00:00,0.9436473405403267
49440,514,0.0,0.0,0.0,0.0,0.0,0.006435240153223276,19.999999999999996,5.258587972126165,2026-07-04 00:00:00,0.7702007969632857
49536,515,-128.27626116926342,12193.493608793251,0.0,59.69161598089773,271.9522866598932,0.006499498151242733,19.999999999999996,5.227978671027496,2026-07-03 00:00:00,0.16997127747286167
49632,516,-139.76011642697094,17415.74001116936,0.0,60.97839577831866,311.10516412281385,0.006455573718994856,19.999999999999996,5.196718946705871,2026-07-22 00:00:00,0.07643652371553389
49728,517,-132.68771965422553,9377.97689794696,0.0,62.01996185422476,279.0838430253713,0.006452456116676331,19.999999999999996,5.164922251811425,2026-07-06 00:00:00,0.5373384246279049
49824,518,0.0,0.0,0.0,0.0,0.0,0.006475492846220732,19.999999999999996,5.132690415792521,2026-05-23 00:00:00,0.5180439494139836
49920,519,-122.21211616162611,15500.095610566093,0.0,55.475964830031195,263.85654870825545,0.0064719058573246,19.999999999999996,5.100114687735305,2026-06-30 00:00:00,0.254308978717514
50016,520,0.0,0.0,0.0,0.0,0.0,0.006458076648414135,19.999999999999996,5.067276700377555,2026-05-23 00:00:00,0.20020214308416961
50112,521,-128.6714848560959,16026.6687298769,0.0,60.02379553327078,271.6824857944519,0.0062922886572778225,19.999999999999996,5.034249358613441,2026-05-27 00:00:00,0.6186204094746531
50208,522,0.0,0.0,0.0,0.0,0.0,0.006137946154922247,19.999999999999996,5.0010976562587794,2026-07-26 00:00:00,0.8845769716394857
50304,523,-148.96330299907828,9932.594760437758,0.0,62.08709826978677,343.87936910351425,0.006108884699642658,19.999999999999996,4.967879425123602,2026-06-04 00:00:00,0.2784693958436275
50400,524,-124.29523578659362,16084.349946995293,0.0,59.766572131590536,255.90525861124274,0.006089294794946909,19.999999999999996,4.934646020578614,2026-07-02 00:00:00,0.29237916904896344
50496,525,-134.43861748908472,10465.41044763668,0.0,61.20312810478251,289.6630956791606,0.006010772194713354,19.999999999999996,4.901442947835794,2026-07-10 00:00:00,0.8399620952086537
50592,526,-135.98460788264896,9678.687047992275,0.0,63.927178490187366,284.6839329838489,0.006082657724618912,19.999999999999996,4.868310433116668,2026-07-06 00:00:00,0.6010404745210539
50688,527,-140.4134638603863,13083.294383361823,0.0,61.47065406219627,313.6316030720905,0.006070627365261316,19.999999999999996,4.835283943775316,2026-07-24 00:00:00,0.32798357123667754
50784,528,-125.2879262006852,12237.309780763333,0.0,60.71071401994073,256.2501145430242,0.006026200484484434,19.999999999999996,4.802394661293764,2026-07-16 00:00:00,0.8237656266833284
50880,529,-121.08451235774926,39596.36182935049,0.0,58.53243010533318,247.79116176110645,0.006050074938684702,19.999999999999996,4.769669910888237,2026-05-21 00:00:00,0.43901645586830174
50976,530,0.0,0.0,0.0,0.0,0.0,0.0060366978868842125,19.999999999999996,4.737133551266467,2026-07-28 00:00:00,0.7384713001147585
51072,531,0.0,0.0,0.0,0.0,0.0,0.006021237000823021,19.999999999999996,4.704806327867023,2026-07-25 00:00:00,0.0735152334811342
51168,532,-127.61592430559455,14378.039997101836,0.0,59.99837590771934,267.60846713252187,0.006011749617755413,19.999999999999996,4.67270619269781,2026-05-29 00:00:00,0.9507696097592077
51264,533,-118.45509370971587,8215.496862936694,0.0,50.8696338025188,266.6952301710993,0.006010445766150951,19.999999999999996,4.640848593677425,2026-06-01 00:00:00,0.8534561859047128
51360,534,-123.60481732285876,6219.003344625242,0.0,25.042354289339283,391.93493893938637,0.00594696868211031,19.999999999999996,4.609246736173446,2026-07-18 00:00:00,0.23137807375800268
51456,535,0.0,0.0,0.0,0.0,0.0,0.006059388630092144,19.999999999999996,4.577911819228768,2026-07-12 00:00:00,0.4412492612987119
51552,536,-121.39021313980376,10974.124976745494,0.0,59.35668780594578,245.65458393733272,0.005909302271902561,19.999999999999996,4.546853248772465,2026-07-08 00:00:00,0.18702311191793441
51648,537,0.0,0.0,0.0,0.0,0.0,0.005892524030059576,19.999999999999996,4.516078829926819,2026-06-21 00:00:00,0.27377814536755507
51744,538,-99.16329420026311,36681.4614741659,5.0,49.46798418810615,194.22739429976872,0.005907088052481413,19.999999999999996,4.488052334670164,2026-05-20 00:00:00,0.7001896956195572
51840,539,0.0,0.0,0.0,0.0,0.0,0.00589511776342988,19.999999999999996,4.462477627996919,2026-07-25 00:00:00,0.28947982394648386
51936,540,-135.97404596818242,8825.578521399253,0.0,61.83878206150592,294.2497951620861,0.005887642502784729,19.999999999999996,4.439092636076789,2026-06-04 00:00:00,0.6783579269952815
52032,541,0.0,0.0,0.0,0.0,0.0,0.005926007404923439,19.999999999999996,4.417665044308099,2026-05-30 00:00:00,0.2625994269453624
52128,542,-119.10430417096687,5988.584896675786,0.0,23.42396055231473,379.81651689462234,0.0059340293519198895,19.999999999999996,4.397988606385315,2026-07-18 00:00:00,0.4232574493553324
52224,543,-115.77940988728069,5823.881975890349,0.0,22.744994640717056,371.13813699949515,0.005921388976275921,19.999999999999996,4.379879966251721,2026-07-19 00:00:00,0.40929170179832475
52320,544,-115.2544199731523,30379.63633914936,2.0,59.26966230650222,222.0703295941906,0.005899048876017332,19.999999999999996,4.3641099931691985,2026-05-22 00:00:00,0.9776335657320596
52416,545,-134.69668636590367,10624.202217831462,0.0,60.77912743220016,293.31722916040076,0.005858760327100754,19.999999999999996,4.350429455792566,2026-06-24 00:00:00,0.24443191355514604
52512,546,-130.87440057066465,11121.414735383865,0.0,60.50813355118411,279.9988155548763,0.005854674614965916,19.999999999999996,4.338617539501064,2026-05-28 00:00:00,0.5802557763693047
52608,547,-126.05419465958805,15548.859898093882,0.0,54.79074997593413,282.19103389770146,0.005825909785926342,19.999999999999996,4.328478297541656,2026-06-02 00:00:00,0.582652274683856
52704,548,-131.73156487354166,8355.264937247159,0.0,59.66728669529718,286.08389141120244,0.005791160743683577,19.999999999999996,4.319837600492948,2026-06-04 00:00:00,0.8041123988365412
52800,549,0.0,0.0,0.0,0.0,0.0,0.005828960798680782,19.999999999999996,4.312540504754953,2026-07-29 00:00:00,0.10984307398479731
52896,550,-132.0031826137129,10824.689413981532,0.0,58.667232527418825,289.96788493110995,0.005862482823431492,19.999999999999996,4.3064489748881405,2026-07-27 00:00:00,0.638370150332925
52992,551,0.0,0.0,0.0,0.0,0.0,0.005876174196600914,19.999999999999996,4.301439905991436,2026-07-25 00:00:00,0.7113711228476561
53088,552,-130.41703590629692,14546.996517970758,0.0,60.72003019277029,275.91709082478974,0.005905854515731335,19.999999999999996,4.29740340149939,2026-06-19 00:00:00,0.8874414226318617
53184,553,-132.4985144778759,9507.752424289194,0.0,62.94650700716989,275.0113128716778,0.005858609452843666,19.999999999999996,4.294241269241946,2026-07-06 00:00:00,0.7816074914454624
53280,554,-139.09437424426662,9503.764597057025,0.0,61.63662523809282,307.51609507303067,0.005881887394934893,19.999999999999996,4.291865704696051,2026-06-05 00:00:00,0.979238960685729
53376,555,-95.57957509817783,35884.086225128565,0.0,49.38101277679563,182.04314829621683,0.0059584020636975765,19.999999999999996,4.290198135341424,2026-05-20 00:00:00,0.7997068799777262
53472,556,-127.8194082412185,10100.979817733903,0.0,59.97405196811954,268.93189998406336,0.0059197572991251945,19.999999999999996,4.2891682041294175,2026-07-14 00:00:00,0.38914982226108663
53568,557,-127.99686832633476,15343.430755204297,0.0,60.81939917319188,265.7611291200507,0.005950211081653833,19.999999999999996,4.288712873455282,2026-06-30 00:00:00,0.11353397471629689
53664,558,-124.60531919970698,15506.35973969234,0.0,61.29021759332757,251.24137148156947,0.005898010917007923,19.999999999999996,4.2864913125192885,2026-05-27 00:00:00,0.49226670374503956
53760,559,-135.3962657645485,11677.26978040423,0.0,57.938904374737064,307.18159081668875,0.005909781437367201,19.999999999999996,4.28267967602605,2026-07-09 00:00:00,0.053718098413176096
53856,560,-125.8803498702404,11850.58445714547,0.0,60.788374867952484,257.96196561599476,0.00591221684589982,19.999999999999996,4.2774389470593555,2026-07-03 00:00:00,0.928581900117255
53952,561,-121.82376965004975,10769.914705878822,0.0,52.33197042963071,275.3047063021578,0.005903002340346575,19.999999999999996,4.270916007127711,2026-07-15 00:00:00,0.11406110240902012
54048,562,-124.51926042972573,30741.64380113384,0.0,64.70649241233895,236.43833528972326,0.00591806648299098,19.999999999999996,4.2632446762581315,2026-05-22 00:00:00,0.3446596633378254
54144,563,-126.87084009698253,21273.168096698402,0.0,62.312813863410916,255.03456798343484,0.0058977496810257435,19.999999999999996,4.254546713146968,2026-07-07 00:00:00,0.12308828411894024
54240,564,-129.14271603165793,14400.525544801741,0.0,61.711789797166716,267.7736357828122,0.005808420944958925,19.999999999999996,4.244029279719664,2026-05-29 00:00:00,0.970645929621973
54336,565,-131.6486017490217,15511.47779188953,0.0,59.938656011519114,283.84257578968385,0.005874929949641228,19.999999999999996,4.23189081055746,2026-06-02 00:00:00,0.6772286161753087
54432,566,-110.43097609850243,5419.267215788176,0.0,22.72024099728153,349.8706294285908,0.005909733474254608,19.999999999999996,4.218312434106078,2026-07-19 00:00:00,0.44028803527908134
54528,567,0.0,0.0,0.0,0.0,0.0,0.0058295223861932755,19.999999999999996,4.203459170243604,2026-06-07 00:00:00,0.9386161685347273
54624,568,-146.37963963573122,14633.473959795201,0.0,59.096747774740415,345.6050197924911,0.0058621978387236595,19.999999999999996,4.187481100935046,2026-05-26 00:00:00,0.05019723981927837
54720,569,-133.45935507203973,13292.50259819467,0.0,62.01696289651572,284.01231643569406,0.00595444580540061,19.999999999999996,4.1705145012197935,2026-07-16 00:00:00,0.4511226614942676
54816,570,-138.70893260805192,11240.059588855142,0.0,63.20967766984132,297.7427537861392,0.006039205938577652,19.999999999999996,4.152682921500847,2026-07-27 00:00:00,0.43509779696971784
54912,571,-121.67712279315187,10191.238412028646,0.0,58.47911943074432,250.31046215038594,0.005997085012495518,19.999999999999996,4.134098215098519,2026-07-15 00:00:00,0.7826794857394819
55008,572,0.0,0.0,0.0,0.0,0.0,0.006009760778397322,19.999999999999996,4.114861507412572,2026-06-21 00:00:00,0.6283301885633222
55104,573,0.0,0.0,0.0,0.0,0.0,0.0059929597191512585,19.999999999999996,4.095064104907369,2026-06-20 00:00:00,0.4191215953694105
55200,574,-92.46254866692198,8626.295145549353,0.0,44.84738286841855,188.66916716734872,0.006016507279127836,19.999999999999996,4.074788343582872,2026-06-16 00:00:00,0.8742186018490766
55296,575,-120.06597225221589,5535.4964788864845,0.0,25.542298946421752,376.95602655650976,0.005983996205031872,19.999999999999996,4.054108377695719,2026-07-19 00:00:00,0.04178552560902149
55392,576,-133.56162637027066,8833.71482303332,0.0,57.02713765149733,303.5228850694674,0.005944473668932915,19.999999999999996,4.0330909103135575,2026-06-04 00:00:00,0.42153299215615514
55488,577,-122.86581074156567,15796.549878067743,0.0,62.241411096188315,239.90875869016625,0.005885147023946047,19.999999999999996,4.011795867876475,2026-06-12 00:00:00,0.5236643042933458
55584,578,0.0,0.0,0.0,0.0,0.0,0.005911198910325766,19.999999999999996,3.9902770213471124,2026-05-23 00:00:00,0.5040531323697351
55680,579,-135.09354024432892,8882.665132547692,0.0,59.69910352272314,298.9715699082223,0.006021374836564064,19.999999999999996,3.9685825567936357,2026-06-04 00:00:00,0.8446956228593393
55776,580,-162.22421948713546,17107.307373180673,0.0,58.07898228065582,413.51170668580556,0.0060202437452971935,19.999999999999996,3.9467555983983966,2026-06-26 00:00:00,0.014245146212895743
55872,581,0.0,0.0,0.0,0.0,0.0,0.005968895275145769,19.999999999999996,3.924834686945384,2026-06-21 00:00:00,0.2136397717200934
55968,582,0.0,0.0,0.0,0.0,0.0,0.005932759027928114,19.999999999999996,3.902854216832393,2026-06-27 00:00:00,0.899883628930729
56064,583,-128.7492451763632,13685.286157988068,0.0,59.61311216970922,274.43824129623346,0.005821611266583204,19.999999999999996,3.880844834596148,2026-06-18 00:00:00,0.4933990782580393
56160,584,-123.5046710243391,16582.423445979977,0.0,54.88659209084697,272.4598633048455,0.005819027312099934,19.999999999999996,3.8588338018440207,2026-07-22 00:00:00,0.2648417363374793
56256,585,-120.56012719984072,9969.892338287902,0.0,60.30311790188682,238.98556397400796,0.005781922955065966,19.999999999999996,3.8368453253654122,2026-07-15 00:00:00,0.7629989252852969
56352,586,-127.89366100846054,10647.39155869882,0.0,61.249203678912366,264.34264229938105,0.005780911073088646,19.999999999999996,3.8149008570579195,2026-05-28 00:00:00,0.5678722993482123
56448,587,0.0,0.0,0.0,0.0,0.0,0.005830247886478901,19.999999999999996,3.7930193661548874,2026-07-12 00:00:00,0.4767615802136044
56544,588,-135.93725788265095,9015.618434225364,2.0,62.0669298484665,291.707495866487,0.005835315212607384,19.999999999999996,3.7719528944938396,2026-07-13 00:00:00,0.4191855141641546
56640,589,0.0,0.0,0.0,0.0,0.0,0.0057092043571174145,19.999999999999996,3.751627802851685,2026-05-24 00:00:00,0.1319048253557623
56736,590,0.0,0.0,0.0,0.0,0.0,0.0056741610169410706,19.999999999999996,3.731978022210479,2026-06-27 00:00:00,0.2284957180168823
56832,591,-94.29813419017268,36062.63818774527,0.0,47.73553993604907,182.9572113389445,0.005740665830671787,19.999999999999996,3.712944236840225,2026-05-20 00:00:00,0.24851160879435985
56928,592,-113.64331792544192,7645.053789924979,0.0,51.838239892361045,244.31491120756638,0.0058627258986234665,19.999999999999996,3.6944731611259707,2026-06-01 00:00:00,0.4916965226286182
57024,593,-124.81681640741309,12276.342469338177,0.0,61.562994251516,251.11765144133753,0.005859905853867531,19.999999999999996,3.6765168984172405,2026-06-25 00:00:00,0.44321794149275107
57120,594,-141.39406713169754,9641.903652273013,0.0,57.90426114689636,331.82106847677977,0.005847337190061808,19.999999999999996,3.659032371805839,2026-06-04 00:00:00,0.2442639078161929
57216,595,0.0,0.0,0.0,0.0,0.0,0.0058412617072463036,19.999999999999996,3.6419808181141033,2026-06-20 00:00:00,0.9867816021287593
57312,596,-116.99262594507881,15365.874100088151,0.0,58.439550764797914,231.4893495869181,0.005871098954230547,19.999999999999996,3.625327337542662,2026-06-12 00:00:00,0.2337597655298087
57408,597,-117.87715667742212,12518.107504756194,0.0,53.48004206602727,255.55233463416303,0.005957907997071743,19.999999999999996,3.6090404924197137,2026-06-25 00:00:00,0.9929755879395472
57504,598,-148.41797855041216,9137.704640832195,0.0,65.3022940143722,328.6280186342672,0.005806798115372658,19.999999999999996,3.5930919493414057,2026-07-20 00:00:00,0.2567498832983819
57600,599,0.0,0.0,0.0,0.0,0.0,0.005848745349794626,19.999999999999996,3.5774561597186265,2026-06-28 00:00:00,0.43801607248041663
57696,600,-134.6631917802674,12850.378135153347,0.0,56.952995419058176,308.8753114155841,0.005841097328811884,19.999999999999996,3.5621100743688836,2026-07-23 00:00:00,0.0726986687311516
57792,601,0.0,0.0,0.0,0.0,0.0,0.005885933060199022,19.999999999999996,3.5470328883288653,2026-06-07 00:00:00,0.7984665892874151
57888,602,-108.15143204179044,5357.519373402628,0.0,21.028134242604022,347.343829002287,0.005930487532168627,19.999999999999996,3.5322058125271525,2026-07-19 00:00:00,0.6490418438546173
57984,603,0.0,0.0,0.0,0.0,0.0,0.00603686785325408,19.999999999999996,3.5176118693583627,2026-07-26 00:00:00,0.46359096026929836
58080,604,0.0,0.0,0.0,0.0,0.0,0.006011933088302612,19.999999999999996,3.503235709549016,2026-05-30 00:00:00,0.9159967691056691
58176,605,-142.3413402508356,8786.85121630708,0.0,62.82540457707793,314.7125229488074,0.006015666760504246,19.999999999999996,3.489063448009284,2026-07-20 00:00:00,0.4887649065238202
58272,606,-121.5147616862184,10518.651631453002,0.0,55.70975351828315,261.0107103739466,0.00599678186699748,19.999999999999996,3.4750825166300587,2026-07-15 00:00:00,0.17958038825137668
58368,607,-121.73663525385861,11867.63532157794,0.0,59.53119684695097,247.07849781733992,0.006014849524945021,19.999999999999996,3.4612815322168022,2026-07-16 00:00:00,0.4596321699569479
58464,608,-120.76177456197252,12336.76364813665,0.0,55.098793923068655,260.38370081318413,0.006017583422362804,19.999999999999996,3.4470230555692605,2026-05-26 00:00:00,0.9615223624029908
58560,609,0.0,0.0,0.0,0.0,0.0,0.005943935364484787,19.999999999999996,3.4323693768089583,2026-07-12 00:00:00,0.5010290136645725
58656,610,-134.2545645945761,9751.894791656081,0.0,62.79852860156575,282.3002260825817,0.005949853453785181,19.999999999999996,3.417376666049693,2026-07-06 00:00:00,0.4923158211569535
58752,611,0.0,0.0,0.0,0.0,0.0,0.005998935550451279,19.999999999999996,3.402095523029012,2026-06-28 00:00:00,0.8561119485780083
58848,612,0.0,0.0,0.0,0.0,0.0,0.006030886434018612,19.999999999999996,3.3865714834975575,2026-07-28 00:00:00,0.7759742655227069
58944,613,-119.8504346626802,15300.455085179394,0.0,60.484154536631124,235.3072754296992,0.006058342754840851,19.999999999999996,3.3708454846233087,2026-07-02 00:00:00,0.641064562725386
59040,614,-123.46141956951548,10888.109720234861,0.0,58.91814025803328,255.85526673690387,0.0060852281749248505,19.999999999999996,3.3549542918010604,2026-07-09 00:00:00,0.8860073365159312
59136,615,-87.72869842983808,8134.60743928955,18.0,46.24984752842349,162.99352638210695,0.006094564218074083,19.999999999999996,3.3442754653768816,2026-06-16 00:00:00,0.06496403321311517
59232,616,-127.161190758902,15006.73558135236,0.0,61.36517249665576,260.5902888528365,0.00607301015406847,19.999999999999996,3.3382435333015774,2026-06-02 00:00:00,0.5077278679911638
59328,617,-125.24342639649869,10637.559762264891,0.0,62.059239620650246,250.73604094198407,0.00606510927900672,19.999999999999996,3.3363736695442,2026-07-09 00:00:00,0.44963837250484984
59424,618,-128.51924676328545,11043.888042122126,0.0,61.929409111349116,264.56488002827945,0.005992145277559757,19.999999999999996,3.338248854187793,2026-07-09 00:00:00,0.23599252906254609
59520,619,-130.5701399852087,10350.448457550954,0.0,60.05064330419647,279.97078104556863,0.006044123321771622,19.999999999999996,3.343509405878108,2026-07-14 00:00:00,0.3434794627236665
59616,620,0.0,0.0,0.0,0.0,0.0,0.005976539570838213,19.999999999999996,3.35184439624856,2026-06-27 00:00:00,0.931072263864
59712,621,-144.80516199341,10203.258167545913,0.0,62.29779830649859,326.8671942210532,0.005878640338778496,19.999999999999996,3.362984567013025,2026-06-22 00:00:00,0.5709531374470616
59808,622,0.0,0.0,0.0,0.0,0.0,0.0058267684653401375,19.999999999999996,3.376696454392385,2026-06-07 00:00:00,0.8447143035034699
59904,623,0.0,0.0,0.0,0.0,0.0,0.005810221191495657,19.999999999999996,3.3927774894748617,2026-07-29 00:00:00,0.8680716828285991
60000,624,-132.82328460276867,6740.861240569875,0.0,28.56487005575355,414.0465672302623,0.005899130366742611,19.999999999999996,3.4110518921102706,2026-07-18 00:00:00,0.04028601065896742
