step,episode,return,cost_comfort,cost_vent,fan_kwh,coil_kwh_th,alpha,lam_comfort,lam_vent,date,lam_dr
96,0,-150.25538994334144,9913.319962321504,0.0,64.61644797893788,336.1886638888078,0.9716000556945801,1.0,1.0,2026-07-21 00:00:00,0.9127555772777217
192,1,-154.28107202406102,17346.914087349614,0.0,57.07777486029953,382.3235243078307,0.9440177083015442,1.0,1.0,2026-06-18 00:00:00,0.07226526552987678
288,2,0.0,0.0,0.0,0.0,0.0,0.9172102212905884,1.0,1.0,2026-07-26 00:00:00,0.5863783547983777
384,3,-133.87020714279188,11877.957658753787,0.0,62.776066257471534,278.4206903369494,0.8911786675453186,1.0,1.0,2026-07-08 00:00:00,0.7084994832867091
480,4,-162.96384676241138,10699.6174101205,0.0,65.7002404552461,382.3322516066382,0.8659089207649231,1.0512710957490143,0.9512294260954222,2026-07-20 00:00:00,0.8830780014959977
576,5,0.0,0.0,0.0,0.0,0.0,0.841356635093689,1.1035375074287928,0.9049104829997792,2026-07-28 00:00:00,0.5632039958201955
672,6,-146.03227142292937,13543.95366290951,0.0,63.54028936908695,323.8842815392172,0.8175045251846313,1.1591156171611876,0.8609623145441503,2026-07-01 00:00:00,0.6426983422873438
768,7,-148.26560328234368,15785.753589645023,4.0,63.58822680029913,332.37292902891306,0.7943187952041626,1.2180838477164067,0.8365422078902992,2026-06-18 00:00:00,0.3395567095887363
864,8,-138.38422314944017,18168.972300049227,2.0,63.83830233730962,291.90142924674524,0.7717657089233398,1.2803695175400884,0.830663356629303,2026-06-12 00:00:00,0.6387182191618228
960,9,0.0,0.0,0.0,0.0,0.0,0.749861478805542,1.346229835708533,0.8343041507343888,2026-06-27 00:00:00,0.03050959749016091
1056,10,-138.99436130203705,13523.093460055914,1.0,61.09406991606962,304.7174010691135,0.7285915017127991,1.4160205573483227,0.8456654526639441,2026-07-23 00:00:00,0.7479296517191851
1152,11,-146.48491292872797,14381.655914851202,0.0,62.854079841611664,328.0359778578341,0.7079386115074158,1.4900647443108221,0.8620927569575576,2026-05-26 00:00:00,0.3588024741195469
1248,12,-142.40531008930867,12578.949096813218,0.0,63.37275828936824,309.5468003913409,0.6878685355186462,1.5686612433264655,0.8821111805026658,2026-07-09 00:00:00,0.8297852952045203
1344,13,0.0,0.0,0.0,0.0,0.0,0.6683558225631714,1.6517447574335762,0.9047716108448858,2026-05-30 00:00:00,0.35340365097167625
1440,14,-149.26467892772854,18126.172720770515,0.0,65.67186296155025,327.472961119293,0.6494162678718567,1.740003793210874,0.9293885525987289,2026-05-27 00:00:00,0.8495758596148045
1536,15,-135.6829992564255,17762.26940724338,0.0,59.72651199617056,297.749565454245,0.6310259103775024,1.8339670571519038,0.9554163678585755,2026-07-02 00:00:00,0.9658636158421577
1632,16,-101.18162478384077,9526.55308637884,10.0,46.65239289245644,213.4106545145183,0.6131718158721924,1.933991152411338,0.9889791749924877,2026-06-16 00:00:00,0.5521587316062065
1728,17,-158.85597044818383,10474.307382306259,0.0,63.01039650583444,376.51798681398066,0.5958488583564758,2.040494925860029,1.0285113610259724,2026-07-20 00:00:00,0.49411954449343354
1824,18,0.0,0.0,0.0,0.0,0.0,0.5790266394615173,2.1535399005222744,1.0732424368551285,2026-05-24 00:00:00,0.72592052770485
1920,19,-139.1887522916891,8813.332901765221,0.0,63.31485949400579,296.98605070762164,0.5627040863037109,2.273614787438491,1.1227504596499716,2026-07-13 00:00:00,0.7204619353651508
2016,20,-142.70082365270082,41048.20061258366,5.0,67.2734812994815,295.53788357751415,0.546856164932251,2.4022633412012295,1.1776791044378578,2026-05-21 00:00:00,0.3546429435481566
2112,21,0.0,0.0,0.0,0.0,0.0,0.5314429402351379,2.5396216489213255,1.238030781868709,2026-06-28 00:00:00,0.7521927947507213
2208,22,-142.0068070856031,11264.65622068133,0.0,62.823820210154814,310.96234237354093,0.5164426565170288,2.6867638018923854,1.3039069745653518,2026-07-10 00:00:00,0.5480204245325432
2304,23,-155.90581976361773,17634.423620703983,0.0,60.69932980883087,373.8689261462982,0.5019149780273438,2.844566357863608,1.3754930899773665,2026-05-29 00:00:00,0.08403801035747649
2400,24,0.0,0.0,0.0,0.0,0.0,0.4877909719944,3.0134147362789157,1.4530470456462965,2026-06-27 00:00:00,0.835080722022197
2496,25,-112.13553321563242,31482.31863103226,31.0,46.94188537994927,254.29923454860258,0.4740513563156128,3.195017298107978,1.529391907956158,2026-05-22 00:00:00,0.22921580260727947
2592,26,-120.0056123768915,5399.705572833018,0.0,29.257329021762622,357.87757196294604,0.46073439717292786,3.390227987582026,1.611995160491804,2026-07-19 00:00:00,0.38880252777883706
2688,27,-131.7526299943119,12202.128496834259,4.0,59.77288357282502,281.2507529278324,0.44778797030448914,3.5999765304626417,1.7023260650309588,2026-07-01 00:00:00,0.5376949929361501
2784,28,-142.76643830688647,13128.824189357896,0.0,66.5024307455679,299.1411447867228,0.435184508562088,3.825187826042198,1.8011153047631692,2026-05-26 00:00:00,0.31376394693961096
2880,29,-144.2096043580218,14920.218954786253,0.0,64.45390565349993,312.90145909810093,0.4229419231414795,4.067786334778514,1.908842628636867,2026-06-18 00:00:00,0.5678295964143394
2976,30,-135.5036368823097,9841.310576325544,0.0,52.4046766910393,327.3338609657813,0.4110216498374939,4.329006452296077,2.0260099126441498,2026-06-01 00:00:00,0.11633343986020417
3072,31,0.0,0.0,0.0,0.0,0.0,0.3994503915309906,4.609454157780428,2.1532184571361643,2026-07-26 00:00:00,0.5181714013401479
3168,32,-136.60003484623303,13557.32680470517,8.0,60.17986980759412,299.603147745097,0.38819420337677,4.910956514087902,2.291331177676039,2026-07-03 00:00:00,0.6787063848027507
3264,33,0.0,0.0,0.0,0.0,0.0,0.37729212641716003,5.235413265483487,2.441206765387834,2026-06-28 00:00:00,0.9469593326057496
3360,34,-141.1072018528595,15974.57882687509,0.0,64.48583067548878,300.1212866522599,0.3667137622833252,5.584686657024004,2.603761016205592,2026-06-02 00:00:00,0.7429214897718454
3456,35,-137.8617316011171,11619.868266205733,0.0,62.7398863245394,293.9765487504341,0.35639575123786926,5.960329947987918,2.77999677291036,2026-07-15 00:00:00,0.7159935507731606
3552,36,-124.70099194962972,16477.58111623961,44.0,49.709779279971464,294.3440008074126,0.34638512134552,6.365775577702989,2.9682043554407316,2026-06-02 00:00:00,0.8576706797754795
3648,37,-151.83551067109448,10072.590562535874,0.0,64.76410767179985,341.40460999341195,0.33666568994522095,6.803698524872151,3.1717738967419833,2026-07-13 00:00:00,0.5918113502089987
3744,38,-126.59503617440484,5484.901677363163,0.0,33.213532303527245,368.00967629776954,0.3272221088409424,7.277790772179351,3.392861529221818,2026-07-18 00:00:00,0.2991350444445955
3840,39,0.0,0.0,0.0,0.0,0.0,0.31805524230003357,7.790027962581464,3.633292073955302,2026-07-25 00:00:00,0.35674432355633123
3936,40,0.0,0.0,0.0,0.0,0.0,0.30914923548698425,8.333186077727696,3.894824546941933,2026-05-24 00:00:00,0.3879398941895421
4032,41,0.0,0.0,0.0,0.0,0.0,0.3005053699016571,8.911280031308218,4.179276643862257,2026-05-30 00:00:00,0.6427466760927724
4128,42,-136.22918507795802,12851.743526863236,2.0,59.734381625082065,300.6921228909265,0.29212692379951477,9.529405875075543,4.4887430827683525,2026-07-24 00:00:00,0.6757485885216394
4224,43,0.0,0.0,0.0,0.0,0.0,0.2839849293231964,10.183166851534445,4.825449200212731,2026-06-27 00:00:00,0.046186698594904985
4320,44,-140.32100111747008,9180.244338460787,0.0,64.55186950582471,298.1580147057977,0.2761072516441345,10.883059473411777,5.191855501554818,2026-06-05 00:00:00,0.5826306002328618
4416,45,0.0,0.0,0.0,0.0,0.0,0.2684597074985504,11.610228076705766,5.583769130424257,2026-07-12 00:00:00,0.2707812754821043
4512,46,-94.07686101485187,35617.02103306336,4.0,52.918259550593746,161.2080115316265,0.26105669140815735,12.395415912740576,6.005910065702255,2026-05-20 00:00:00,0.4672166486403989
4608,47,-136.81548630770646,12875.344809510014,0.0,68.0991345026447,269.00661663850906,0.25386783480644226,13.245714044821836,6.460118411073316,2026-07-16 00:00:00,0.6844947776664778
4704,48,-138.6724730913382,16953.219275696054,0.0,66.31519827748538,285.1812465127517,0.24691341817378998,14.171261998109935,6.950229556381746,2026-07-02 00:00:00,0.2933170222663063
4800,49,-149.40624409194692,10038.02948656323,5.0,66.37011895212376,327.01334789501885,0.24014751613140106,15.175938928597372,7.482790085971198,2026-06-08 00:00:00,0.4156557834353064
4896,50,-139.78161139016402,13321.702530259872,0.0,59.44892133137091,316.90707848433476,0.23362886905670166,16.27157176979165,8.062341196335156,2026-07-24 00:00:00,0.29181869199333077
4992,51,-172.683073955017,11360.619273375558,7.0,66.18480330586289,421.5896070156185,0.22734788060188293,17.47651984654897,8.696683940310102,2026-06-08 00:00:00,0.0360460663130272
5088,52,0.0,0.0,0.0,0.0,0.0,0.22122028470039368,18.78935095184572,9.387580552920006,2026-06-28 00:00:00,0.1766719917032319
5184,53,-122.64964339598538,5626.549843657672,0.0,27.662952489048987,376.04896666414317,0.21529607474803925,19.999999999999996,10.141150156340059,2026-07-19 00:00:00,0.34414062805250156
5280,54,-148.0260642616651,12099.198325599507,0.0,74.7205010691875,289.62355972611374,0.20952579379081726,19.999999999999996,10.964125260028016,2026-07-01 00:00:00,0.7695744354700403
5376,55,-133.0550274963932,12766.84548965426,0.0,64.4347542480141,268.78951383485634,0.20395787060260773,19.999999999999996,11.86392316842028,2026-07-16 00:00:00,0.5855268044701936
5472,56,-139.8661244159513,12669.250354651302,0.0,65.91765998593594,290.38324747936355,0.19856084883213043,19.999999999999996,12.779073497638313,2026-07-23 00:00:00,0.40002333480378294
5568,57,-133.19542741421054,16057.343689080311,1.0,68.09570883869812,255.94939260429913,0.1932930201292038,19.999999999999996,13.713656563647996,2026-07-22 00:00:00,0.4172680752893092
5664,58,0.0,0.0,0.0,0.0,0.0,0.1882258504629135,19.999999999999996,14.67025658624095,2026-07-28 00:00:00,0.7962089306848016
5760,59,-140.15199584125554,11559.603449242892,0.0,65.28440235077142,294.2716265182679,0.1832827627658844,19.999999999999996,15.652350641251079,2026-05-28 00:00:00,0.4429635717954282
5856,60,-131.16975043632294,12746.19377780454,0.0,64.54125402075282,261.48180457460404,0.17849673330783844,19.999999999999996,16.664282688192365,2026-06-25 00:00:00,0.41170496301284165
5952,61,-134.9769190998231,16289.57735672185,0.0,68.10474914137964,261.07339668295174,0.17385320365428925,19.999999999999996,17.71124783390843,2026-07-22 00:00:00,0.7337307559843437
6048,62,0.0,0.0,0.0,0.0,0.0,0.16927029192447662,19.999999999999996,18.788076055677145,2026-05-30 00:00:00,0.6646023925807332
6144,63,-145.55611170914207,6330.904423667472,0.0,35.10609771635741,438.13947247300536,0.16486278176307678,19.999999999999996,19.90029292651519,2026-07-18 00:00:00,0.05856043449120529
6240,64,-136.05450085549182,10558.936994747317,2.0,64.33443104371592,281.6801843651891,0.1605951339006424,19.999999999999996,19.999999999999996,2026-07-14 00:00:00,0.7831570222231815
6336,65,-134.8466135669373,12475.365672693471,0.0,62.62960532713329,284.8940416652717,0.15639469027519226,19.999999999999996,19.999999999999996,2026-07-24 00:00:00,0.8211837514704463
6432,66,-97.50203619739295,36166.37176993437,0.0,47.91164578112079,193.7792331764209,0.15234047174453735,19.999999999999996,19.999999999999996,2026-05-20 00:00:00,0.4905887896591338
6528,67,-129.82651583809863,14577.611961727845,0.0,59.64017433886472,277.07561590896665,0.14841018617153168,19.999999999999996,19.999999999999996,2026-06-19 00:00:00,0.620573383283456
6624,68,0.0,0.0,0.0,0.0,0.0,0.14457552134990692,19.999999999999996,19.999999999999996,2026-07-25 00:00:00,0.11934338836756142
6720,69,-125.13079175100088,15982.401893684932,0.0,56.91145441811419,267.6691368836072,0.1408887654542923,19.999999999999996,19.999999999999996,2026-05-27 00:00:00,0.7997301067259925
6816,70,-127.1350265211768,12597.670301121492,0.0,62.78765882239203,252.9750451316753,0.13722294569015503,19.999999999999996,19.999999999999996,2026-06-25 00:00:00,0.8727293993940093
6912,71,-145.9806936133923,9080.897279998335,0.0,67.89255903400324,307.1955058121385,0.13377241790294647,19.999999999999996,19.999999999999996,2026-07-21 00:00:00,0.3620675829059251
7008,72,0.0,0.0,0.0,0.0,0.0,0.13029715418815613,19.999999999999996,19.999999999999996,2026-06-21 00:00:00,0.07555893257208013
7104,73,-144.85422774787554,11325.21151972196,2.0,66.72816340095864,306.6981485741397,0.12689943611621857,19.999999999999996,19.999999999999996,2026-07-27 00:00:00,0.24584318161383778
7200,74,-129.64042994893705,9202.325273102368,0.0,55.14166216902855,294.42506799642507,0.12366437911987305,19.999999999999996,19.999999999999996,2026-06-05 00:00:00,0.8632815169294531
7296,75,-104.84254566922954,9721.62860919966,3.0,48.79139342945855,220.0291150964041,0.1204858049750328,19.999999999999996,19.999999999999996,2026-06-16 00:00:00,0.46726548200752005
7392,76,-131.50073672355694,14482.743378844172,0.0,63.06663601164573,269.91679523060947,0.11738299578428268,19.999999999999996,19.999999999999996,2026-06-19 00:00:00,0.7093207503104061
7488,77,-148.04718540664325,10449.69116578742,0.0,52.36120114957386,378.6639077798315,0.11440412700176239,19.999999999999996,19.999999999999996,2026-06-01 00:00:00,0.044551921205823186
7584,78,-130.10369453469977,12572.019943957395,4.0,61.09636569490223,272.01340628549224,0.11150612682104111,19.999999999999996,19.999999999999996,2026-07-16 00:00:00,0.2602863119791793
7680,79,0.0,0.0,0.0,0.0,0.0,0.10868829488754272,19.999999999999996,19.999999999999996,2026-07-04 00:00:00,0.8727490703526053
7776,80,0.0,0.0,0.0,0.0,0.0,0.10588142275810242,19.999999999999996,19.999999999999996,2026-05-24 00:00:00,0.4959566611650137
7872,81,0.0,0.0,0.0,0.0,0.0,0.10319039970636368,19.999999999999996,19.999999999999996,2026-07-28 00:00:00,0.6555318933169656
7968,82,-131.52634827458465,6011.931196915397,0.0,33.64501325805276,387.73038956793914,0.10056048631668091,19.999999999999996,19.999999999999996,2026-07-18 00:00:00,0.15462880709362392
8064,83,0.0,0.0,0.0,0.0,0.0,0.09803982824087143,19.999999999999996,19.999999999999996,2026-06-07 00:00:00,0.17444922652557615
8160,84,-130.0942720843361,21987.575657128986,0.0,65.0108327489971,255.8394783072233,0.09554794430732727,19.999999999999996,19.999999999999996,2026-07-07 00:00:00,0.7705436551526158
8256,85,-121.64387838816643,13305.07634736263,0.0,55.39282929182091,262.6061214104428,0.09317147731781006,19.999999999999996,19.999999999999996,2026-06-18 00:00:00,0.5837145885771621
8352,86,0.0,0.0,0.0,0.0,0.0,0.09080937504768372,19.999999999999996,19.999999999999996,2026-06-07 00:00:00,0.157512895171395
8448,87,-122.29815165298145,12000.527405085035,0.0,55.515176444979744,264.75119653131014,0.0885230004787445,19.999999999999996,19.999999999999996,2026-07-03 00:00:00,0.9917378258166967
8544,88,-124.32462368705407,13962.507562160918,0.0,59.6526532199945,256.48293401834013,0.08631016314029694,19.999999999999996,19.999999999999996,2026-05-29 00:00:00,0.9487441866897722
8640,89,-132.2365240081872,10654.976267463864,0.0,57.50389366338865,296.4258317840014,0.08415105938911438,19.999999999999996,19.999999999999996,2026-07-10 00:00:00,0.23907615646988056
8736,90,-125.98860920042935,21126.313754864397,0.0,64.54049391450091,241.26433534740076,0.08208975195884705,19.999999999999996,19.999999999999996,2026-07-07 00:00:00,0.5170848320161254
8832,91,-125.88511254339548,11624.749414404321,0.0,61.043958823186514,256.8804183252957,0.08004721999168396,19.999999999999996,19.999999999999996,2026-07-23 00:00:00,0.7575033513013844
8928,92,0.0,0.0,0.0,0.0,0.0,0.0780378058552742,19.999999999999996,19.999999999999996,2026-07-25 00:00:00,0.5625193279625522
9024,93,0.0,0.0,0.0,0.0,0.0,0.07608155161142349,19.999999999999996,19.999999999999996,2026-05-23 00:00:00,0.3637673120680114
9120,94,-128.2589559521334,8213.438790172033,0.0,59.760452473422106,271.4555346838501,0.074173703789711,19.999999999999996,19.999999999999996,2026-06-04 00:00:00,0.3603980460483769
9216,95,-140.90619560356188,10080.438042216667,0.0,63.57313627690462,304.81421490105424,0.07232258468866348,19.999999999999996,19.999999999999996,2026-07-06 00:00:00,0.5164010654067538
9312,96,-134.18723649562432,10086.962525680176,0.0,63.15010470656098,279.71546449936403,0.07053260505199432,19.999999999999996,19.999999999999996,2026-06-09 00:00:00,0.8085378264927721
9408,97,-123.91473957632843,13968.376770316005,0.0,59.38519872961721,256.00401093995765,0.06876546144485474,19.999999999999996,19.999999999999996,2026-05-29 00:00:00,0.5566402436197139
9504,98,-126.61192745142016,21633.376605091456,0.0,64.21572962820319,245.43833638931488,0.06701577454805374,19.999999999999996,19.999999999999996,2026-07-07 00:00:00,0.9485649009523536
9600,99,-141.04888482982082,13726.702139840787,12.0,62.96733713233707,308.16638049572407,0.06530632823705673,19.999999999999996,19.999999999999996,2026-05-26 00:00:00,0.14725189444811293
9696,100,-125.92585608028463,12616.801602356853,0.0,63.2310346180402,248.09210287725435,0.06364931911230087,19.999999999999996,19.999999999999996,2026-06-25 00:00:00,0.909801274109284
9792,101,-140.01161755175096,10093.509338188802,0.0,64.84896368771705,296.4399540247573,0.06206413358449936,19.999999999999996,19.999999999999996,2026-07-06 00:00:00,0.4588152485142831
9888,102,0.0,0.0,0.0,0.0,0.0,0.06050568446516991,19.999999999999996,19.999999999999996,2026-06-07 00:00:00,0.9852030611029133
9984,103,0.0,0.0,0.0,0.0,0.0,0.058975741267204285,19.999999999999996,19.999999999999996,2026-07-04 00:00:00,0.9939292200439136
10080,104,-168.13840886170328,15036.079094212953,0.0,60.75118801368439,426.8233402154791,0.05747901275753975,19.999999999999996,19.999999999999996,2026-07-01 00:00:00,0.01989252382861606
10176,105,-139.13407898345542,8871.340692668608,0.0,63.119305624217375,300.9632151388931,0.05600481852889061,19.999999999999996,19.999999999999996,2026-06-04 00:00:00,0.7655050892058425
10272,106,-154.93452354933828,10830.33332532373,0.0,65.82569394287434,352.21813622072744,0.05459554120898247,19.999999999999996,19.999999999999996,2026-06-08 00:00:00,0.19098326877930039
10368,107,0.0,0.0,0.0,0.0,0.0,0.05320203676819801,19.999999999999996,19.999999999999996,2026-05-30 00:00:00,0.9541076875138585
10464,108,-144.92414473106587,9162.863951267156,0.0,67.19791043929169,306.6386976500685,0.051865845918655396,19.999999999999996,19.999999999999996,2026-07-21 00:00:00,0.8790407124944424
10560,109,-131.59324163050513,21535.796888134486,0.0,65.81731089698206,260.7440792857361,0.05056954547762871,19.999999999999996,19.999999999999996,2026-07-07 00:00:00,0.13792810157141844
10656,110,0.0,0.0,0.0,0.0,0.0,0.04929974302649498,19.999999999999996,19.999999999999996,2026-07-25 00:00:00,0.5434688540602659
10752,111,0.0,0.0,0.0,0.0,0.0,0.04807816818356514,19.999999999999996,19.999999999999996,2026-06-03 00:00:00,0.4608713979201883
10848,112,0.0,0.0,0.0,0.0,0.0,0.046873290091753006,19.999999999999996,19.999999999999996,2026-07-28 00:00:00,0.10607239728547935
10944,113,-139.21687606275864,10145.992982800044,0.0,61.26126018253161,307.8766906319545,0.045696061104536057,19.999999999999996,19.999999999999996,2026-07-06 00:00:00,0.821712588637247
11040,114,-142.04168081625735,10196.417695202499,0.0,64.47554645492731,306.34902381617553,0.04455547034740448,19.999999999999996,19.999999999999996,2026-07-06 00:00:00,0.7389607596882816
11136,115,0.0,0.0,0.0,0.0,0.0,0.04344335198402405,19.999999999999996,19.999999999999996,2026-05-30 00:00:00,0.09799969921983598
11232,116,-129.09164790067896,10439.34130033393,0.0,57.19297632301039,284.7198037660275,0.04235991835594177,19.999999999999996,19.999999999999996,2026-07-10 00:00:00,0.9963894683082675
11328,117,-129.74138642596694,14497.649614919164,0.0,60.88599744310614,272.9352205203948,0.0413273461163044,19.999999999999996,19.999999999999996,2026-06-19 00:00:00,0.5729955166799555
11424,118,-130.33750711221802,12378.106066211045,0.0,61.63057991323996,272.59164062864045,0.04032450541853905,19.999999999999996,19.999999999999996,2026-07-03 00:00:00,0.7813583525018026
11520,119,-142.69560626906846,10711.079030465151,4.0,65.38951466847794,304.43229363474256,0.03931248188018799,19.999999999999996,19.999999999999996,2026-06-09 00:00:00,0.2730781499962368
11616,120,-134.24255652524894,12389.934224656792,0.0,60.766640867853006,290.0405109721241,0.03832705318927765,19.999999999999996,19.999999999999996,2026-07-08 00:00:00,0.9582364853075843
11712,121,-131.5521795922053,12251.47958966468,0.0,65.34504559113803,261.86923106496187,0.03740065544843674,19.999999999999996,19.999999999999996,2026-07-16 00:00:00,0.49533907117436193
11808,122,-115.94366220672165,5477.8396889677615,0.0,27.121142010537064,350.5324288644249,0.03649088367819786,19.999999999999996,19.999999999999996,2026-07-18 00:00:00,0.16597592706676423
11904,123,0.0,0.0,0.0,0.0,0.0,0.03559476509690285,19.999999999999996,19.999999999999996,2026-07-29 00:00:00,0.5397821089229847
12000,124,0.0,0.0,0.0,0.0,0.0,0.03475362807512283,19.999999999999996,19.999999999999996,2026-07-26 00:00:00,0.7990745677610558
12096,125,-101.25216351991598,9053.400504729523,6.0,50.92883258197435,197.29110485688747,0.0339314304292202,19.999999999999996,19.999999999999996,2026-06-16 00:00:00,0.19614912863160772
12192,126,0.0,0.0,0.0,0.0,0.0,0.03313998132944107,19.999999999999996,19.999999999999996,2026-06-28 00:00:00,0.05978256184516029
12288,127,0.0,0.0,0.0,0.0,0.0,0.032327257096767426,19.999999999999996,19.999999999999996,2026-06-20 00:00:00,0.0796952903092617
12384,128,-128.53958140773366,13635.434256366909,0.0,61.080703324805505,266.7664336819645,0.03150319308042526,19.999999999999996,19.999999999999996,2026-06-18 00:00:00,0.9620750814327813
12480,129,-138.0096302880749,12545.71544387179,0.0,69.97466466704587,268.92731233262384,0.03072846494615078,19.999999999999996,19.999999999999996,2026-07-16 00:00:00,0.49111804619780075
12576,130,0.0,0.0,0.0,0.0,0.0,0.030006079003214836,19.999999999999996,19.999999999999996,2026-07-12 00:00:00,0.6153113529556627
12672,131,-145.52329425543292,9853.100754193136,0.0,62.93633347874412,327.2327456087369,0.029267407953739166,19.999999999999996,19.999999999999996,2026-06-08 00:00:00,0.6087807622827667
12768,132,0.0,0.0,0.0,0.0,0.0,0.02855948731303215,19.999999999999996,19.999999999999996,2026-06-28 00:00:00,0.17690055439019758
12864,133,0.0,0.0,0.0,0.0,0.0,0.027868151664733887,19.999999999999996,19.999999999999996,2026-05-24 00:00:00,0.4529939498195994
12960,134,0.0,0.0,0.0,0.0,0.0,0.027201734483242035,19.999999999999996,19.999999999999996,2026-07-25 00:00:00,0.829424141334626
13056,135,-130.59507739707857,13350.60654222449,0.0,64.14368496246242,262.77504215116255,0.026544904336333275,19.999999999999996,19.999999999999996,2026-06-18 00:00:00,0.5357327403627863
13152,136,-178.35528987153688,18535.98831635117,0.0,71.32421963915064,424.40545770986813,0.02591860108077526,19.999999999999996,19.999999999999996,2026-06-02 00:00:00,0.0312752617340345
13248,137,-131.82507960501292,13645.4080845703,0.0,63.12326306080459,272.0584733476179,0.025278545916080475,19.999999999999996,19.999999999999996,2026-06-26 00:00:00,0.86876679903028
13344,138,-130.95633832336247,15591.11532297321,0.0,64.08535707748689,263.58225345783893,0.024681055918335915,19.999999999999996,19.999999999999996,2026-06-30 00:00:00,0.6959872956647861
13440,139,-154.16713275219655,10756.750656780505,0.0,66.49167332628335,346.8329489537306,0.02408408187329769,19.999999999999996,19.999999999999996,2026-07-06 00:00:00,0.05759519085715936
13536,140,-151.082758608873,14151.064210538214,0.0,64.59881815160514,342.61080976810007,0.023511556908488274,19.999999999999996,19.999999999999996,2026-07-16 00:00:00,0.0377709225253966
13632,141,-122.78334508681412,13404.080207451523,0.0,60.72374106820337,245.1851703061197,0.022963237017393112,19.999999999999996,19.999999999999996,2026-05-29 00:00:00,0.3778363154207789
13728,142,-119.60314479257366,11128.558667851601,0.0,54.91970670705081,256.330092937538,0.02243119850754738,19.999999999999996,19.999999999999996,2026-07-01 00:00:00,0.9255782498192876
13824,143,-128.56403393189274,15920.95523912457,0.0,60.28142277199482,270.2739048912248,0.021950624883174896,19.999999999999996,19.999999999999996,2026-05-27 00:00:00,0.48965285873315245
13920,144,-130.85723754204187,16784.713440153995,0.0,62.608445647034394,268.66220732000363,0.021474139764904976,19.999999999999996,19.999999999999996,2026-07-22 00:00:00,0.7454413263681728
14016,145,-131.24687651496595,6234.149353295401,0.0,30.81437860951764,396.5399876916542,0.02098313346505165,19.999999999999996,19.999999999999996,2026-07-18 00:00:00,0.7332713432977701
14112,146,0.0,0.0,0.0,0.0,0.0,0.02050461620092392,19.999999999999996,19.999999999999996,2026-06-27 00:00:00,0.5015424466854548
14208,147,-138.6821193237647,10215.394776104567,0.0,61.09068644958547,306.6418164811831,0.02004464715719223,19.999999999999996,19.973766268176632,2026-07-06 00:00:00,0.4022977642525629
14304,148,-141.75005946381708,10335.602821689386,0.0,57.86528192852987,331.8925457183453,0.019598275423049927,19.999999999999996,19.880641758528814,2026-06-22 00:00:00,0.790100987994256
14400,149,-131.14484699221214,39603.86896317553,2.0,65.58341870337568,259.14667306110914,0.019164221361279488,19.999999999999996,19.751171755802766,2026-05-21 00:00:00,0.331995441216432
14496,150,0.0,0.0,0.0,0.0,0.0,0.01877608895301819,19.999999999999996,19.589787925978346,2026-07-04 00:00:00,0.4067617272407521
14592,151,-136.86424465858272,9120.33406998274,0.0,59.43664443766616,306.13785880831927,0.01839335262775421,19.999999999999996,19.400683387462994,2026-06-04 00:00:00,0.8644783600364423
14688,152,0.0,0.0,0.0,0.0,0.0,0.01800047978758812,19.999999999999996,19.1877843442912,2026-06-27 00:00:00,0.2288882485347038
14784,153,0.0,0.0,0.0,0.0,0.0,0.017580538988113403,19.999999999999996,18.95473258035139,2026-06-07 00:00:00,0.6310240454216876
14880,154,-131.97923265191656,11319.671209782793,0.0,58.857852378619306,289.6782065376397,0.017177242785692215,19.999999999999996,18.70487702999161,2026-05-28 00:00:00,0.871294558016831
14976,155,-150.24662521870698,10665.876311260598,0.0,63.7726033513499,342.1341110070118,0.016804466024041176,19.999999999999996,18.441272755208846,2026-07-06 00:00:00,0.0576026803302383
15072,156,-136.7774717472827,11169.320848657579,0.0,66.48870266344944,278.148068127299,0.016421038657426834,19.999999999999996,18.166685809273904,2026-05-28 00:00:00,0.8370607751636202
15168,157,0.0,0.0,0.0,0.0,0.0,0.016041211783885956,19.999999999999996,17.883602635431572,2026-07-28 00:00:00,0.46368917502033724
15264,158,-147.19525490694576,10584.399055245107,0.0,60.537944877124346,342.7323141241313,0.015659810975193977,19.999999999999996,17.594242824989053,2026-06-22 00:00:00,0.34969116435067915
15360,159,-149.2354262240289,10339.869940303384,0.0,60.849501766520795,349.9997205317616,0.01532578095793724,19.999999999999996,17.30057423249887,2026-06-22 00:00:00,0.1114017954830191
15456,160,-120.33142929167279,15395.649593643,0.0,59.78952423341832,239.2914351799276,0.014961853623390198,19.999999999999996,17.004329610375702,2026-07-02 00:00:00,0.9914745819018309
15552,161,-129.01005643913817,16419.50476438108,7.0,54.19298598402567,295.5837931884974,0.01462649367749691,19.999999999999996,16.76753767543283,2026-05-27 00:00:00,0.1302551179916266
15648,162,-120.0475110979914,8330.401496146633,0.0,51.601521827039605,270.83740489918296,0.01428726315498352,19.999999999999996,16.582322106684753,2026-06-01 00:00:00,0.8822691572577839
15744,163,-125.94249902327239,8828.502373570333,0.0,52.144146527529436,292.1833693007159,0.013975351117551327,19.999999999999996,16.44217374438289,2026-06-01 00:00:00,0.8777906901479641
15840,164,-134.15927492643368,13728.407777540986,0.0,64.58079321744302,275.39800816742434,0.013689172454178333,19.999999999999996,16.3416814601496,2026-06-26 00:00:00,0.5333077430539006
15936,165,-135.58449909119275,12957.036606958878,0.0,64.14101976629556,282.0950912152707,0.013416457921266556,19.999999999999996,16.276323517771935,2026-07-16 00:00:00,0.2723191288770819
16032,166,-136.4819560910514,13575.70640408655,0.0,65.43721225275219,280.5529353024665,0.013167698867619038,19.999999999999996,16.242304462836458,2026-06-25 00:00:00,0.698745230144248
16128,167,-135.48735116270257,11244.646701258798,0.0,63.365663758476614,285.21129507683065,0.012913333252072334,19.999999999999996,16.236426595431766,2026-05-28 00:00:00,0.8208751085738084
16224,168,-123.49698816689364,10316.778763107533,0.0,61.87788821415013,243.07429986994114,0.012692965567111969,19.999999999999996,16.25598794024311,2026-07-09 00:00:00,0.3716072009862217
16320,169,-127.94010940608013,15583.261459874111,0.0,66.76838013247851,241.49635562506018,0.0124294962733984,19.999999999999996,16.28220650806351,2026-07-02 00:00:00,0.8334850784026113
16416,170,-131.462382797343,17189.91628292884,0.0,58.15701598441046,289.1843087238022,0.012187797576189041,19.999999999999996,16.314510063906187,2026-07-22 00:00:00,0.4296422143705625
16512,171,-128.19944401497307,16700.052914441778,0.0,64.17145324721378,252.22661541242277,0.011957411654293537,19.999999999999996,16.352390743548764,2026-06-12 00:00:00,0.7326671759896186
16608,172,0.0,0.0,0.0,0.0,0.0,0.011675000190734863,19.999999999999996,16.39539754412869,2026-07-28 00:00:00,0.9608703854696361
16704,173,0.0,0.0,0.0,0.0,0.0,0.011453504674136639,19.999999999999996,16.44312980185622,2026-05-24 00:00:00,0.6123510748211406
16800,174,-141.91489882838428,9358.002192095137,0.0,62.90129364141429,311.9326028853221,0.011211917735636234,19.999999999999996,16.495231509898705,2026-06-08 00:00:00,0.8113070755379885
16896,175,-141.9742374227315,11026.04132261444,0.0,60.310525412502,322.20292070666653,0.011009376496076584,19.999999999999996,16.551386354180107,2026-06-24 00:00:00,0.09655428121862697
16992,176,-124.71207559032347,5542.534631598556,0.0,32.37771398556109,364.8863530156969,0.010804815217852592,19.999999999999996,16.61131336495287,2026-07-18 00:00:00,0.553841526024659
17088,177,-105.86088083517727,9433.264792701886,0.0,51.81609482875577,213.1019012960321,0.010627000592648983,19.999999999999996,16.67476309845121,2026-06-16 00:00:00,0.8325078825202848
17184,178,-136.53282916918806,16780.097351408516,0.0,57.16638601716256,313.2432082627345,0.010463750921189785,19.999999999999996,16.74151427644659,2026-05-27 00:00:00,0.11615110618872104
17280,179,0.0,0.0,0.0,0.0,0.0,0.010296682827174664,19.999999999999996,16.811370822667193,2026-07-28 00:00:00,0.8514930959937935
17376,180,-132.88910627236422,8917.030271232645,0.0,56.80962509640357,300.74405111993065,0.010145505890250206,19.999999999999996,16.884159244265554,2026-06-04 00:00:00,0.7143547689309512
17472,181,-141.16570668932226,12335.78507070574,0.0,62.74592185045891,310.004214789807,0.010050902143120766,19.999999999999996,16.894979150263456,2026-07-08 00:00:00,0.06147608590732623
17568,182,-139.17453998156626,10134.323518308727,0.0,54.289714671089676,336.486871484192,0.009922439232468605,19.999999999999996,16.849679534099565,2026-06-05 00:00:00,0.41759287617423924
17664,183,-150.41486402673283,10600.784980579423,0.0,62.08066096855505,349.0079604289662,0.009788651019334793,19.999999999999996,16.754244863537288,2026-06-08 00:00:00,0.4365399855497626
17760,184,-130.4933304575345,39707.78279912047,0.0,66.48134144732428,252.96642710448214,0.009627963416278362,19.999999999999996,16.614637408853664,2026-05-21 00:00:00,0.8900147315026234
17856,185,-117.1953173974366,15595.79140092882,0.0,58.83862387621071,229.85554094296464,0.009567717090249062,19.999999999999996,16.436668984550245,2026-06-12 00:00:00,0.5924520991377211
17952,186,0.0,0.0,0.0,0.0,0.0,0.009438712149858475,19.999999999999996,16.225900920748124,2026-07-04 00:00:00,0.8382361542254949
18048,187,0.0,0.0,0.0,0.0,0.0,0.009371642954647541,19.999999999999996,15.987570056012295,2026-07-28 00:00:00,0.9680833678103478
18144,188,-125.86402339774828,15985.798905107004,0.0,58.5099471511186,266.02442845364135,0.009261413477361202,19.999999999999996,15.72653788746572,2026-05-27 00:00:00,0.8253513109584238
18240,189,-136.27829039985733,16460.75018194522,0.0,63.00878333883369,289.6195699496917,0.009142753668129444,19.999999999999996,15.44725967246976,2026-07-02 00:00:00,0.10483068007670449
18336,190,0.0,0.0,0.0,0.0,0.0,0.0090511878952384,19.999999999999996,15.153770186570288,2026-07-26 00:00:00,0.10242517348687774
18432,191,-137.91658087797714,11314.300943215625,0.0,61.099171366656556,303.31576537531487,0.008953073993325233,19.999999999999996,14.849682942101612,2026-07-27 00:00:00,0.4328564567292056
18528,192,-132.9524747409423,14282.14749867825,5.0,63.14352220401914,275.73442562716184,0.008907018229365349,19.999999999999996,14.573564529968854,2026-06-19 00:00:00,0.2207473911927681
18624,193,-122.21141548027133,30780.184986541164,1.0,64.71109785745118,226.2120027021179,0.00886424072086811,19.999999999999996,14.328990798144511,2026-05-22 00:00:00,0.9795100235042613
18720,194,-129.04676231051656,14408.604142959812,0.0,59.741583200151915,273.7879453241164,0.008778407238423824,19.999999999999996,14.112000639084771,2026-06-19 00:00:00,0.20629701009049506
18816,195,0.0,0.0,0.0,0.0,0.0,0.008691609837114811,19.999999999999996,13.919200603355941,2026-06-28 00:00:00,0.7998032202540708
18912,196,-127.60659686155938,14088.716500733624,0.0,55.936772629928925,283.5445249506097,0.008605814538896084,19.999999999999996,13.747671118039705,2026-06-26 00:00:00,0.648139287253716
19008,197,-126.37385936384115,11122.276049447268,0.0,58.99311988243462,266.0201565598575,0.008563361130654812,19.999999999999996,13.594890328634587,2026-07-09 00:00:00,0.6785899824284414
19104,198,-140.151834725149,9416.477405694162,0.0,61.177924826837774,312.9155345488576,0.008427619934082031,19.999999999999996,13.458671885091732,2026-06-04 00:00:00,0.8466569914472801
19200,199,-129.6542331442459,11969.811789870257,0.0,58.925386587553156,279.04730732980005,0.008350031450390816,19.999999999999996,13.337113828815703,2026-07-08 00:00:00,0.3901669820657214
19296,200,0.0,0.0,0.0,0.0,0.0,0.008272500708699226,19.999999999999996,13.228556369553903,2026-07-28 00:00:00,0.3940972661308758
19392,201,-134.0766745788186,11058.544137959352,0.0,64.17095353950985,275.7451044956342,0.008130806498229504,19.999999999999996,13.131546822135132,2026-05-28 00:00:00,0.585425737129098
19488,202,0.0,0.0,0.0,0.0,0.0,0.008044368587434292,19.999999999999996,13.044810341457712,2026-06-28 00:00:00,0.4271198038441981
19584,203,-126.77729339534785,21351.838656036663,0.0,64.56903797856775,244.67543382596722,0.008037839084863663,19.999999999999996,12.967225378063125,2026-07-07 00:00:00,0.5662441394167781
19680,204,0.0,0.0,0.0,0.0,0.0,0.008032198995351791,19.999999999999996,12.897802996732352,2026-06-28 00:00:00,0.6635680986686998
19776,205,0.0,0.0,0.0,0.0,0.0,0.008069382980465889,19.999999999999996,12.835669372120758,2026-07-26 00:00:00,0.5683431075389638
19872,206,-146.95317636734416,9612.172374466569,0.0,63.7412642522623,328.464214318309,0.00806567445397377,19.999999999999996,12.780050909923057,2026-07-13 00:00:00,0.26716089939831755
19968,207,0.0,0.0,0.0,0.0,0.0,0.007996398955583572,19.999999999999996,12.730261548001586,2026-05-30 00:00:00,0.7817394077403201
20064,208,0.0,0.0,0.0,0.0,0.0,0.008000945672392845,19.999999999999996,12.68569187578956,2026-06-28 00:00:00,0.24855707764482682
20160,209,-152.12761956771598,16216.809799745726,0.0,62.883207257229024,353.3621378826809,0.007946949452161789,19.999999999999996,12.645799777009692,2026-06-26 00:00:00,0.07702035346756031
20256,210,0.0,0.0,0.0,0.0,0.0,0.00789752695709467,19.999999999999996,12.610102354080187,2026-06-28 00:00:00,0.006294814340492394
20352,211,0.0,0.0,0.0,0.0,0.0,0.007949264720082283,19.999999999999996,12.578168935395967,2026-07-04 00:00:00,0.4497740121051468
20448,212,-145.92731383495422,11254.356480901191,0.0,65.95319824309422,315.3748282314535,0.007838821969926357,19.999999999999996,12.522144272827997,2026-07-14 00:00:00,0.35610561069063906
20544,213,-130.36191851659245,16424.104437133556,0.0,60.738459001250966,275.06221443907083,0.007954467087984085,19.999999999999996,12.439342235662878,2026-05-27 00:00:00,0.6495942658193139
20640,214,-123.84394322570171,16018.233515953387,0.0,61.052935209366886,246.50544130210326,0.00786062516272068,19.999999999999996,12.333078943196886,2026-07-02 00:00:00,0.5340580299598131
20736,215,0.0,0.0,0.0,0.0,0.0,0.007838467136025429,19.999999999999996,12.20650853729701,2026-07-26 00:00:00,0.7625816828401422
20832,216,-129.419702366192,13042.640141493592,0.0,62.43802323488889,264.4652490517913,0.007776589132845402,19.999999999999996,12.062593914516677,2026-06-25 00:00:00,0.43762849521522384
20928,217,-131.63217086527106,11299.858502045314,0.0,59.260363874909494,285.8100936898332,0.0077489158138632774,19.999999999999996,11.904087426341917,2026-07-15 00:00:00,0.44945187575948065
21024,218,0.0,0.0,0.0,0.0,0.0,0.007682119496166706,19.999999999999996,11.733520018893044,2026-06-27 00:00:00,0.10948719573358978
21120,219,-126.37960472851684,15882.681011345803,0.0,62.55080802107508,252.58462791399538,0.007713014259934425,19.999999999999996,11.553197335821832,2026-07-02 00:00:00,0.26456405959833273
21216,220,-146.481570836147,10805.749023887816,0.0,62.936880757074185,330.04788786395784,0.007564656902104616,19.999999999999996,11.36520140939431,2026-07-06 00:00:00,0.10282375708905322
21312,221,0.0,0.0,0.0,0.0,0.0,0.007497964892536402,19.999999999999996,11.17139669695302,2026-07-29 00:00:00,0.15971472524693386
21408,222,-121.3454665430541,15821.115296474245,0.0,60.27725663427938,241.30345355377574,0.0074485959485173225,19.999999999999996,10.973439368535425,2026-06-12 00:00:00,0.32616807730907815
21504,223,-126.7433144187287,12133.444378619848,0.0,63.553215177437295,249.64207760703272,0.00732945604249835,19.999999999999996,10.772788905057526,2026-06-25 00:00:00,0.4543434463453001
21600,224,0.0,0.0,0.0,0.0,0.0,0.007307456806302071,19.999999999999996,10.570721216797427,2026-06-03 00:00:00,0.2999241030898304
21696,225,0.0,0.0,0.0,0.0,0.0,0.007252439856529236,19.999999999999996,10.368342633157347,2026-06-27 00:00:00,0.4403966148589922
21792,226,-155.23730100511284,11031.168080362877,0.0,63.09773876388471,364.2091737228923,0.007219216786324978,19.999999999999996,10.166604243206342,2026-06-08 00:00:00,0.3053173878734511
21888,227,-145.27421433088995,10773.671582215666,0.0,58.72741354427123,342.30247938685824,0.007276549004018307,19.999999999999996,9.966316180365888,2026-06-22 00:00:00,0.21827463407169123
21984,228,-135.9749292358819,16852.87828303522,2.0,61.01175932966945,296.17199089134044,0.007251775823533535,19.999999999999996,9.775121120760662,2026-05-27 00:00:00,0.13635233915997336
22080,229,-97.0500660945882,35729.681354670596,1.0,53.94310599372492,169.8176853719211,0.007252086885273457,19.999999999999996,9.595749299417593,2026-05-20 00:00:00,0.45298971853198045
22176,230,0.0,0.0,0.0,0.0,0.0,0.007216624915599823,19.999999999999996,9.42705585132116,2026-06-27 00:00:00,0.5340748837878101
22272,231,-134.23796420777973,12213.087590454907,0.0,63.14072512718652,281.37298164068807,0.007287358399480581,19.999999999999996,9.268026145098709,2026-07-23 00:00:00,0.16417145297165214
22368,232,0.0,0.0,0.0,0.0,0.0,0.007240908686071634,19.999999999999996,9.11775918532114,2026-05-24 00:00:00,0.1588837796095418
22464,233,-115.16014465274772,5475.3416022163465,0.0,23.75191205503689,363.50484108632406,0.0072433603927493095,19.999999999999996,8.975453378647988,2026-07-19 00:00:00,0.6369808970371145
22560,234,0.0,0.0,0.0,0.0,0.0,0.007217881269752979,19.999999999999996,8.840394289615658,2026-07-26 00:00:00,0.5233480046423928
22656,235,0.0,0.0,0.0,0.0,0.0,0.007118030916899443,19.999999999999996,8.711944076797154,2026-05-30 00:00:00,0.5593887060217524
22752,236,0.0,0.0,0.0,0.0,0.0,0.0070130047388374805,19.999999999999996,8.58953235284276,2026-06-21 00:00:00,0.9062559271833591
22848,237,-149.12956304321142,9714.387498216876,0.0,65.06359393846083,332.6947964932915,0.0069994572550058365,19.999999999999996,8.472648254962742,2026-07-13 00:00:00,0.3190233530313602
22944,238,-138.27872789448875,8729.662561371919,0.0,64.88322851859783,289.2597196027636,0.006952110677957535,19.999999999999996,8.360833547645761,2026-07-21 00:00:00,0.6453383495198769
23040,239,-124.28259849555799,11953.113858131144,0.0,59.33867647257946,256.9578409639997,0.006929261609911919,19.999999999999996,8.253676608334983,2026-07-03 00:00:00,0.46989535366669033
23136,240,-162.09170783243647,11170.559240064815,0.0,60.48703037390594,403.30772790668794,0.007119236048310995,19.999999999999996,8.150807170612861,2026-06-05 00:00:00,0.011760507489868788
23232,241,-132.0286135315979,14133.522877144052,0.0,61.21820112353017,279.5102148231523,0.0069679017178714275,19.999999999999996,8.05189171913668,2026-06-26 00:00:00,0.8068872921221051
23328,242,0.0,0.0,0.0,0.0,0.0,0.0068536000326275826,19.999999999999996,7.9566294468896235,2026-06-21 00:00:00,0.028074769739074412
23424,243,-133.4364587667123,9113.08301631798,0.0,52.570856550459666,319.41479680202485,0.006732352543622255,19.999999999999996,7.864748698884907,2026-06-01 00:00:00,0.06886566880885692
23520,244,-125.0353116140463,8949.036031819729,6.0,50.48254546291475,294.92656609200975,0.006553839426487684,19.999999999999996,7.789720451046717,2026-06-01 00:00:00,0.17253657131757527
23616,245,0.0,0.0,0.0,0.0,0.0,0.0065446519292891026,19.999999999999996,7.729494061367464,2026-07-04 00:00:00,0.6779695357389763
23712,246,-132.33878961607638,14701.662317667491,0.0,59.938668912902,287.52185754510265,0.006516168359667063,19.999999999999996,7.682326145351207,2026-05-29 00:00:00,0.14212812390727314
23808,247,0.0,0.0,0.0,0.0,0.0,0.006502492818981409,19.999999999999996,7.646727726187107,2026-07-29 00:00:00,0.5015858966468213
23904,248,-124.06646698756691,21120.41023136926,0.0,65.52066964761839,230.53033834096286,0.006393688265234232,19.999999999999996,7.617028779241088,2026-07-07 00:00:00,0.4011848067300702
24000,249,-159.97996359884158,10934.954930350399,0.0,64.60580030709545,377.3781586686237,0.0063532195053994656,19.999999999999996,7.590413857329209,2026-06-08 00:00:00,0.059926932350277795
24096,250,-125.83936653730198,21051.1471441053,0.0,63.8852618046999,244.07580947425666,0.006341430824249983,19.999999999999996,7.5665616257076564,2026-07-07 00:00:00,0.21742404353027345
24192,251,-131.90171876170828,13830.652559338101,0.0,62.56001068710992,274.40384461715706,0.006350993644446135,19.999999999999996,7.545185924999471,2026-06-18 00:00:00,0.5182042399007992
24288,252,-127.95202986380015,12737.9614628302,0.0,63.158194171250365,255.8637401521569,0.00637316657230258,19.999999999999996,7.526031612980654,2026-06-25 00:00:00,0.7761130994023264
24384,253,-143.29886290304594,11922.555308056044,0.0,62.92078810998458,317.9261929492619,0.00632240017876029,19.999999999999996,7.508870952628803,2026-07-27 00:00:00,0.23561798868407613
24480,254,-123.64383419086914,14489.762590759272,0.0,53.62356377101448,277.49694434191304,0.0062363590113818645,19.999999999999996,7.493500465404887,2026-05-29 00:00:00,0.3628406060489845
24576,255,-110.77436687889431,36747.2705102538,0.0,56.988659412067506,212.3252982713321,0.006200936157256365,19.999999999999996,7.479738182241843,2026-05-20 00:00:00,0.12664359203730247
24672,256,-120.8360717550636,15443.685545088249,0.0,57.762761141877355,249.60066347883568,0.006212558597326279,19.999999999999996,7.4674212357376275,2026-06-12 00:00:00,0.0994741822244245
24768,257,0.0,0.0,0.0,0.0,0.0,0.006219233386218548,19.999999999999996,7.456403746086541,2026-05-30 00:00:00,0.2946370927033698
24864,258,-147.7812537703575,9906.033883084856,0.0,66.08358336329114,322.9239659875709,0.0062395804561674595,19.999999999999996,7.446554960718461,2026-06-08 00:00:00,0.6195767374554311
24960,259,0.0,0.0,0.0,0.0,0.0,0.006253496278077364,19.999999999999996,7.437757613758393,2026-07-28 00:00:00,0.13912089286319285
25056,260,-125.1669334516001,16155.512514565045,0.0,59.48472533218164,259.6951075106425,0.006267025135457516,19.999999999999996,7.429906476512647,2026-07-22 00:00:00,0.9262153637945086
25152,261,0.0,0.0,0.0,0.0,0.0,0.006147750187665224,19.999999999999996,7.422907074428096,2026-07-04 00:00:00,0.3412574611919934
25248,262,-126.49408143516686,15670.1586734391,0.0,61.06671245530115,258.47418154881154,0.006043019704520702,19.999999999999996,7.416674549513593,2026-05-27 00:00:00,0.9305974634400441
25344,263,0.0,0.0,0.0,0.0,0.0,0.005977018270641565,19.999999999999996,7.411132650183401,2026-07-12 00:00:00,0.7729406317358476
25440,264,-142.09544074238153,9130.580993552445,0.0,64.95877098741947,304.4087147602808,0.00583127373829484,19.999999999999996,7.393364722258573,2026-07-13 00:00:00,0.38279443007128444
25536,265,-137.5720924794288,10386.812780204134,0.0,64.51220480096471,288.1725771323558,0.005759864579886198,19.999999999999996,7.364661062958468,2026-06-09 00:00:00,0.33758698361969186
25632,266,-121.22649158878725,13283.105861756318,0.0,56.88158308385709,255.66624154164694,0.005808637011796236,19.999999999999996,7.326246947063813,2026-06-26 00:00:00,0.9688568433673092
25728,267,-131.45817448948767,11741.40519046529,0.0,62.04935064754041,274.43072406158007,0.005710693541914225,19.999999999999996,7.279275780907378,2026-07-08 00:00:00,0.5886954235041332
25824,268,-131.93360620724673,11859.363670812132,0.0,61.5514260896289,278.3765775783241,0.005693718791007996,19.999999999999996,7.22482488243507,2026-07-01 00:00:00,0.31551260195827935
25920,269,-135.02800333688648,14262.908422337892,0.0,62.83244324533871,286.3006325418507,0.005713499151170254,19.999999999999996,7.163893436078743,2026-06-18 00:00:00,0.5499727917926891
26016,270,-125.00829051733497,14207.567370925166,1.0,57.8505978038839,267.0003355977404,0.00568777322769165,19.999999999999996,7.099406038891405,2026-05-29 00:00:00,0.1644543008896091
26112,271,-94.05234802118233,35214.90475149534,8.0,53.501072419305245,159.03097898165697,0.005649549886584282,19.999999999999996,7.0477538411277365,2026-05-20 00:00:00,0.9340045961188752
26208,272,-123.87202780663353,5880.814436364829,0.0,29.5364712294738,374.66622700463483,0.0055878376588225365,19.999999999999996,7.007436319725079,2026-07-18 00:00:00,0.8957661079386481
26304,273,0.0,0.0,0.0,0.0,0.0,0.005522787570953369,19.999999999999996,6.977169364490985,2026-07-28 00:00:00,0.17782294698331946
26400,274,-124.71956793696724,11603.020142827707,0.0,59.45519854942338,258.34100824367295,0.0055135940201580524,19.999999999999996,6.955849618715261,2026-07-23 00:00:00,0.7615613741565709
26496,275,-122.27870219802016,13532.989662879987,0.0,56.313026618489175,262.24627528846463,0.005470303352922201,19.999999999999996,6.942525574041228,2026-06-26 00:00:00,0.7446178462141282
26592,276,-125.66921938877432,15870.307819939006,0.0,62.1028789740079,251.99748958282476,0.005424985196441412,19.999999999999996,6.936373991873248,2026-07-02 00:00:00,0.6613073528308774
26688,277,-95.93529815136498,8539.413390506154,21.0,50.53702399440981,178.23983485908215,0.005426452029496431,19.999999999999996,6.977140081192483,2026-06-16 00:00:00,0.05407572586308207
26784,278,0.0,0.0,0.0,0.0,0.0,0.005402088165283203,19.999999999999996,7.0610160400921345,2026-07-28 00:00:00,0.4035969761961209
26880,279,-145.34601797437293,12772.058675758028,0.0,58.73940432198242,342.79388622581837,0.005445036571472883,19.999999999999996,7.185597583506599,2026-07-09 00:00:00,0.03010839171415647
26976,280,-142.88560102325584,12849.509464640407,0.0,60.47150119765189,325.5721616944167,0.0054819416254758835,19.999999999999996,7.349633873001805,2026-07-01 00:00:00,0.06341083988039375
27072,281,-143.85654625103842,9630.27313983566,0.0,65.49274319914664,309.6597182179771,0.005549333058297634,19.999999999999996,7.552867036824942,2026-06-22 00:00:00,0.8338515666538073
27168,282,0.0,0.0,0.0,0.0,0.0,0.005528025329113007,19.999999999999996,7.795938255467615,2026-07-25 00:00:00,0.6925254230993749
27264,283,-131.2885996678881,30774.800250043965,0.0,72.7321226186782,231.5786376815484,0.005639771465212107,19.999999999999996,8.080346194147538,2026-05-22 00:00:00,0.895278274469174
27360,284,-129.12892883742762,8585.874269088417,0.0,56.80805628437571,286.80219826757224,0.005517049692571163,19.999999999999996,8.408449566499746,2026-06-04 00:00:00,0.8204519323064435
27456,285,-141.35069580672564,11794.25081388952,0.0,54.740573602371434,343.80295423778233,0.005897119641304016,19.999999999999996,8.7835099737669,2026-06-24 00:00:00,0.11035354085491444
27552,286,-134.07856337579253,8536.57676617706,0.0,61.60458985448167,288.7667290405188,0.0058342888951301575,19.999999999999996,9.209774610943143,2026-06-04 00:00:00,0.5749299527611149
27648,287,-139.4847359804402,15597.752661562707,0.0,66.13555116271216,290.13010469460147,0.005738364066928625,19.999999999999996,9.69260145532541,2026-06-02 00:00:00,0.7508267337084137
27744,288,-147.49025821272087,9541.114142246797,0.0,64.69249572531432,328.11808495862624,0.005667949561029673,19.999999999999996,10.238632512714846,2026-07-13 00:00:00,0.6378943425771563
27840,289,-132.6079610566541,13923.695193363328,0.0,62.18104831946128,278.73107178507337,0.005794428754597902,19.999999999999996,10.856023886298155,2026-06-18 00:00:00,0.8616197360713778
27936,290,-123.02276991693702,10326.732511442246,0.0,58.23260308332932,256.74100228327217,0.005737083498388529,19.999999999999996,11.550407165476093,2026-07-15 00:00:00,0.15994127229847244
28032,291,0.0,0.0,0.0,0.0,0.0,0.005655786953866482,19.999999999999996,12.29365805450064,2026-07-29 00:00:00,0.50161731026066
28128,292,0.0,0.0,0.0,0.0,0.0,0.00561939412727952,19.999999999999996,13.094082038052749,2026-05-23 00:00:00,0.6126017456262495
28224,293,-135.0436922753682,12658.42713038883,0.0,66.21178428707232,272.93564685492026,0.005637975409626961,19.999999999999996,13.961321676723301,2026-05-26 00:00:00,0.4373239317835226
28320,294,-126.97122437004452,11367.952367933756,0.0,61.52098826427847,257.5909611520856,0.005692738573998213,19.999999999999996,14.90663059753098,2026-07-08 00:00:00,0.2634864649072819
28416,295,-142.2513832975029,11323.611317718854,0.0,65.3192664191777,305.19409122856064,0.005720592103898525,19.999999999999996,15.94321999265251,2026-07-27 00:00:00,0.8947861432424269
28512,296,0.0,0.0,0.0,0.0,0.0,0.005801008548587561,19.999999999999996,17.08669632268947,2026-05-23 00:00:00,0.46769555945827235
28608,297,-127.25486288481244,12597.784390546272,0.0,61.43166250763227,260.054174878787,0.005872227251529694,19.999999999999996,18.11692264245984,2026-06-25 00:00:00,0.5698566380731984
28704,298,-132.9497445053515,9043.858174573508,0.0,56.562674526973126,303.9451379707864,0.005896790884435177,19.999999999999996,19.02006603193346,2026-06-01 00:00:00,0.13958217329745526
28800,299,0.0,0.0,0.0,0.0,0.0,0.005891318432986736,19.999999999999996,19.78683568399538,2026-05-30 00:00:00,0.6393777960482113
28896,300,-133.3673739305148,10644.050099258591,0.0,58.10048381249263,297.986692973404,0.005890040658414364,19.999999999999996,19.999999999999996,2026-06-24 00:00:00,0.36790041571833454
28992,301,-137.812747143305,12384.50502812599,0.0,63.982810299483255,291.19673120643944,0.005965179298073053,19.999999999999996,19.999999999999996,2026-07-23 00:00:00,0.13591017782317083
29088,302,-132.14796833487222,40372.70688762171,0.0,61.42793772052577,279.9629712572107,0.006046017166227102,19.999999999999996,19.999999999999996,2026-05-21 00:00:00,0.5285412710987881
29184,303,-136.8660875463457,15043.784664577157,0.0,61.87365184812724,298.4713537496619,0.00616479991003871,19.999999999999996,19.999999999999996,2026-06-19 00:00:00,0.14598579103782505
29280,304,0.0,0.0,0.0,0.0,0.0,0.006290857680141926,19.999999999999996,19.999999999999996,2026-05-23 00:00:00,0.40049473606471275
29376,305,-130.59606851681065,15473.663738698067,0.0,64.52467024481498,260.653585839637,0.006293402053415775,19.999999999999996,19.998519649108946,2026-06-30 00:00:00,0.8210067633281266
29472,306,0.0,0.0,0.0,0.0,0.0,0.006305597256869078,19.999999999999996,19.907090663617712,2026-07-25 00:00:00,0.8221453387188891
29568,307,0.0,0.0,0.0,0.0,0.0,0.006333078723400831,19.999999999999996,19.736185973694862,2026-07-26 00:00:00,0.10012353367576177
29664,308,-138.583416285807,8716.235347532283,0.0,63.196269537571425,299.6042874921091,0.006394407711923122,19.999999999999996,19.496423711678514,2026-06-04 00:00:00,0.5080783206770658
29760,309,0.0,0.0,0.0,0.0,0.0,0.006356947124004364,19.999999999999996,19.198236982985968,2026-06-21 00:00:00,0.9624653084673743
29856,310,-133.51072757489428,10860.43806862401,0.0,63.4387881511884,277.48393551363824,0.006388062611222267,19.999999999999996,18.851614744541802,2026-05-28 00:00:00,0.4273002528022567
29952,311,-146.32073719546315,17872.70811016923,0.0,61.42573665369587,337.00271621256434,0.006271485239267349,19.999999999999996,18.465910802210516,2026-06-12 00:00:00,0.007700257497213259
30048,312,-136.68002058444208,9359.206469515966,0.0,65.38054039210647,281.5627418290303,0.006296610459685326,19.999999999999996,18.049714631332932,2026-07-06 00:00:00,0.21998232953954833
30144,313,-147.70401723386303,10374.958235901157,0.0,64.39479831945327,329.4798637618495,0.006320718210190535,19.999999999999996,17.610775729717485,2026-06-22 00:00:00,0.4241452369864276
30240,314,-139.03155596634784,12552.523751426665,0.0,60.48600314095558,311.0461948948728,0.0062151807360351086,19.999999999999996,17.15597232408676,2026-07-01 00:00:00,0.0641967368195453
30336,315,0.0,0.0,0.0,0.0,0.0,0.006161652039736509,19.999999999999996,16.691315218803595,2026-07-25 00:00:00,0.8513288244252423
30432,316,-135.41768001734803,12763.086877644966,0.0,64.33251184035839,281.3936279835837,0.006128850858658552,19.999999999999996,16.221978147656802,2026-05-26 00:00:00,0.36184565339538766
30528,317,0.0,0.0,0.0,0.0,0.0,0.006092547904700041,19.999999999999996,15.7523469393168,2026-05-24 00:00:00,0.7627658057651991
30624,318,-93.13051448808395,8667.811027089672,8.0,46.38506443809247,183.16769336990535,0.006065468303859234,19.999999999999996,15.35938730950962,2026-06-16 00:00:00,0.1983795269606592
30720,319,-122.68395159307184,15189.54520081646,0.0,64.19198515820187,231.11063632303507,0.00604801531881094,19.999999999999996,15.031468663448239,2026-07-02 00:00:00,0.6989217548452202
30816,320,0.0,0.0,0.0,0.0,0.0,0.006037198938429356,19.999999999999996,14.75911342562922,2026-07-25 00:00:00,0.4772207833687728
30912,321,0.0,0.0,0.0,0.0,0.0,0.0059962584637105465,19.999999999999996,14.534537947486557,2026-06-21 00:00:00,0.8709744167970971
31008,322,-140.09316483124408,8919.38479742393,0.0,64.75741215364607,297.25457056441667,0.006009660195559263,19.999999999999996,14.351303532274432,2026-07-21 00:00:00,0.7921108595110713
31104,323,0.0,0.0,0.0,0.0,0.0,0.0060818311758339405,19.999999999999996,14.204048598845262,2026-06-20 00:00:00,0.525990623776437
31200,324,0.0,0.0,0.0,0.0,0.0,0.006014055106788874,19.999999999999996,14.08828124774349,2026-05-30 00:00:00,0.9238041130178256
31296,325,-141.46211743760736,6499.877080591417,0.0,37.02769067507452,415.45909661456614,0.005864014849066734,19.999999999999996,14.00021722753313,2026-07-18 00:00:00,0.30665599532566623
31392,326,0.0,0.0,0.0,0.0,0.0,0.005717480555176735,19.999999999999996,13.936652335984913,2026-05-24 00:00:00,0.4363065245858141
31488,327,-128.42777537835,22056.9159003647,0.0,62.32006055508085,260.20119934768724,0.005711270961910486,19.999999999999996,13.89486116358909,2026-07-07 00:00:00,0.619722314997937
31584,328,-149.22658975324987,17494.26728675429,0.0,61.361271349901735,347.5553919992452,0.005636617541313171,19.999999999999996,13.872516152566941,2026-05-27 00:00:00,0.03318453545096678
31680,329,-139.6596007385235,6882.202860730827,0.0,32.11223181405649,426.94001964921927,0.005622758064419031,19.999999999999996,13.867622444384866,2026-07-18 00:00:00,0.6758852177786218
31776,330,-126.07652518850496,10221.046925577652,0.0,55.94331785208197,278.6182823792881,0.005582173354923725,19.999999999999996,13.878465087766154,2026-07-10 00:00:00,0.9847213228060553
31872,331,-123.18310506613096,30538.84727551488,3.0,67.05036214229693,220.95968537703382,0.005569469649344683,19.999999999999996,13.926157315814653,2026-05-22 00:00:00,0.8913082282312164
31968,332,-136.5929073243051,11269.833229525198,0.0,59.5038585715448,303.7930687932488,0.005506337154656649,19.999999999999996,14.00758909301619,2026-07-27 00:00:00,0.7515638404666574
32064,333,-127.22781726942304,10310.004450113936,0.0,56.696636854130006,280.41940206644125,0.005532173439860344,19.999999999999996,14.120272970141029,2026-07-10 00:00:00,0.8808879754658596
32160,334,-138.41338049141547,13420.822582007562,0.0,63.05077538612336,297.3489544446172,0.005558035336434841,19.999999999999996,14.262240961327459,2026-05-26 00:00:00,0.7348693781538026
32256,335,-105.55590342344075,36230.89718093915,0.0,53.822841511549996,204.1073636548911,0.005506184883415699,19.999999999999996,14.43196469509525,2026-05-20 00:00:00,0.61841572003172
32352,336,0.0,0.0,0.0,0.0,0.0,0.005540816579014063,19.999999999999996,14.628293523742247,2026-06-27 00:00:00,0.8809101673368784
32448,337,-129.26103432716445,11474.315944790584,0.0,62.1408141215454,265.02621176864903,0.00556834926828742,19.999999999999996,14.850406668238444,2026-07-01 00:00:00,0.7614515885069835
32544,338,-140.71433766368352,11715.190397907032,0.0,65.64096094305326,297.4715242523091,0.00559613574296236,19.999999999999996,15.027441274164179,2026-05-28 00:00:00,0.48488931049212425
32640,339,-92.2908071484674,8251.013548331444,0.0,47.63890833036499,176.30267125298352,0.005610028747469187,19.999999999999996,15.162171505996255,2026-06-16 00:00:00,0.9967964790577734
32736,340,0.0,0.0,0.0,0.0,0.0,0.005626722238957882,19.999999999999996,15.257545330606979,2026-06-27 00:00:00,0.201148599590125
32832,341,-134.11415678430453,16240.10572176356,0.0,59.89831378313213,292.8467507267375,0.005703517235815525,19.999999999999996,15.316604726816449,2026-05-27 00:00:00,0.11068032329057209
32928,342,-125.76978222283265,14080.70254475895,0.0,59.10600284677032,264.1851478378725,0.0057643624022603035,19.999999999999996,15.342418380682734,2026-06-19 00:00:00,0.380377191601842
33024,343,-119.02568771482872,8606.58828025042,0.0,47.43914544452584,282.2841149460224,0.005754742305725813,19.999999999999996,15.338026216023833,2026-06-01 00:00:00,0.9105830269311963
33120,344,0.0,0.0,0.0,0.0,0.0,0.005755260586738586,19.999999999999996,15.306394848685676,2026-07-04 00:00:00,0.8413324703999817
33216,345,0.0,0.0,0.0,0.0,0.0,0.005877653602510691,19.999999999999996,15.250382895134557,2026-06-27 00:00:00,0.5349680446435873
33312,346,-127.20369376262163,21625.955359985946,0.0,65.29728376810792,244.56975760717336,0.005940614268183708,19.999999999999996,15.172714990030775,2026-07-07 00:00:00,0.9874024754547821
33408,347,-181.64470450707648,11931.619100230359,6.0,63.44027778265446,467.69012317344755,0.005990971345454454,19.999999999999996,15.130824621260432,2026-07-20 00:00:00,0.032734066260543315
33504,348,-126.85595756679939,31042.331503307054,9.0,66.58813914254866,236.84892258851156,0.006008007097989321,19.999999999999996,15.203147341061564,2026-05-22 00:00:00,0.7966344318283278
33600,349,0.0,0.0,0.0,0.0,0.0,0.006041783839464188,19.999999999999996,15.379854752258943,2026-07-26 00:00:00,0.14563509557463017
33696,350,-135.42638529123258,13204.875755492205,0.0,56.66866610748571,312.5160763728475,0.00601627491414547,19.999999999999996,15.654853656669735,2026-07-03 00:00:00,0.056382233041874286
33792,351,-132.10845358303,13045.699223624082,0.0,61.95713816354024,276.762816941379,0.006039755884557962,19.999999999999996,15.9959031361074,2026-05-26 00:00:00,0.4596236735475242
33888,352,0.0,0.0,0.0,0.0,0.0,0.0060061682015657425,19.999999999999996,16.40270640426358,2026-06-07 00:00:00,0.6782287529912534
33984,353,-135.47529531955539,8835.05452369116,0.0,60.98519463825821,295.2772482232861,0.005983302835375071,19.999999999999996,16.876187703403595,2026-06-04 00:00:00,0.6749503722069415
34080,354,-147.5602005147207,10556.790459131063,0.0,61.22173441167582,340.8333245538358,0.005922340322285891,19.999999999999996,17.418442326297203,2026-06-22 00:00:00,0.6726110712491735
34176,355,-123.5690137716123,12306.695142020042,0.0,61.402080748046764,245.85428613213503,0.005970264319330454,19.999999999999996,18.03273632459596,2026-06-25 00:00:00,0.7739678840531796
34272,356,0.0,0.0,0.0,0.0,0.0,0.0060553220100700855,19.999999999999996,18.72355205143656,2026-06-07 00:00:00,0.22235899468621667
34368,357,0.0,0.0,0.0,0.0,0.0,0.00595334405079484,19.999999999999996,19.49667902340314,2026-05-23 00:00:00,0.6043778992086565
34464,358,-126.82983597066684,21638.99742637437,0.0,63.90392264178419,248.4532118642394,0.005861102137714624,19.999999999999996,19.999999999999996,2026-07-07 00:00:00,0.666750405581493
34560,359,-150.5613696299193,9439.021103184139,0.0,65.54684936740273,336.0126997189391,0.005885337945073843,19.999999999999996,19.999999999999996,2026-07-20 00:00:00,0.9019684931097692
34656,360,-121.0847148389198,11863.859493638884,0.0,55.730914697739586,259.2325350137811,0.005980567540973425,19.999999999999996,19.999999999999996,2026-07-03 00:00:00,0.6784863207608086
34752,361,0.0,0.0,0.0,0.0,0.0,0.006083223503082991,19.999999999999996,19.999999999999996,2026-06-07 00:00:00,0.45335276680617675
34848,362,-158.52195855069536,10427.321739557136,0.0,66.82650074055968,362.03850908970645,0.006111090537160635,19.999999999999996,19.999999999999996,2026-06-08 00:00:00,0.07297068641597337
34944,363,0.0,0.0,0.0,0.0,0.0,0.006183243822306395,19.999999999999996,19.999999999999996,2026-06-07 00:00:00,0.30432566730388244
35040,364,-127.85465466691485,11664.984145554023,0.0,59.14735306593283,271.436910452835,0.006187676917761564,19.999999999999996,19.999999999999996,2026-07-08 00:00:00,0.21955400585314477
35136,365,-133.508929955774,6535.357337787085,0.0,29.091455235373445,413.67132180861415,0.006209605373442173,19.999999999999996,19.999999999999996,2026-07-18 00:00:00,0.6566266762323844
35232,366,0.0,0.0,0.0,0.0,0.0,0.006216054782271385,19.999999999999996,19.999999999999996,2026-05-24 00:00:00,0.03353792520148968
35328,367,-135.44639590661342,8940.795201324005,0.0,61.20946299317554,294.30313989864186,0.00623428076505661,19.999999999999996,19.999999999999996,2026-06-04 00:00:00,0.8300564688191041
35424,368,-121.98975208111705,14204.001356447003,0.0,56.167246206861854,260.5818091592285,0.00617963308468461,19.999999999999996,19.999999999999996,2026-06-19 00:00:00,0.9589775486332959
35520,369,-112.56654912082865,15186.702279687372,0.0,55.48659515710982,224.95273241347863,0.0061200750060379505,19.999999999999996,19.999999999999996,2026-06-12 00:00:00,0.7616552315093669
35616,370,0.0,0.0,0.0,0.0,0.0,0.006158109754323959,19.999999999999996,19.999999999999996,2026-07-25 00:00:00,0.8024431738529846
35712,371,-123.44600341864705,13764.515652971219,0.0,55.739626055716805,268.467569137905,0.006127377972006798,19.999999999999996,19.999999999999996,2026-06-26 00:00:00,0.49345192014730643
35808,372,-127.07323883593492,15087.544689996379,0.0,62.28187672794866,255.44598230561235,0.00620613619685173,19.999999999999996,19.999999999999996,2026-06-30 00:00:00,0.6379428018398328
35904,373,0.0,0.0,0.0,0.0,0.0,0.006165849510580301,19.999999999999996,19.999999999999996,2026-07-12 00:00:00,0.5923970325565924
36000,374,0.0,0.0,0.0,0.0,0.0,0.006246933713555336,19.999999999999996,19.999999999999996,2026-06-21 00:00:00,0.6161888017876997
36096,375,-146.50686728706694,10148.155059987394,0.0,62.38858933011712,332.30595218381706,0.006265468429774046,19.999999999999996,19.944534837769883,2026-06-08 00:00:00,0.7620432037315366
36192,376,-129.6505642756274,10816.831427878507,0.0,59.42284470031218,277.45030217163566,0.00623529776930809,19.999999999999996,19.802668176103644,2026-07-15 00:00:00,0.38228409197112945
36288,377,0.0,0.0,0.0,0.0,0.0,0.006296682637184858,19.999999999999996,19.58538946617303,2026-06-27 00:00:00,0.4067392145424841
36384,378,-139.3849588265426,13427.726484936105,0.0,63.20489516362321,301.61875974907167,0.0063477084040641785,19.999999999999996,19.303651543723937,2026-05-26 00:00:00,0.13529611320257096
36480,379,0.0,0.0,0.0,0.0,0.0,0.006318789906799793,19.999999999999996,18.96805951311092,2026-06-21 00:00:00,0.008162704502537421
36576,380,-129.39587643768797,12492.217341627576,0.0,56.25367334289382,290.1056228933862,0.0062722209841012955,19.999999999999996,18.588634491789673,2026-07-24 00:00:00,0.8070600753551742
36672,381,0.0,0.0,0.0,0.0,0.0,0.006215231027454138,19.999999999999996,18.174647088957464,2026-06-07 00:00:00,0.5376168934163126
36768,382,-97.60036286562641,8711.91675896268,0.0,49.93603692850869,187.71164667409897,0.006218011491000652,19.999999999999996,17.734512595484134,2026-06-16 00:00:00,0.9332002882650775
36864,383,0.0,0.0,0.0,0.0,0.0,0.006232155952602625,19.999999999999996,17.27573830945312,2026-06-20 00:00:00,0.29109002059654676
36960,384,-119.39539381841267,8263.438676799808,0.0,51.099318031100985,270.15736631982634,0.00614923657849431,19.999999999999996,16.804912955323605,2026-06-01 00:00:00,0.4562655620765754
37056,385,-118.40261420007789,8108.222296379013,0.0,50.86917616348742,267.16334579706546,0.006109412293881178,19.999999999999996,16.327728491909085,2026-06-01 00:00:00,0.5055402094019256
37152,386,-103.97759599384146,36108.1426245668,0.0,54.245271301463355,195.4836532185759,0.006051990669220686,19.999999999999996,15.849025476265702,2026-05-20 00:00:00,0.43205272366539293
37248,387,-125.83559340571514,6017.712904691459,0.0,29.386509732826553,382.8408892222767,0.006057808641344309,19.999999999999996,15.37285432671631,2026-07-18 00:00:00,0.7651361308073987
37344,388,-151.0110798748568,13712.555978114357,0.0,62.37678660360117,350.0727975303411,0.0059145488776266575,19.999999999999996,14.902546127118976,2026-07-01 00:00:00,0.0630901400061249
37440,389,-138.22512858570315,9095.786369295758,0.0,59.26386990546358,312.8417981025973,0.005885402671992779,19.999999999999996,14.440787904663843,2026-06-04 00:00:00,0.3632330190503166
37536,390,-143.24439474466715,9819.847262938842,0.0,64.54357058149648,310.9490056752022,0.00590550247579813,19.999999999999996,13.989698508508953,2026-06-22 00:00:00,0.9523337773559302
37632,391,0.0,0.0,0.0,0.0,0.0,0.005960667040199041,19.999999999999996,13.550902266983684,2026-05-30 00:00:00,0.3009958690734319
37728,392,-146.40002364761824,10132.89481856362,0.0,63.974821926315336,325.362876322318,0.005838605109602213,19.999999999999996,13.125598485533978,2026-06-22 00:00:00,0.329832370696717
37824,393,0.0,0.0,0.0,0.0,0.0,0.005844067316502333,19.999999999999996,12.714625564440265,2026-07-25 00:00:00,0.03229100755023229
37920,394,-124.74205418899827,10475.807873057069,0.0,60.44861991358155,254.53684150101648,0.005812330171465874,19.999999999999996,12.318519075655093,2026-07-09 00:00:00,0.18761602875818284
38016,395,-141.8452003898426,10928.461620347569,0.0,63.64855078528666,308.86877874541074,0.0057872990146279335,19.999999999999996,11.93756356003921,2026-07-14 00:00:00,0.3159170004456826
38112,396,-133.95365433701937,21836.85173656213,0.0,64.12588230715639,274.99394245469034,0.00578518258407712,19.999999999999996,11.57183811103129,2026-07-07 00:00:00,0.12289624821741163
38208,397,0.0,0.0,0.0,0.0,0.0,0.005864087492227554,19.999999999999996,11.22125601987069,2026-07-25 00:00:00,0.043023929795533156
38304,398,0.0,0.0,0.0,0.0,0.0,0.005908363964408636,19.999999999999996,10.885598890994974,2026-06-27 00:00:00,0.6319469899667817
38400,399,0.0,0.0,0.0,0.0,0.0,0.0058972518891096115,19.999999999999996,10.564545711901228,2026-06-20 00:00:00,0.8821533477054285
38496,400,0.0,0.0,0.0,0.0,0.0,0.005934589542448521,19.999999999999996,10.257697394621273,2026-07-12 00:00:00,0.32483317237515896
38592,401,0.0,0.0,0.0,0.0,0.0,0.005915425717830658,19.999999999999996,9.964597308305947,2026-07-26 00:00:00,0.8407471325540301
38688,402,-147.75657688389802,11340.275954733319,0.0,60.092371892549075,344.89572335602173,0.005858712829649448,19.999999999999996,9.68474830399446,2026-06-09 00:00:00,0.04971570569723338
38784,403,0.0,0.0,0.0,0.0,0.0,0.005924122873693705,19.999999999999996,9.417626700980286,2026-05-23 00:00:00,0.9310706878714189
38880,404,0.0,0.0,0.0,0.0,0.0,0.00596098555251956,19.999999999999996,9.162693664913206,2026-06-28 00:00:00,0.0721693750246728
38976,405,-135.95118176617703,9132.524104892806,0.0,58.122081021452225,308.83344808668113,0.005951232276856899,19.999999999999996,8.91940436499825,2026-06-04 00:00:00,0.9506929868685103
39072,406,-138.27066006972805,13242.240090675758,1.0,64.38094969935094,291.55070771095995,0.006079395767301321,19.999999999999996,8.690294366569189,2026-05-26 00:00:00,0.3196112201555015
39168,407,-119.80683263328054,5559.903958770577,0.0,28.26387479892849,362.5781542031228,0.006112119182944298,19.999999999999996,8.474217846302075,2026-07-18 00:00:00,0.6958305942704694
39264,408,-129.05897332207533,14095.066492582055,0.0,57.079288539373124,285.81083355338757,0.0060715219005942345,19.999999999999996,8.270136372720424,2026-06-26 00:00:00,0.22728294758422685
39360,409,-148.51804739217764,10480.695944855388,0.0,64.02924597548508,333.3653054055069,0.006079801823943853,19.999999999999996,8.077107994014836,2026-06-22 00:00:00,0.8404253566498056
39456,410,-125.55882864948791,15265.388001618256,0.0,60.26476102704222,257.0559550997821,0.0061366381123661995,19.999999999999996,7.894277478527685,2026-06-30 00:00:00,0.4722045438669856
39552,411,-121.53449529198345,8460.268127638425,0.0,50.929124303688496,279.211967551745,0.006128155160695314,19.999999999999996,7.720867588666744,2026-06-01 00:00:00,0.7816288002789814
39648,412,0.0,0.0,0.0,0.0,0.0,0.006101321894675493,19.999999999999996,7.556171279355606,2026-06-21 00:00:00,0.6189003818022155
39744,413,-124.04650401031644,12259.862135708801,0.0,62.22827228174687,245.08496615320064,0.006104770116508007,19.999999999999996,7.399544722278119,2026-06-25 00:00:00,0.8047687214621504
39840,414,-130.2024773487935,10772.173231691548,0.0,60.12543714487613,276.67535479422503,0.005986096803098917,19.999999999999996,7.2504010668674646,2026-07-27 00:00:00,0.7265885750707903
39936,415,-125.3338566813319,11041.765523624295,0.0,58.68930003117058,264.1726128532665,0.006032045464962721,19.999999999999996,7.1082048580738455,2026-07-09 00:00:00,0.5255167214763641
40032,416,-119.29147970009458,15142.998772381508,0.0,60.03917760972256,235.52122161699486,0.006110804621130228,19.999999999999996,6.972467039338083,2026-07-02 00:00:00,0.38125644180649065
40128,417,-133.94015193582814,11228.681936053234,0.0,59.39510493542762,295.67488961475243,0.006143196485936642,19.999999999999996,6.842740476873562,2026-05-28 00:00:00,0.10906154440805482
40224,418,-122.37772305797483,11756.19351002336,0.0,61.67650255654584,240.9659399464097,0.006168760824948549,19.999999999999996,6.718615948321092,2026-07-16 00:00:00,0.9820162174868913
40320,419,-131.62037837051795,12320.617035159827,0.0,60.905201918031906,280.9715441368305,0.006257344502955675,19.999999999999996,6.599718545117466,2026-07-23 00:00:00,0.3157430529202724
40416,420,-122.77217871980632,10732.164639019651,0.0,58.94657777343181,253.11830212362594,0.006283144000917673,19.999999999999996,6.485704443549209,2026-07-09 00:00:00,0.7719507315389376
40512,421,-111.8942434636844,14885.478442146941,0.0,58.19215606273597,212.31676055111657,0.006329135969281197,19.999999999999996,6.376258004495482,2026-06-12 00:00:00,0.7432735704242548
40608,422,0.0,0.0,0.0,0.0,0.0,0.006416344083845615,19.999999999999996,6.271089166348756,2026-05-30 00:00:00,0.845988400318759
40704,423,-138.70478945985343,9064.231937179266,0.0,61.82818293167617,302.6715049272653,0.006582195404917002,19.999999999999996,6.169931099589308,2026-07-21 00:00:00,0.4589833547803419
40800,424,-121.41453078266404,5733.028284321566,0.0,25.655909153200117,380.7743966972557,0.006751103792339563,19.999999999999996,6.072538095028879,2026-07-19 00:00:00,0.20616394741891253
40896,425,0.0,0.0,0.0,0.0,0.0,0.006808765698224306,19.999999999999996,5.978683660876247,2026-06-07 00:00:00,0.36993610594493553
40992,426,-160.75634187331053,12796.714736463167,0.0,56.04712523465415,416.9114406945822,0.0069254860281944275,19.999999999999996,5.88671642664591,2026-07-10 00:00:00,0.007026761139303672
41088,427,0.0,0.0,0.0,0.0,0.0,0.006775649264454842,19.999999999999996,5.796670771341864,2026-06-27 00:00:00,0.7718940632405962
41184,428,0.0,0.0,0.0,0.0,0.0,0.006547745317220688,19.999999999999996,5.7085675998274095,2026-05-30 00:00:00,0.513087305035448
41280,429,-147.68980522608123,10212.21227684943,0.0,63.368407272332284,333.1678825108394,0.006396051496267319,19.999999999999996,5.622416226746948,2026-06-22 00:00:00,0.14642167080755164
41376,430,-139.28261053197102,9077.346368377688,0.0,61.4967505559433,309.19922388061383,0.006217145826667547,19.999999999999996,5.538216051182911,2026-06-04 00:00:00,0.5073757869541693
41472,431,-137.667225428931,42464.10598479329,5.0,57.7615495380948,317.8230279109649,0.0061829607002437115,19.999999999999996,5.462200820649981,2026-05-21 00:00:00,0.8665506789665851
41568,432,-121.51559174065598,10431.79132576701,0.0,57.943398033501474,251.12927851532498,0.006129461340606213,19.999999999999996,5.3934060935975126,2026-07-15 00:00:00,0.7486606763817989
41664,433,-141.91297353097372,10956.211463052025,1.0,62.589609224285354,312.64820390962564,0.006144476588815451,19.999999999999996,5.332186640879341,2026-06-09 00:00:00,0.16474995689601724
41760,434,0.0,0.0,0.0,0.0,0.0,0.006136758252978325,19.999999999999996,5.277646932575989,2026-05-23 00:00:00,0.8492358300808965
41856,435,0.0,0.0,0.0,0.0,0.0,0.0061325253918766975,19.999999999999996,5.2290095117848265,2026-06-27 00:00:00,0.2392049756022715
41952,436,-122.13490711279844,10454.598413496238,0.0,56.89430396629719,258.0572128082603,0.006131691858172417,19.999999999999996,5.185597232342706,2026-07-15 00:00:00,0.3187422773489835
42048,437,-135.45893563920575,9711.40248745128,0.0,63.127567247309926,285.46822848613004,0.006089466158300638,19.999999999999996,5.146818546828986,2026-07-06 00:00:00,0.282926106421296
42144,438,-132.34873519670748,16007.053040526138,0.0,63.885365374897155,270.0598117119019,0.006135324481874704,19.999999999999996,5.112155257618088,2026-06-30 00:00:00,0.5651419624539645
42240,439,-123.8086660117043,12343.705061783689,0.0,55.89876538263273,269.2443155719267,0.006127553526312113,19.999999999999996,5.081152267691943,2026-07-03 00:00:00,0.594246740427721
42336,440,-115.39403130404337,8040.225464543263,0.0,48.344643958586694,264.8898854441736,0.006109957117587328,19.999999999999996,5.053408963665463,2026-06-01 00:00:00,0.2843719426688791
42432,441,-96.15885323822172,8477.762089587655,2.0,50.2011912068717,181.07283051905654,0.0060680946335196495,19.999999999999996,5.0307044393295275,2026-06-16 00:00:00,0.42269660471669246
42528,442,-122.93484246066295,8614.010925035078,0.0,50.97790155394986,284.55962541757395,0.006053246092051268,19.999999999999996,5.0124842706441175,2026-06-01 00:00:00,0.13082422107023117
42624,443,-124.56204019049589,11621.527753001406,0.0,57.36884023715009,265.7901554734529,0.00603089202195406,19.999999999999996,4.998263937587885,2026-07-24 00:00:00,0.6623588123544757
42720,444,0.0,0.0,0.0,0.0,0.0,0.005976776126772165,19.999999999999996,4.987618878203729,2026-06-07 00:00:00,0.475943539162763
42816,445,-128.564723506421,13582.627328186438,0.0,59.86619316694129,272.987883297325,0.006046907976269722,19.999999999999996,4.980176164388178,2026-06-18 00:00:00,0.6997278391722567
42912,446,-122.88919529626574,11030.752780869227,0.0,57.930302248616755,257.9987974330542,0.00601318059489131,19.999999999999996,4.975607500594911,2026-07-09 00:00:00,0.9988982491648564
43008,447,0.0,0.0,0.0,0.0,0.0,0.006010287906974554,19.999999999999996,4.9736233074138205,2026-05-30 00:00:00,0.4839781815113916
43104,448,-135.37161739500112,10660.452278599862,0.0,62.72531331163159,286.80699191474247,0.006024269852787256,19.999999999999996,4.973967699396157,2026-07-14 00:00:00,0.4905707667084631
43200,449,-188.85431861448086,14336.00713592252,0.0,60.82580003459936,508.4347994213549,0.006062221247702837,19.999999999999996,4.97641420367153,2026-07-10 00:00:00,0.0015358820203807966
43296,450,-131.01418311219618,15328.090282930578,0.0,63.830912479552666,265.09970862157746,0.006103186868131161,19.999999999999996,4.980762095206032,2026-06-30 00:00:00,0.40160858062630933
43392,451,-136.64577206115783,8908.647568246273,0.0,59.82938978436067,304.47865068356305,0.0062012020498514175,19.999999999999996,4.98155402206623,2026-06-04 00:00:00,0.477193080985557
43488,452,-128.5325314906723,10513.445284005136,0.0,56.24335012254773,286.4769649635142,0.00609293719753623,19.999999999999996,4.97913482113677,2026-07-10 00:00:00,0.43797016793318067
43584,453,-132.4133673128368,9657.798151840469,0.0,60.61954388891982,283.2717525842087,0.0060934568755328655,19.999999999999996,4.972767239115239,2026-07-06 00:00:00,0.43996055326422956
43680,454,0.0,0.0,0.0,0.0,0.0,0.006046389229595661,19.999999999999996,4.962855422825563,2026-06-28 00:00:00,0.33126911540364834
43776,455,-114.30636809066772,15008.891971376748,0.0,61.23572892737773,210.26052927537583,0.005977169144898653,19.999999999999996,4.949773251874111,2026-06-12 00:00:00,0.9202653195889611
43872,456,-128.39174817585877,12578.139072030883,0.0,61.50968318584669,265.4806111071058,0.0059374114498496056,19.999999999999996,4.933865394999564,2026-07-16 00:00:00,0.8990954153460471
43968,457,-126.88828563588304,11117.19174666327,0.0,61.35376242500533,260.6109623398937,0.005872202105820179,19.999999999999996,4.9154485840399005,2026-07-09 00:00:00,0.666695637651635
44064,458,-144.42541060355344,9313.73375812393,0.0,61.259953723311256,329.05407632397845,0.005820930935442448,19.999999999999996,4.894813035256298,2026-07-20 00:00:00,0.5444452068985465
44160,459,-133.7886853810076,10524.634609204526,0.0,60.08329433873342,292.4250598579872,0.005868761800229549,19.999999999999996,4.872223961136767,2026-06-24 00:00:00,0.2762370046542687
44256,460,-169.5049701249332,44136.78658320563,0.0,61.47884456414904,427.75718155514727,0.005907753016799688,19.999999999999996,4.847923127253826,2026-05-21 00:00:00,0.01790338948411896
44352,461,-120.98807434446951,21207.77959641037,0.0,61.889289435940576,232.55704029399473,0.005880431737750769,19.999999999999996,4.820116889733082,2026-07-07 00:00:00,0.8186361228270335
44448,462,-127.72642439845539,13753.465870112317,0.0,57.79094724243879,277.2776831636314,0.005913090892136097,19.999999999999996,4.789249783790471,2026-06-26 00:00:00,0.4464040945364658
44544,463,-145.25502538962076,9859.869434669212,0.0,60.823277624032535,333.37984432824663,0.006067067850381136,19.999999999999996,4.7557290950668945,2026-07-21 00:00:00,0.99466669231911
44640,464,-139.93418674154742,15226.475492504509,0.0,59.30897374280947,320.2698177449905,0.005949266254901886,19.999999999999996,4.719926505560224,2026-06-19 00:00:00,0.062848273183441
44736,465,0.0,0.0,0.0,0.0,0.0,0.005771106109023094,19.999999999999996,4.682179947818017,2026-06-07 00:00:00,0.09332273254909973
44832,466,0.0,0.0,0.0,0.0,0.0,0.005591137334704399,19.999999999999996,4.642795589622861,2026-06-21 00:00:00,0.377183782939044
44928,467,0.0,0.0,0.0,0.0,0.0,0.005527635104954243,19.999999999999996,4.602049886450856,2026-06-27 00:00:00,0.44999105896360514
45024,468,0.0,0.0,0.0,0.0,0.0,0.005517801735550165,19.999999999999996,4.560191651923367,2026-06-20 00:00:00,0.4597780060682416
45120,469,-136.54036560191588,9409.266311977812,0.0,59.188448068446284,306.0888711072849,0.0054604834876954556,19.999999999999996,4.517444107471127,2026-06-08 00:00:00,0.3002054104134412
45216,470,-142.8178441133269,17274.88652198422,0.0,53.96460118300248,351.4473219743619,0.005452311132103205,19.999999999999996,4.474006881676923,2026-05-27 00:00:00,0.03197149938617738
45312,471,-154.64756787239048,12181.474477814176,0.0,57.236250803768826,386.7005316261357,0.005443751346319914,19.999999999999996,4.430057937454006,2026-07-10 00:00:00,0.03176625348153472
45408,472,-118.12728622389798,15961.526173150722,1.0,54.841837972175,249.45561489008858,0.005426211282610893,19.999999999999996,4.38660374478342,2026-07-22 00:00:00,0.3332065484680402
45504,473,-128.31876444272717,30593.6007910746,1.0,70.59645832793244,227.78376505877787,0.005419454537332058,19.999999999999996,4.344500961108091,2026-05-22 00:00:00,0.8225938322685452
45600,474,0.0,0.0,0.0,0.0,0.0,0.005395809188485146,19.999999999999996,4.303655461980169,2026-05-23 00:00:00,0.3084574039985192
45696,475,-140.7508779592054,10265.505523142447,0.0,63.766583091499704,304.2560126016692,0.005301792174577713,19.999999999999996,4.263981929145797,2026-07-06 00:00:00,0.34088598483414667
45792,476,-156.67332496948987,33911.908071627986,0.0,66.69551128954186,356.79228625543755,0.005256235599517822,19.999999999999996,4.225402936686641,2026-05-22 00:00:00,0.026100972062712335
45888,477,-139.15456982169823,9779.3745125788,0.0,63.59813474043909,298.60965714443023,0.005394744221121073,19.999999999999996,4.187848138839411,2026-07-06 00:00:00,0.8173941402226957
45984,478,-120.44562377180198,12511.34180014837,0.0,57.111385168842986,251.6195859043762,0.005445181857794523,19.999999999999996,4.151253547270127,2026-06-25 00:00:00,0.5804425885506549
46080,479,-127.48047659989167,13986.96347873083,0.0,56.80717768262824,281.10081725910186,0.005460374057292938,19.999999999999996,4.115560887190719,2026-06-18 00:00:00,0.6125999936210011
46176,480,0.0,0.0,0.0,0.0,0.0,0.005453832447528839,19.999999999999996,4.080717023082246,2026-06-28 00:00:00,0.765838828388109
46272,481,-131.67894034599806,12657.241845387885,0.0,56.496463220551995,297.76906195828593,0.005495186895132065,19.999999999999996,4.046673445968729,2026-07-24 00:00:00,0.40297922042304135
46368,482,-139.52524612013974,8977.428183540746,0.0,63.97792373058868,298.6709170867227,0.005556026473641396,19.999999999999996,4.013385815199387,2026-07-21 00:00:00,0.7866390059609584
46464,483,-136.15352074150343,15963.320920278116,1.0,63.560580036066135,286.60772095331083,0.005609625019133091,19.999999999999996,3.9815215749996704,2026-06-02 00:00:00,0.47391499978056295
46560,484,-137.6975607321388,9141.316080295503,0.0,59.73391339239669,309.3326879144367,0.0055846706964075565,19.999999999999996,3.950952255018472,2026-06-04 00:00:00,0.2898610461110943
46656,485,0.0,0.0,0.0,0.0,0.0,0.005564550869166851,19.999999999999996,3.9215628115331365,2026-06-07 00:00:00,0.8613664742371004
46752,486,0.0,0.0,0.0,0.0,0.0,0.005544574931263924,19.999999999999996,3.8932501251506246,2026-05-24 00:00:00,0.09053695662580519
46848,487,-133.8561049378789,15380.070634555688,0.0,64.35206517306426,274.62468750506406,0.005575214512646198,19.999999999999996,3.865921680578366,2026-06-02 00:00:00,0.5536362143547361
46944,488,-132.22696477025835,10225.565804008169,1.0,61.96448739351544,276.958217012003,0.005567918997257948,19.999999999999996,3.8401566199798984,2026-06-09 00:00:00,0.31720432092744744
47040,489,-135.4163452375677,9058.76780602619,0.0,58.68349511023386,304.42344119598,0.005623179022222757,19.999999999999996,3.815798456235264,2026-06-04 00:00:00,0.9852613830021009
47136,490,-118.55300876362664,15687.270159116499,0.0,57.271838747287,243.84893107570198,0.005748349241912365,19.999999999999996,3.7927076911570663,2026-07-02 00:00:00,0.83603458892776
47232,491,-137.43061974108645,9401.845423615028,0.0,60.480024593639236,305.43551875937936,0.005838243290781975,19.999999999999996,3.770759838352459,2026-06-05 00:00:00,0.5680323890260053
47328,492,0.0,0.0,0.0,0.0,0.0,0.005837374832481146,19.999999999999996,3.7492096714191603,2026-05-23 00:00:00,0.31822065315280224
47424,493,-123.61899614728782,9966.379196249907,2.0,56.308875045275386,266.48436132151534,0.005813131108880043,19.999999999999996,3.728661199464923,2026-06-24 00:00:00,0.8607553948613821
47520,494,-135.2832691028411,13250.496293552193,4.0,60.731221206337345,296.4860700473834,0.005783621687442064,19.999999999999996,3.7115066028587127,2026-07-16 00:00:00,0.08901958907039975
47616,495,0.0,0.0,0.0,0.0,0.0,0.005722024478018284,19.999999999999996,3.697372561171704,2026-05-30 00:00:00,0.3838608450854114
47712,496,-129.9243335537956,16375.877988135515,0.0,56.87487477628013,288.4229812242461,0.005656949710100889,19.999999999999996,3.6859319625944034,2026-05-27 00:00:00,0.17088512138706335
47808,497,-120.78302821558519,10305.143654215564,0.0,55.71994498999144,257.1396402086702,0.005651894025504589,19.999999999999996,3.6768974690488165,2026-07-15 00:00:00,0.6383289492356532
47904,498,0.0,0.0,0.0,0.0,0.0,0.005728284362703562,19.999999999999996,3.670016105901359,2026-07-04 00:00:00,0.5972689110994548
48000,499,0.0,0.0,0.0,0.0,0.0,0.005814899690449238,19.999999999999996,3.6650646916993828,2026-05-30 00:00:00,0.46545767298778096
48096,500,-120.24697104689663,5368.647240935565,0.0,30.76414568166722,356.0500938600347,0.005898939445614815,19.999999999999996,3.661845960136401,2026-07-19 00:00:00,0.641106629437842
48192,501,0.0,0.0,0.0,0.0,0.0,0.00594670232385397,19.999999999999996,3.6601852552911622,2026-06-03 00:00:00,0.05425048921910536
48288,502,-132.16273721569706,8657.90188066906,0.0,59.41869639793506,287.95655883715904,0.006103288847953081,19.999999999999996,3.6599277039170794,2026-07-13 00:00:00,0.8921835962889185
48384,503,-118.38901966832904,5346.347700565616,0.0,29.715093119360127,352.9615294645848,0.006153918337076902,19.999999999999996,3.6603263482859196,2026-07-19 00:00:00,0.7701170812501509
48480,504,0.0,0.0,0.0,0.0,0.0,0.006132329348474741,19.999999999999996,3.6613173807416546,2026-07-12 00:00:00,0.8880770933387925
48576,505,-122.33953533670444,10903.130115243372,0.0,58.853221156121656,252.13115442763916,0.006154915783554316,19.999999999999996,3.6628436656033614,2026-07-09 00:00:00,0.9518460537211391
48672,506,-147.71644301188408,8992.660321541134,0.0,71.17478080077775,302.9640290865124,0.00623726611956954,19.999999999999996,3.6648540136444194,2026-07-21 00:00:00,0.4700436808710168
48768,507,-128.41492099544598,16579.590198262318,0.0,61.27412953161869,265.4240120709396,0.006140212062746286,19.999999999999996,3.6673025410407485,2026-07-22 00:00:00,0.2996000057234931
48864,508,-115.19378731415948,5111.281502529755,0.0,28.887562023702966,343.07713072655633,0.006086212117224932,19.999999999999996,3.669532015438178,2026-07-19 00:00:00,0.9624107747054862
48960,509,-129.99593318466353,10977.247087362546,0.0,58.33243662463704,282.91017341403517,0.0061288857832551,19.999999999999996,3.671563901414721,2026-07-15 00:00:00,0.1462763043249553
49056,510,-127.0586431203612,13352.552157250766,0.0,60.39754238499377,264.0867795138739,0.006233359221369028,19.999999999999996,3.6734175830659286,2026-06-26 00:00:00,0.8097613932609853
49152,511,0.0,0.0,0.0,0.0,0.0,0.006381310056895018,19.999999999999996,3.6751105619350106,2026-06-07 00:00:00,0.09210170558720077
49248,512,-132.5780604723796,8561.006425450238,0.0,60.58403532677543,286.5071037009097,0.006258687004446983,19.999999999999996,3.676658636816679,2026-06-04 00:00:00,0.4018126650064471
49344,513,-139.446453133122,9401.05623921233,0.0,62.059849198704384,306.89321543258353,0.006108453962951899,19.999999999999996,3.676830376967202,2026-06-08 00:00:00,0.6983385537349108
49440,514,-190.38483361954712,15064.460024619462,0.0,67.90171459995966,485.841364870914,0.006015566643327475,19.999999999999996,3.6732676638025983,2026-07-27 00:00:00,0.005787986487553298
49536,515,-126.31170010416145,5937.53365643146,0.0,28.39954818842085,386.40479731383806,0.005986528005450964,19.999999999999996,3.666349018131644,2026-07-18 00:00:00,0.9327912986951731
49632,516,-123.29982209992362,16599.06443313466,0.0,54.8399361994409,270.44013707115323,0.005797988269478083,19.999999999999996,3.656427224059624,2026-07-22 00:00:00,0.25166632396269284
49728,517,-138.47518684352218,11097.74016551408,0.0,59.54785811948484,313.59533799107356,0.005707603879272938,19.999999999999996,3.6438295411216703,2026-07-10 00:00:00,0.33331162497387046
49824,518,-138.190639777099,11136.417145514784,0.0,60.37490647707294,308.1447074418944,0.005664031952619553,19.999999999999996,3.6288582715057474,2026-06-24 00:00:00,0.10963076809576322
49920,519,-147.33608167730796,11227.143729943647,0.0,63.338589363198885,332.7355623705958,0.005724041257053614,19.999999999999996,3.6117915944545547,2026-06-09 00:00:00,0.07403882154451247
50016,520,-125.76501412345962,13990.960955596614,6.0,60.23178924185698,259.82686110882247,0.005747973453253508,19.999999999999996,3.5965024688883083,2026-05-29 00:00:00,0.33198763886225446
50112,521,-128.47488530185532,16532.50542052458,0.0,60.23641280114927,270.17898637398474,0.005816716235131025,19.999999999999996,3.5828016872027537,2026-07-22 00:00:00,0.6994486913898131
50208,522,-124.60269629208604,14035.086893683636,0.0,59.98758382038074,256.3615083094836,0.0058664423413574696,19.999999999999996,3.570521348838299,2026-05-29 00:00:00,0.8230086155138548
50304,523,0.0,0.0,0.0,0.0,0.0,0.005861356388777494,19.999999999999996,3.5595122466807547,2026-07-28 00:00:00,0.15935728222074008
50400,524,0.0,0.0,0.0,0.0,0.0,0.005861093755811453,19.999999999999996,3.5496416121599412,2026-06-03 00:00:00,0.13240683365157258
50496,525,-143.88061080257282,9293.340277047148,0.0,61.532709936414165,325.5001023643623,0.0058501288294792175,19.999999999999996,3.540791163362037,2026-07-20 00:00:00,0.9091997008578516
50592,526,-127.39668951202212,10089.923725293067,0.0,58.622138103413704,272.2840819507873,0.005763219203799963,19.999999999999996,3.5328554101544354,2026-06-24 00:00:00,0.45073192885436575
50688,527,-94.43874521974064,8476.957401039757,0.0,47.95725098213736,183.04339587602638,0.005674337036907673,19.999999999999996,3.525740178157625,2026-06-16 00:00:00,0.6721504420013932
50784,528,-127.5919178244703,11159.838582223942,0.0,57.006074478479235,280.1136467831782,0.00560306990519166,19.999999999999996,3.519361319766409,2026-07-15 00:00:00,0.3442980119601007
50880,529,0.0,0.0,0.0,0.0,0.0,0.005546888802200556,19.999999999999996,3.5136435856190715,2026-07-29 00:00:00,0.8588896258614608
50976,530,0.0,0.0,0.0,0.0,0.0,0.0054594785906374454,19.999999999999996,3.508519634170613,2026-07-12 00:00:00,0.5947750924923695
51072,531,-125.50571688978289,11389.126222196437,0.0,60.363894698270784,258.3181486830503,0.005470577161759138,19.999999999999996,3.503929160528503,2026-07-08 00:00:00,0.713194482224406
51168,532,-141.42746235371624,13498.59891725594,0.0,57.0651157985123,334.2259909817755,0.005441794637590647,19.999999999999996,3.499818128601884,2026-07-03 00:00:00,0.0457774777794403
51264,533,-142.65481586557266,15989.188276797557,0.0,66.3407969007164,302.07376498895826,0.005436633247882128,19.999999999999996,3.4961380930131982,2026-06-02 00:00:00,0.4458932130087697
51360,534,-121.9648928015623,11836.148120186435,0.0,56.00702054975123,261.34445722396885,0.005403242539614439,19.999999999999996,3.4928455992170426,2026-07-03 00:00:00,0.2107919370440675
51456,535,-140.76751984805824,9316.753038660147,0.0,62.15894801916146,311.0479767572184,0.00536482036113739,19.999999999999996,3.489901651938414,2026-07-13 00:00:00,0.18638433670178534
51552,536,0.0,0.0,0.0,0.0,0.0,0.00538185378536582,19.999999999999996,3.4872712434405977,2026-07-25 00:00:00,0.28753238732290676
51648,537,-130.7290950705318,6432.11349959464,0.0,27.462310355554155,407.64854547931037,0.0053487662225961685,19.999999999999996,3.4849229343097026,2026-07-18 00:00:00,0.4802072141677012
51744,538,0.0,0.0,0.0,0.0,0.0,0.005347090773284435,19.999999999999996,3.48282848043674,2026-07-29 00:00:00,0.5851821729517737
51840,539,-126.538001933912,10040.958255330672,0.0,58.0975376810729,271.07975846150623,0.005356211215257645,19.999999999999996,3.4809625007207146,2026-06-24 00:00:00,0.8663207478369066
51936,540,0.0,0.0,0.0,0.0,0.0,0.005296266172081232,19.999999999999996,3.475844927619023,2026-07-26 00:00:00,0.09117691718172805
52032,541,-130.07151943035663,6094.380927947814,0.0,30.067381125818425,394.92118079183416,0.005238250829279423,19.999999999999996,3.4678121521570207,2026-07-18 00:00:00,0.7483280193946741
52128,542,-128.32411603643166,11770.640895445142,0.0,60.86549923244349,266.98668270890124,0.005185213405638933,19.999999999999996,3.457176603704499,2026-07-08 00:00:00,0.5982149504303561
52224,543,-118.59881100643352,15476.27034324653,0.0,54.78964930348798,252.20470299736763,0.005112982355058193,19.999999999999996,3.4442272153252778,2026-05-27 00:00:00,0.8858917106030632
52320,544,-127.49889982579408,21463.01229413547,0.0,66.738217811472,239.50654752471374,0.00499403802677989,19.999999999999996,3.4292301557208464,2026-07-07 00:00:00,0.8358464219563214
52416,545,-131.04120845968288,14077.06708851542,1.0,60.66471655387228,279.9400433452963,0.004980670288205147,19.999999999999996,3.412989818989798,2026-06-18 00:00:00,0.5310917186053088
52512,546,-120.45550494577775,11940.902543292956,0.0,58.7590129520232,245.46019019393407,0.004963772837072611,19.999999999999996,3.395663236851001,2026-07-16 00:00:00,0.8804607863373021
52608,547,-112.68409761723323,15103.787548958846,0.0,56.80800610877389,221.39323645535504,0.0048731109127402306,19.999999999999996,3.3773929919484194,2026-06-12 00:00:00,0.3115874313875946
52704,548,-120.51361987642274,5443.722874871519,0.0,30.191647623273035,360.0274352552,0.004834611434489489,19.999999999999996,3.358308282390895,2026-07-19 00:00:00,0.1718422919360657
52800,549,-131.46392167068848,10573.358149617918,0.0,57.73314964645351,292.9359500233743,0.0048101129941642284,19.999999999999996,3.338525949682806,2026-07-10 00:00:00,0.43761724520540823
52896,550,-124.87468070540314,12569.136825534022,0.0,60.505888170317164,255.64996366555184,0.004866710864007473,19.999999999999996,3.3181514619497077,2026-06-25 00:00:00,0.6621574083765966
52992,551,-123.73306687233739,12593.63377009047,9.0,59.89830143160804,253.65919259275648,0.004864618182182312,19.999999999999996,3.3020303243887,2026-06-25 00:00:00,0.2826037576728103
53088,552,-126.25446104495028,6047.933704771733,0.0,27.944994303317618,388.86087609279645,0.004818165674805641,19.999999999999996,3.2896864520771936,2026-07-18 00:00:00,0.7826671015467064
53184,553,-133.55506811070867,12097.711400194547,0.0,61.296093466436005,285.26640279860965,0.004973761737346649,19.999999999999996,3.2807073211989297,2026-07-08 00:00:00,0.26872101387574143
53280,554,0.0,0.0,0.0,0.0,0.0,0.004983421415090561,19.999999999999996,3.2747343349984788,2026-06-20 00:00:00,0.02259014456797559
53376,555,-140.9070597789562,40114.21014772961,0.0,71.58390091605972,274.708912022522,0.0049612997099757195,19.999999999999996,3.271454869261362,2026-05-21 00:00:00,0.2869656286897907
53472,556,0.0,0.0,0.0,0.0,0.0,0.004922648426145315,19.999999999999996,3.2705956679428314,2026-07-25 00:00:00,0.9957557497232645
53568,557,-123.70415712575105,16113.514289329642,0.0,58.235900564133416,258.9491476419381,0.004862475208938122,19.999999999999996,3.271917330523797,2026-07-22 00:00:00,0.39424125364048224
53664,558,-138.34794477291513,10375.438716244162,0.0,62.06985964526551,300.53607012942365,0.004826411604881287,19.999999999999996,3.275209687135685,2026-06-09 00:00:00,0.07135208976109875
53760,559,-130.79340938384897,8579.730258936086,0.0,57.91844073381572,289.75390602714214,0.00473742512986064,19.999999999999996,3.280287899559644,2026-06-04 00:00:00,0.28958281511390416
53856,560,-124.55458832830179,10623.06360026586,0.0,61.71722045990353,249.97462106141427,0.004697573371231556,19.999999999999996,3.2869891588847477,2026-07-09 00:00:00,0.49980623193768425
53952,561,0.0,0.0,0.0,0.0,0.0,0.004752183333039284,19.999999999999996,3.2951698761419403,2026-06-27 00:00:00,0.5508967514573754
54048,562,0.0,0.0,0.0,0.0,0.0,0.004767114762216806,19.999999999999996,3.3047032822867126,2026-05-30 00:00:00,0.2647923326633309
54144,563,0.0,0.0,0.0,0.0,0.0,0.0047224718146026134,19.999999999999996,3.3154773697403095,2026-06-27 00:00:00,0.0568171940071065
54240,564,-130.10654693162385,8456.723075538035,0.0,57.68672624070702,288.0789872905536,0.004660512320697308,19.999999999999996,3.3273931202671854,2026-06-04 00:00:00,0.5144573152296003
54336,565,-145.09628984723773,17394.729465885903,0.0,55.583773796503216,353.4716218012848,0.004622625652700663,19.999999999999996,3.339818540456918,2026-05-27 00:00:00,0.04311863630361634
54432,566,-98.14632424837906,36491.18815784215,0.0,49.396252509716476,191.57438852207764,0.004519006237387657,19.999999999999996,3.3527207265642938,2026-05-20 00:00:00,0.923027037672319
54528,567,0.0,0.0,0.0,0.0,0.0,0.004512623883783817,19.999999999999996,3.366070455337925,2026-06-20 00:00:00,0.9135672006487302
54624,568,0.0,0.0,0.0,0.0,0.0,0.004508750047534704,19.999999999999996,3.379841800763407,2026-06-20 00:00:00,0.38904052298051917
54720,569,0.0,0.0,0.0,0.0,0.0,0.00461191451177001,19.999999999999996,3.3940117937246823,2026-07-28 00:00:00,0.1299536087029013
54816,570,-131.7029722466649,13904.839227010412,0.0,61.554003398068474,278.2808723734547,0.004716197494417429,19.999999999999996,3.408560119404201,2026-06-26 00:00:00,0.3052377946731021
54912,571,-122.18593495061255,12098.369503255512,0.0,60.90823646072316,243.7660775616239,0.0046708551235497,19.999999999999996,3.4182911027588263,2026-06-25 00:00:00,0.8825295973854708
55008,572,-121.58993793197591,5750.978058577861,0.0,24.051566001046755,386.75064537781327,0.004747169092297554,19.999999999999996,3.423633053886884,2026-07-18 00:00:00,0.0999113038756203
55104,573,-119.94144029227586,15546.269439239522,0.0,61.528552279003975,232.4464503700038,0.004669291898608208,19.999999999999996,3.4249932662837352,2026-06-12 00:00:00,0.8518280956105048
55200,574,-187.6070600569182,13496.65022086031,0.0,58.57221865455085,513.126741359564,0.004690030589699745,19.999999999999996,3.4227563295816363,2026-06-01 00:00:00,0.004060139599921464
55296,575,-112.0232804887416,14663.68943193122,0.0,60.28473932052615,205.32846827677906,0.004736239090561867,19.999999999999996,3.4172831624467577,2026-06-12 00:00:00,0.9481031673725421
55392,576,-144.0066084789944,16055.153509943602,0.0,64.51713038599871,314.7815909702516,0.004834344144910574,19.999999999999996,3.4089106283949104,2026-06-02 00:00:00,0.07035896712411627
55488,577,-126.14562033984268,21613.536842368823,0.0,64.706797619897,242.4916974342128,0.004827283788472414,19.999999999999996,3.397951615069417,2026-07-07 00:00:00,0.33411076541565055
55584,578,0.0,0.0,0.0,0.0,0.0,0.004819119349122047,19.999999999999996,3.3846954744068056,2026-07-26 00:00:00,0.723822912377529
55680,579,-137.25294104542866,12885.866994622775,0.0,66.89862133302194,278.8173713717612,0.004837978631258011,19.999999999999996,3.3694087367206236,2026-05-26 00:00:00,0.9340924339768059
55776,580,-94.19532403264091,8307.877420864119,0.0,48.718617572257266,179.60347768278757,0.004815999884158373,19.999999999999996,3.3523360258565886,2026-06-16 00:00:00,0.8594617966741378
55872,581,0.0,0.0,0.0,0.0,0.0,0.004791045095771551,19.999999999999996,3.3337011151352876,2026-06-28 00:00:00,0.13179438426296475
55968,582,-117.31821028520619,5601.967921378529,0.0,26.06660468383948,362.8976817161922,0.004758425522595644,19.999999999999996,3.3137080748113914,2026-07-18 00:00:00,0.1294659985895601
56064,583,-120.4098314335035,5522.94503444437,0.0,29.694800148419354,361.08862045431374,0.0046574417501688,19.999999999999996,3.292542471309175,2026-07-19 00:00:00,0.25452635202749674
56160,584,-128.15208375244018,16177.255101753102,0.0,60.890710128335094,266.153258921102,0.004649429582059383,19.999999999999996,3.2703725866477407,2026-07-22 00:00:00,0.21061562466557926
56256,585,-130.65816126994986,16369.916601950019,0.0,56.18397110939276,294.76371281733964,0.0046580638736486435,19.999999999999996,3.247350633370655,2026-05-27 00:00:00,0.08250684948054088
56352,586,-127.42828052797186,15844.636482422662,0.0,61.53083452978015,261.0853253787329,0.004648199304938316,19.999999999999996,3.22361394607694,2026-05-27 00:00:00,0.9875592701943929
56448,587,-136.84209953360732,10675.901813334156,0.0,64.11074713584382,288.87478914582226,0.004723678808659315,19.999999999999996,3.199286135447048,2026-07-14 00:00:00,0.9041578108646146
56544,588,0.0,0.0,0.0,0.0,0.0,0.004719020798802376,19.999999999999996,3.174478194596795,2026-06-20 00:00:00,0.5953988631758406
56640,589,-121.91776852798758,8615.126536918622,0.0,50.81507959413193,281.3861394396579,0.0047256434336304665,19.999999999999996,3.149289550793991,2026-06-01 00:00:00,0.5140893993991013
56736,590,-130.98135235326993,39892.10445901682,0.0,66.14930922452037,256.93390857224,0.004748803563416004,19.999999999999996,3.1238090581457953,2026-05-21 00:00:00,0.608173259386465
56832,591,0.0,0.0,0.0,0.0,0.0,0.0047415560111403465,19.999999999999996,3.098115928907517,2026-06-03 00:00:00,0.07419603256898832
56928,592,-115.3264609022015,14904.632623919702,0.0,60.06264667136679,218.77719710054288,0.004693153779953718,19.999999999999996,3.07228060266219,2026-06-12 00:00:00,0.26709268876336234
57024,593,-128.7643699906014,15907.848580159993,0.0,61.507303393949606,266.8902292440076,0.004694740753620863,19.999999999999996,3.0463655538501704,2026-05-27 00:00:00,0.79816417255918
57120,594,-128.03339551673193,11876.759134198386,0.0,61.87672057689061,262.30707618557017,0.004776676185429096,19.999999999999996,3.0204260390544357,2026-07-23 00:00:00,0.8235637361892387
57216,595,-151.17116591402393,12328.848724268393,0.0,63.65750050972041,347.14099700255895,0.0047762137837708,19.999999999999996,2.9945107861259768,2026-07-27 00:00:00,0.05164604808548212
57312,596,0.0,0.0,0.0,0.0,0.0,0.0048140231519937515,19.999999999999996,2.968662627711982,2026-06-03 00:00:00,0.8256172816491211
57408,597,-141.95724333259778,10057.79784054239,0.0,61.146631341475945,320.52220378497526,0.004779986571520567,19.999999999999996,2.942919082067231,2026-06-22 00:00:00,0.9946293883354808
57504,598,0.0,0.0,0.0,0.0,0.0,0.004756329581141472,19.999999999999996,2.9173128842195606,2026-07-29 00:00:00,0.5889818220238222
57600,599,0.0,0.0,0.0,0.0,0.0,0.0047961147502064705,19.999999999999996,2.891872470651071,2026-07-04 00:00:00,0.1074947372411672
57696,600,-129.38571839098572,22049.925736988407,0.0,65.69698061373124,251.83150011389807,0.004766953177750111,19.999999999999996,2.866622420670624,2026-07-07 00:00:00,0.901695239533339
57792,601,-141.52521957070414,11135.085767809402,0.0,64.68347100143676,304.2040196660753,0.00473383441567421,19.999999999999996,2.841583857608865,2026-07-14 00:00:00,0.8676375441968633
57888,602,-141.9308641911043,15814.015475964397,0.0,65.14636973132242,304.49579567724487,0.004780159797519445,19.999999999999996,2.8167748128795065,2026-06-02 00:00:00,0.13517081812261045
57984,603,-157.01558153258964,10947.288492881304,0.0,61.15527609158743,380.18248380083645,0.004848854150623083,19.999999999999996,2.7922105558322468,2026-07-13 00:00:00,0.049005438174652194
58080,604,-131.28902310195193,8958.904843274659,7.0,57.31204968654791,291.67887177667296,0.004821680020540953,19.999999999999996,2.770671245738735,2026-07-13 00:00:00,0.5741822775576378
58176,605,-124.78665811796279,39276.48645356093,0.0,59.955988302703986,255.6239349216884,0.004742019809782505,19.999999999999996,2.751810773126068,2026-05-21 00:00:00,0.16522808869890937
58272,606,-120.90044696973955,15648.212665908044,0.0,58.99970691839414,245.57408833554553,0.004738376010209322,19.999999999999996,2.7353268732098157,2026-07-02 00:00:00,0.22763016235344613
58368,607,0.0,0.0,0.0,0.0,0.0,0.004829466808587313,19.999999999999996,2.7209548337378275,2026-07-04 00:00:00,0.2416807654642762
58464,608,-124.91721988919583,12259.40047221827,0.0,59.91672464535134,258.2055758332792,0.004868770018219948,19.999999999999996,2.7084622344843394,2026-07-16 00:00:00,0.5719771574984415
58560,609,-103.90020262326962,35974.30706342626,0.0,55.148229113295514,191.22879539437812,0.004972922150045633,19.999999999999996,2.697644527744643,2026-05-20 00:00:00,0.21130133692419473
58656,610,-119.02178721619846,30310.813357917028,0.0,62.81662648712896,220.98008214624326,0.005040404852479696,19.999999999999996,2.6883213080048143,2026-05-22 00:00:00,0.9926327022848743
58752,611,-135.78141758583374,10539.513986437758,0.0,62.99176201800939,288.3834347987502,0.005147023592144251,19.999999999999996,2.680333149237878,2026-07-14 00:00:00,0.18977749157347068
58848,612,-125.8535394325371,16153.87066923828,0.0,58.18895996439859,267.86323451824285,0.005198267288506031,19.999999999999996,2.673538912017319,2026-05-27 00:00:00,0.9058410567174698
58944,613,0.0,0.0,0.0,0.0,0.0,0.005154052283614874,19.999999999999996,2.667813441349617,2026-06-07 00:00:00,0.32576048740278984
59040,614,0.0,0.0,0.0,0.0,0.0,0.005026498343795538,19.999999999999996,2.6630455909488697,2026-06-28 00:00:00,0.8405727291536609
59136,615,0.0,0.0,0.0,0.0,0.0,0.00494042132049799,19.999999999999996,2.659136521473907,2026-07-12 00:00:00,0.6165675045500685
59232,616,-117.0541192651485,9717.376646352048,0.0,58.59345884446947,232.03203403839646,0.004922174382954836,19.999999999999996,2.655998229682692,2026-07-15 00:00:00,0.84741921796026
59328,617,-120.69255606869189,16105.255029772768,0.0,57.946472957600534,248.61395724445134,0.00488244229927659,19.999999999999996,2.6535522730379024,2026-07-22 00:00:00,0.8748462612078802
59424,618,-153.69050530556476,11915.966324929697,0.0,61.29063587421168,366.4915853669653,0.004815361462533474,19.999999999999996,2.651728660413224,2026-07-14 00:00:00,0.036930325626949756
59520,619,-129.2859538641266,12607.80369896876,0.0,62.21981264882072,266.6086480175764,0.004861332476139069,19.999999999999996,2.6504648845060115,2026-07-16 00:00:00,0.8149571388109225
59616,620,0.0,0.0,0.0,0.0,0.0,0.004821383394300938,19.999999999999996,2.6497050755954863,2026-06-20 00:00:00,0.3418148759029055
59712,621,-125.4318744334286,15434.41580805351,0.0,60.95747850153385,255.13811227489572,0.004802769981324673,19.999999999999996,2.6493992595818785,2026-05-27 00:00:00,0.817728350096226
59808,622,0.0,0.0,0.0,0.0,0.0,0.004862732719630003,19.999999999999996,2.649502705946767,2026-05-24 00:00:00,0.7439740108378076
59904,623,0.0,0.0,0.0,0.0,0.0,0.00484407739713788,19.999999999999996,2.649975353503284,2026-05-24 00:00:00,0.7919547436053025
60000,624,0.0,0.0,0.0,0.0,0.0,0.004918589256703854,19.999999999999996,2.6482123472517287,2026-07-26 00:00:00,0.6193218041448463
