step,episode,return,cost_comfort,cost_vent,fan_kwh,coil_kwh_th,alpha,lam_comfort,lam_vent,date,lam_dr
96,0,-117.58433348413418,1963.7473189527348,0.0,28.147585679440684,351.9581730985516,0.9716007113456726,1.0,1.0,2026-07-19 00:00:00,0.9127555772777217
192,1,-154.64549156997487,127.84830877926476,0.0,54.03556850378656,396.0674779584147,0.9440546631813049,1.0,1.0,2026-06-17 00:00:00,0.07226526552987678
288,2,0.0,0.0,0.0,0.0,0.0,0.917446494102478,1.0,1.0,2026-07-25 00:00:00,0.5863783547983777
384,3,-130.30990013728461,259.20875104138247,0.0,62.776066257471534,264.17946231492044,0.8915727734565735,1.0,1.0,2026-07-07 00:00:00,0.7084994832867091
480,4,-137.510997302,1008.8889976451521,0.0,32.17903102723561,414.60569147703484,0.8663337230682373,1.0,1.0,2026-07-18 00:00:00,0.8830780014959977
576,5,-143.8970427271313,128.63104932221762,0.0,59.20900156910675,332.7840995797419,0.8418263792991638,0.9098445493943852,0.9098445528069715,2026-07-27 00:00:00,0.5632039958201955
672,6,-144.86007599484483,270.71215322259854,0.0,63.54028936908695,319.19549982687937,0.818060040473938,0.8259000695766092,0.8312181064240391,2026-06-30 00:00:00,0.6426983422873438
768,7,-101.89338560378302,83.73822377687404,4.0,47.50562511767182,212.85014673889648,0.7951005697250366,0.7519708497371165,0.7622877721000902,2026-06-16 00:00:00,0.3395567095887363
864,8,-138.38422314944017,45.27090434480982,2.0,63.83830233730962,291.90142924674524,0.7729107141494751,0.6857086536843398,0.8171467637521197,2026-06-12 00:00:00,0.6387182191618228
960,9,-168.14984265231075,82.36460677297465,0.0,61.373652773195815,420.34690197068556,0.7513335943222046,0.6265765674368192,0.9396935294839176,2026-06-25 00:00:00,0.03050959749016091
1056,10,-135.60290700627834,143.95061226699693,3.0,61.09406991606962,291.13888074946686,0.7302636504173279,0.5741822571865527,1.0648457529934832,2026-07-22 00:00:00,0.7479296517191851
1152,11,-143.77806411316152,120.25894221787257,0.0,64.26641758359281,311.58815285549844,0.70987868309021,0.5279037021915137,1.2765135844465751,2026-05-25 00:00:00,0.3588024741195469
1248,12,-145.9712528574051,105.20834906401612,0.0,63.83403211412801,321.9654761646877,0.6900784969329834,0.48677833012759214,1.496290746647195,2026-07-08 00:00:00,0.8297852952045203
1344,13,0.0,0.0,0.0,0.0,0.0,0.6708177328109741,0.4500413935949847,1.7263371250347248,2026-05-30 00:00:00,0.35340365097167625
1440,14,-149.30953980482226,27.423722216179385,0.0,63.880353616169664,334.6919019980179,0.6521942615509033,0.41691568675220836,1.9724027018122696,2026-05-26 00:00:00,0.8495758596148045
1536,15,-146.53325825185493,99.7505201024766,0.0,60.73845975060345,336.8970319106054,0.6341560482978821,0.3870281001320895,2.2384714952967526,2026-07-01 00:00:00,0.9658636158421577
1632,16,-127.33616793982394,54.32082736800315,40.0,59.22235337000161,266.1417661295448,0.6165788173675537,0.3600924237231086,2.5278532947322683,2026-06-12 00:00:00,0.5521587316062065
1728,17,-123.89033955342423,1935.475070060539,0.0,29.670651280825084,370.9439030364855,0.5996944308280945,0.3356861749113222,3.6678581215085826,2026-07-19 00:00:00,0.49411954449343354
1824,18,0.0,0.0,0.0,0.0,0.0,0.5832598805427551,0.31520422838303574,4.746744338184984,2026-05-23 00:00:00,0.72592052770485
1920,19,0.0,0.0,0.0,0.0,0.0,0.5672513842582703,0.29627564825656943,5.906790475699159,2026-07-12 00:00:00,0.7204619353651508
2016,20,-101.14376260244539,22816.88929714299,24.0,52.270808473604596,190.3233839843806,0.551612138748169,0.27862483975457314,7.212586715126685,2026-05-20 00:00:00,0.3546429435481566
2112,21,0.0,0.0,0.0,0.0,0.0,0.5362982153892517,0.27675773821647737,9.37433889966919,2026-06-28 00:00:00,0.7521927947507213
2208,22,-145.1966069532366,100.47549318829684,0.0,66.21370423110811,310.9675007928564,0.521486759185791,0.2763391549162001,11.912568650067563,2026-07-08 00:00:00,0.5480204245325432
2304,23,-166.24237717988484,81.8117751985954,0.0,65.99667181722718,396.4921952680743,0.5070764422416687,0.27596866432131195,14.913828512096156,2026-05-28 00:00:00,0.08403801035747649
2400,24,-137.1794885697957,38.71694049042498,0.0,62.15727187666286,296.19577275440975,0.49308037757873535,0.2754326727572895,18.52091877587543,2026-06-26 00:00:00,0.835080722022197
2496,25,-124.79970772031153,13605.9753811747,2.0,59.491355985100675,255.12858274687164,0.47951334714889526,0.27397031855278126,22.896264553973268,2026-05-22 00:00:00,0.22921580260727947
2592,26,-143.31491842358537,131.52297457446693,0.0,67.11927642344205,300.78713369722016,0.4663647711277008,0.28558023669837923,28.360222130493362,2026-07-17 00:00:00,0.38880252777883706
2688,27,-156.31405217926934,261.8760294887407,0.0,67.78408564933709,349.37202160131113,0.4535841643810272,0.3001996506260884,35.052194090907676,2026-06-29 00:00:00,0.5376949929361501
2784,28,-162.2061757393617,73.74289969859521,0.0,74.10641990187239,348.5625346355206,0.44130656123161316,0.31726709267664405,42.877923174172885,2026-05-25 00:00:00,0.31376394693961096
2880,29,-150.73749457708607,109.64431993672979,0.0,65.70382338498725,336.03795692887326,0.4293864369392395,0.3371494285842827,52.261129128502496,2026-06-17 00:00:00,0.5678295964143394
2976,30,0.0,0.0,0.0,0.0,0.0,0.417864590883255,0.3604459907456177,63.86204140241284,2026-05-31 00:00:00,0.11633343986020417
3072,31,0.0,0.0,0.0,0.0,0.0,0.40677863359451294,0.38758082789825254,77.68315026032568,2026-07-25 00:00:00,0.5181714013401479
3168,32,-125.85045621277028,59.70920449766186,0.0,60.864625880394385,256.591490345239,0.39585062861442566,0.4194151393899088,94.80958043749753,2026-07-02 00:00:00,0.6787063848027507
3264,33,0.0,0.0,0.0,0.0,0.0,0.3856014311313629,0.4572579238440532,116.11289758333136,2026-06-28 00:00:00,0.9469593326057496
3360,34,-121.66071942441134,468.5919790198208,0.0,53.42527977444686,269.00730399540095,0.3754745125770569,0.5027847892327267,142.61309742212416,2026-06-01 00:00:00,0.7429214897718454
3456,35,-154.7143669841194,233.4990516933903,0.0,63.90308777674871,359.5466550810649,0.3656662106513977,0.5599587738026447,175.58152248846625,2026-07-14 00:00:00,0.7159935507731606
3552,36,-127.96331294574269,442.02399248550955,0.0,58.56059247274335,274.938627010218,0.3563498854637146,0.6310004550153171,216.60358211894356,2026-06-01 00:00:00,0.8576706797754795
3648,37,0.0,0.0,0.0,0.0,0.0,0.3473949134349823,0.7214204468117131,237.1778121114632,2026-07-12 00:00:00,0.5918113502089987
3744,38,-142.34318368568398,48.80860867756757,0.0,64.2239952538506,308.07541442482864,0.3387707769870758,0.8185214015297517,258.40711133366176,2026-07-16 00:00:00,0.2991350444445955
3840,39,0.0,0.0,0.0,0.0,0.0,0.3304668068885803,0.9376663815453672,283.93542629171475,2026-07-25 00:00:00,0.35674432355633123
3936,40,0.0,0.0,0.0,0.0,0.0,0.322629451751709,1.0862642507984317,314.89110837284676,2026-05-24 00:00:00,0.3879398941895421
4032,41,0.0,0.0,0.0,0.0,0.0,0.31495994329452515,0.9557480562123445,313.3792993504269,2026-05-30 00:00:00,0.6427466760927724
4128,42,-136.59418039149458,161.76278527096167,0.0,65.90797677267037,279.01024628088146,0.30753690004348755,0.839347462440112,308.06647953808164,2026-07-23 00:00:00,0.6757485885216394
4224,43,-176.84800404179208,31.105454650811048,0.0,61.27993645224131,456.99074913300916,0.3001132905483246,0.7508459583357836,302.68385117712745,2026-06-26 00:00:00,0.046186698594904985
4320,44,-143.5903958219667,150.48490630310013,0.0,63.56836467685976,316.9541538807499,0.2927244305610657,0.6796571224295812,297.23759741922845,2026-06-05 00:00:00,0.5826306002328618
4416,45,-141.1478773589331,92.30406553677504,0.0,62.637509875981394,310.83520975171103,0.285697877407074,0.6211601196373139,291.73395878058653,2026-07-10 00:00:00,0.2707812754821043
4512,46,-134.9490391672505,23367.474132978834,0.0,66.74251329048198,268.13148268732186,0.2790185809135437,0.5322740645827987,283.00357645646733,2026-05-19 00:00:00,0.4672166486403989
4608,47,-130.1401375242201,119.77806937428656,0.0,60.92265436024882,272.163568834185,0.2721771001815796,0.5191692311312227,274.10954188869454,2026-07-15 00:00:00,0.6844947776664778
4704,48,-143.0455772781576,89.72396755261681,8.0,61.83786131383977,320.51876959429364,0.26544126868247986,0.5121738838658083,265.39866024269014,2026-07-01 00:00:00,0.2933170222663063
4800,49,0.0,0.0,0.0,0.0,0.0,0.2589268386363983,0.5050405505039746,269.2380724923086,2026-06-07 00:00:00,0.4156557834353064
4896,50,-138.67827182375157,165.4269960782739,0.0,62.75485147386928,299.11953799226393,0.2525619864463806,0.49746543278627153,274.80629337017496,2026-07-23 00:00:00,0.29181869199333077
4992,51,0.0,0.0,0.0,0.0,0.0,0.24645587801933289,0.4902043200918387,280.88957357554676,2026-06-07 00:00:00,0.0360460663130272
5088,52,0.0,0.0,0.0,0.0,0.0,0.24063414335250854,0.48286368750639724,287.55255274903203,2026-06-27 00:00:00,0.1766719917032319
5184,53,-140.66194387242246,129.7317650379582,0.0,66.92074625994012,292.3896846339624,0.23520489037036896,0.4752230107601257,294.870741921748,2026-07-17 00:00:00,0.34414062805250156
5280,54,-139.83287340802133,266.5899662232966,0.0,52.251187008261965,346.14612513167253,0.2301073521375656,0.46784043382010965,302.9327383847598,2026-06-30 00:00:00,0.7695744354700403
5376,55,-134.1208666429075,105.52445991226418,0.0,55.41478424048996,310.7171536311785,0.225206196308136,0.4597683627549645,311.84306503516194,2026-07-15 00:00:00,0.5855268044701936
5472,56,-143.16050154316562,117.55597008313117,0.0,63.03317641876629,316.2608896157699,0.22042766213417053,0.45114676268286735,321.7257468668917,2026-07-22 00:00:00,0.40002333480378294
5568,57,-153.11914035008655,258.8403088584412,0.0,62.77717427347412,357.35141836307633,0.21553635597229004,0.44141403353742265,332.7288454858302,2026-07-21 00:00:00,0.4172680752893092
5664,58,0.0,0.0,0.0,0.0,0.0,0.21067221462726593,0.43236186922710584,345.03024649680657,2026-07-28 00:00:00,0.7962089306848016
5760,59,-139.710119059176,101.32916418401385,0.0,64.67137257564775,297.3256533760226,0.2058180272579193,0.423202902421293,358.84509527895653,2026-05-28 00:00:00,0.4429635717954282
5856,60,-137.03931689317434,144.40404549640385,0.0,57.2617079723966,317.0208712663672,0.20114676654338837,0.41432042796618357,374.4354139121347,2026-06-24 00:00:00,0.41170496301284165
5952,61,-137.2432893053427,277.21568360516886,0.0,58.22532816027828,313.0070921087412,0.19682906568050385,0.40589490391627375,392.1226190874933,2026-07-21 00:00:00,0.7337307559843437
6048,62,0.0,0.0,0.0,0.0,0.0,0.192303866147995,0.3983507766467486,412.30391506599597,2026-05-30 00:00:00,0.6646023925807332
6144,63,-173.34153577119784,42.082440223577855,0.0,65.2099930799826,429.2286007478212,0.18825416266918182,0.3903193054207007,435.4738789080567,2026-07-16 00:00:00,0.05856043449120529
6240,64,-151.8346049727218,309.89616780461944,0.0,68.04299112411758,330.1611688436071,0.1844043731689453,0.38223208409888465,462.25301272417374,2026-07-13 00:00:00,0.7831570222231815
6336,65,-140.90397256251757,165.59155113144485,0.0,64.98719756802114,299.4973619108308,0.1804458200931549,0.3746300827983629,493.42563540369264,2026-07-23 00:00:00,0.8211837514704463
6432,66,-137.55457397179163,23329.968213331824,0.0,66.36087369059854,280.90451232865047,0.17692525684833527,0.3672755539911752,529.9902420882704,2026-05-19 00:00:00,0.4905887896591338
6528,67,-152.46262748093514,24.114676623391404,0.0,67.6098013426331,335.51438836138817,0.17316897213459015,0.359779920302498,573.2263668373868,2026-06-18 00:00:00,0.620573383283456
6624,68,-165.7148100262498,31.91593852489764,0.0,67.44518750987638,389.11930739143867,0.16953320801258087,0.3519299782154162,624.78298240092,2026-07-24 00:00:00,0.11934338836756142
6720,69,-136.96703455998042,24.393756627046127,0.0,56.51931407951269,317.94331103429545,0.16588835418224335,0.3438535698442633,552.3885226798794,2026-05-26 00:00:00,0.7997301067259925
6816,70,-140.65307924952089,98.33737434982305,0.0,61.081284513472234,315.69380658980384,0.16242240369319916,0.33585029244075937,488.5268854378472,2026-06-23 00:00:00,0.8727293993940093
6912,71,-154.19064240359052,350.38104435761704,0.0,61.64854868279606,366.24382508222425,0.1590743213891983,0.32765793428391177,438.83212314632766,2026-07-20 00:00:00,0.3620675829059251
7008,72,0.0,0.0,0.0,0.0,0.0,0.15588544309139252,0.32061083491331777,398.52826227370576,2026-06-20 00:00:00,0.07555893257208013
7104,73,0.0,0.0,0.0,0.0,0.0,0.15285402536392212,0.31366743281446946,364.88904288866246,2026-07-26 00:00:00,0.24584318161383778
7200,74,-141.90336160451997,157.11420009291484,0.0,57.22953668916057,334.4000668198414,0.1498752236366272,0.3062960138283539,336.21200526945523,2026-06-04 00:00:00,0.8632815169294531
7296,75,-98.47164065831743,66.95504615105071,3.0,38.5339766066239,236.59838270301356,0.14683055877685547,0.29855252903478385,311.3639025885306,2026-06-16 00:00:00,0.46726548200752005
7392,76,-134.71855189199528,132.33188405019337,12.0,52.204776093585494,326.44944660600873,0.1437680572271347,0.29070541799718325,300.77022635824096,2026-06-17 00:00:00,0.7093207503104061
7488,77,0.0,0.0,0.0,0.0,0.0,0.1407081037759781,0.28296562547373133,343.06773812325054,2026-05-31 00:00:00,0.044551921205823186
7584,78,-145.17221694758254,121.26204663276559,0.0,58.81197492100835,341.88590901194715,0.13775354623794556,0.2745059637805968,402.07074610992436,2026-07-15 00:00:00,0.2602863119791793
7680,79,-148.68731754997327,121.87513745585002,0.0,72.10058020395473,302.8682974076429,0.13460542261600494,0.2664842893639964,476.34266137394576,2026-07-03 00:00:00,0.8727490703526053
7776,80,0.0,0.0,0.0,0.0,0.0,0.13156373798847198,0.25869030977812596,569.982029466322,2026-05-24 00:00:00,0.4959566611650137
7872,81,0.0,0.0,0.0,0.0,0.0,0.12861670553684235,0.2506041508606928,688.0856425925249,2026-07-28 00:00:00,0.6555318933169656
7968,82,-159.69366092465515,45.68725276779692,0.0,67.02913664164967,367.45548648719904,0.12591972947120667,0.24185202994566257,836.976659862482,2026-07-16 00:00:00,0.15462880709362392
8064,83,-165.90451143754106,103.41176707664184,0.0,71.2456389781683,375.41612414304245,0.1233806312084198,0.23340530347016963,999.9999999999998,2026-06-05 00:00:00,0.17444922652557615
8160,84,-150.4501942194247,221.94599375427762,0.0,66.60470569141587,331.37628910086795,0.12130872905254364,0.22538384603726616,999.9999999999998,2026-07-06 00:00:00,0.7705436551526158
8256,85,-151.92382642534935,119.29033108589988,0.0,62.79348886554271,353.8853108374867,0.11965082585811615,0.217374566680585,999.9999999999998,2026-06-17 00:00:00,0.5837145885771621
8352,86,0.0,0.0,0.0,0.0,0.0,0.11813176423311234,0.2094727421984893,999.9999999999998,2026-06-06 00:00:00,0.157512895171395
8448,87,-141.3691090629532,61.79133696286677,0.0,69.1567674542392,285.9177263621167,0.11684507131576538,0.1650491391579888,999.9999999999998,2026-07-02 00:00:00,0.9917378258166967
8544,88,-146.83736881145373,93.81056220484543,0.0,65.58778601158573,321.8596110459814,0.11546839773654938,0.13833198151331835,999.9999999999998,2026-05-28 00:00:00,0.9487441866897722
8640,89,-147.57758077635808,131.56707352248918,0.0,66.86965015274544,319.45017780587165,0.11426905542612076,0.12038365695360355,999.9999999999998,2026-07-09 00:00:00,0.23907615646988056
8736,90,0.0,0.0,0.0,0.0,0.0,0.1132056936621666,0.10705159438207029,999.9999999999998,2026-07-05 00:00:00,0.5170848320161254
8832,91,-149.71721205693433,259.2512120227375,0.0,64.73484714364761,336.62502013653506,0.11196697503328323,0.09649658645065581,999.9999999999998,2026-07-21 00:00:00,0.7575033513013844
8928,92,-138.1898468926881,61.62138721799179,0.0,69.01285203866688,274.5982736138824,0.11089139431715012,0.087830891586578,999.9999999999998,2026-07-24 00:00:00,0.5625193279625522
9024,93,0.0,0.0,0.0,0.0,0.0,0.10974537581205368,0.0805675413102846,999.9999999999998,2026-05-23 00:00:00,0.3637673120680114
9120,94,-139.2811409166673,193.05621919553545,0.0,65.66385629003003,290.799449308763,0.10859540849924088,0.07434702329444898,999.9999999999998,2026-06-04 00:00:00,0.3603980460483769
9216,95,0.0,0.0,0.0,0.0,0.0,0.10718437284231186,0.06894257924019236,999.9999999999998,2026-07-04 00:00:00,0.5164010654067538
9312,96,-146.241023710316,160.30429573233087,0.0,66.24631725716542,316.47298327808,0.1052514910697937,0.06417352088731049,999.9999999999998,2026-06-08 00:00:00,0.8085378264927721
9408,97,-142.2390528897688,101.3471014155149,0.0,63.18441827852149,312.00897043308953,0.10352060198783875,0.059936095441471056,953.9384604849379,2026-05-28 00:00:00,0.5566402436197139
9504,98,-138.66256044198093,263.56472982005346,0.0,66.45249984606778,286.51789005960404,0.10200653225183487,0.05614917247940593,901.832602933472,2026-07-06 00:00:00,0.9485649009523536
9600,99,-156.84512453754587,91.3699871869661,7.0,67.71585202967688,352.8085983878507,0.10008135437965393,0.052744492992322964,853.6851023047102,2026-05-25 00:00:00,0.14725189444811293
9696,100,-149.74188838510838,100.87750556181123,0.0,64.4159818861006,338.3520750521472,0.09856787323951721,0.04964587926342174,865.6995379177711,2026-06-23 00:00:00,0.909801274109284
9792,101,0.0,0.0,0.0,0.0,0.0,0.0969976857304573,0.04682232341168952,885.3451920029418,2026-07-04 00:00:00,0.4588152485142831
9888,102,-135.45568491840123,168.96209870922047,0.0,55.4870070858611,315.59941724595666,0.09563145041465759,0.04422936964674427,906.8737632370826,2026-06-05 00:00:00,0.9852030611029133
9984,103,-133.69496694270137,141.99725925350052,0.0,64.77205793165234,272.44055583325445,0.09424752742052078,0.04184783609417788,930.5334981202316,2026-07-03 00:00:00,0.9939292200439136
10080,104,-191.00830384593044,213.94848609057073,0.0,66.8264029287495,494.7087071038079,0.09293323010206223,0.039646573086279335,956.6164230502301,2026-06-29 00:00:00,0.01989252382861606
10176,105,0.0,0.0,0.0,0.0,0.0,0.09230701625347137,0.03760166588523314,985.4676408601603,2026-06-03 00:00:00,0.7655050892058425
10272,106,0.0,0.0,0.0,0.0,0.0,0.09111194312572479,0.03568964762408378,999.9999999999998,2026-06-07 00:00:00,0.19098326877930039
10368,107,0.0,0.0,0.0,0.0,0.0,0.09010333567857742,0.03390497653872298,999.9999999999998,2026-05-30 00:00:00,0.9541076875138585
10464,108,-158.65308234659062,266.5140376733574,0.0,70.07752696757655,352.17559030684856,0.08937057852745056,0.032232826274665144,999.9999999999998,2026-07-20 00:00:00,0.8790407124944424
10560,109,0.0,0.0,0.0,0.0,0.0,0.0881856232881546,0.03067525935331712,999.9999999999998,2026-07-05 00:00:00,0.13792810157141844
10656,110,-137.7602931881725,56.77390911886478,1.0,63.69971163264299,291.68132455161856,0.08765436708927155,0.02920707606506741,999.9999999999998,2026-07-24 00:00:00,0.5434688540602659
10752,111,-149.54821935818507,133.61979676149312,0.0,63.414118749800764,340.41147845475894,0.08714056760072708,0.027828804159003004,999.9999999999998,2026-06-02 00:00:00,0.4608713979201883
10848,112,0.0,0.0,0.0,0.0,0.0,0.08698049187660217,0.02652565571116788,999.9999999999998,2026-07-28 00:00:00,0.10607239728547935
10944,113,0.0,0.0,0.0,0.0,0.0,0.0866488441824913,0.02529429005055398,999.9999999999998,2026-07-04 00:00:00,0.821712588637247
11040,114,0.0,0.0,0.0,0.0,0.0,0.0860585942864418,0.024132205861326226,999.9999999999998,2026-07-05 00:00:00,0.7389607596882816
11136,115,0.0,0.0,0.0,0.0,0.0,0.08521075546741486,0.02302736109864335,999.9999999999998,2026-05-30 00:00:00,0.09799969921983598
11232,116,-135.43796839992788,111.77699833245748,0.0,58.71905574730236,304.58161015191354,0.0844949409365654,0.021982545779599336,999.9999999999998,2026-07-08 00:00:00,0.9963894683082675
11328,117,-153.7832567123101,20.59749555363603,0.0,63.99117198134286,356.96624437861635,0.08366696536540985,0.020992539045955053,999.9999999999998,2026-06-18 00:00:00,0.5729955166799555
11424,118,-146.72867764901082,45.063120337654816,0.0,64.42879724302242,326.56410084795374,0.08361276984214783,0.020052526637656456,999.9999999999998,2026-07-02 00:00:00,0.7813583525018026
11520,119,-147.71931653097482,173.21259989362576,12.0,61.75027162365943,339.93604039601536,0.08350899070501328,0.019155279992750684,999.9999999999998,2026-06-08 00:00:00,0.2730781499962368
11616,120,-138.31142944924832,276.69014090941937,0.0,64.4586280523921,292.7587975058016,0.08449193835258484,0.018306785834261097,999.9999999999998,2026-07-06 00:00:00,0.9582364853075843
11712,121,-137.9124375769774,304.6624600749757,0.0,62.7045158006387,298.6528846619615,0.0852261334657669,0.017506787207498667,999.9999999999998,2026-07-14 00:00:00,0.49533907117436193
11808,122,-153.339686477158,54.135159216915135,15.0,66.06536551309307,346.5506072592096,0.08515195548534393,0.016754902046567433,999.9999999999998,2026-07-16 00:00:00,0.16597592706676423
11904,123,0.0,0.0,0.0,0.0,0.0,0.08528589457273483,0.016037285617776398,999.9999999999998,2026-07-29 00:00:00,0.5397821089229847
12000,124,0.0,0.0,0.0,0.0,0.0,0.0857994332909584,0.015350589956752389,999.9999999999998,2026-07-25 00:00:00,0.7990745677610558
12096,125,-135.6941189764678,49.112869740472085,4.0,64.7960761758555,278.2102248725004,0.08656755089759827,0.014691863342932803,999.9999999999998,2026-06-12 00:00:00,0.19614912863160772
12192,126,0.0,0.0,0.0,0.0,0.0,0.08752574771642685,0.014065422992529723,999.9999999999998,2026-06-27 00:00:00,0.05978256184516029
12288,127,-166.1738460131216,15.788431649745274,0.0,66.76521054168093,393.7401630284852,0.08851876109838486,0.01346884425091379,999.9999999999998,2026-06-19 00:00:00,0.0796952903092617
12384,128,-96.20392016471686,67.66603701516274,0.0,47.36816328802142,192.67787520221808,0.09030202776193619,0.01290059044235923,999.9999999999998,2026-06-16 00:00:00,0.9620750814327813
12480,129,-139.1235757264356,321.4198935598449,1.0,62.428369642797875,302.59376408087064,0.09078375995159149,0.012355210931251047,999.9999999999998,2026-07-14 00:00:00,0.49111804619780075
12576,130,-146.2407105753899,95.8558680773681,0.0,66.23184131481176,316.7124652923345,0.09179099649190903,0.011840407540546735,999.9999999999998,2026-07-10 00:00:00,0.6153113529556627
12672,131,0.0,0.0,0.0,0.0,0.0,0.09419307112693787,0.011350052704346095,999.9999999999998,2026-06-07 00:00:00,0.6087807622827667
12768,132,0.0,0.0,0.0,0.0,0.0,0.09608875215053558,0.010879562029473754,999.9999999999998,2026-06-28 00:00:00,0.17690055439019758
12864,133,0.0,0.0,0.0,0.0,0.0,0.0977751612663269,0.010429907084975425,999.9999999999998,2026-05-24 00:00:00,0.4529939498195994
12960,134,-150.44306400092356,39.05248405361114,0.0,73.22608485804645,306.7734798175999,0.10099025070667267,0.010000228595269708,999.9999999999998,2026-07-24 00:00:00,0.829424141334626
13056,135,-94.10676020911626,83.86068867733267,1.0,51.167592719644816,169.7794932019396,0.10286346077919006,0.009590034299787867,999.9999999999998,2026-06-16 00:00:00,0.5357327403627863
13152,136,-143.88474770232216,441.0403148007887,0.0,52.99224008127787,360.126021053108,0.1044873371720314,0.009198903288419689,999.9999999999998,2026-06-01 00:00:00,0.0312752617340345
13248,137,-142.53020911036887,98.41062168950687,0.0,67.0762009356341,298.1787355687914,0.10662221163511276,0.008828849830482294,999.9999999999998,2026-06-25 00:00:00,0.86876679903028
13344,138,0.0,0.0,0.0,0.0,0.0,0.1091403067111969,0.008475604622244805,999.9999999999998,2026-06-28 00:00:00,0.6959872956647861
13440,139,0.0,0.0,0.0,0.0,0.0,0.11011587828397751,0.008136529995811584,999.9999999999998,2026-07-04 00:00:00,0.05759519085715936
13536,140,-152.04553401309315,106.03920366988169,0.0,61.111476480684594,358.99436834007776,0.11111293733119965,0.007809512029270429,999.9999999999998,2026-07-15 00:00:00,0.0377709225253966
13632,141,-138.21144616583166,113.74846046841932,0.0,68.55656522662338,275.6831188345316,0.11133643239736557,0.007494167623149683,999.9999999999998,2026-05-28 00:00:00,0.3778363154207789
13728,142,-128.33252355333488,328.43639229105867,0.0,54.59667780579499,290.6108779965941,0.11112482845783234,0.007190032601180679,999.9999999999998,2026-06-30 00:00:00,0.9255782498192876
13824,143,-129.89229320954578,58.61247924456746,7.0,60.930067256036466,271.4659142903334,0.11108700186014175,0.006901327350024784,999.9999999999998,2026-05-27 00:00:00,0.48965285873315245
13920,144,-143.03336689906118,358.01319470092744,0.0,64.09779033861574,312.45372050876057,0.1104058101773262,0.0066254472454491415,999.9999999999998,2026-07-20 00:00:00,0.7454413263681728
14016,145,-138.6579966095949,135.3193907079473,0.0,67.49215592641097,280.95673495589426,0.1098584458231926,0.006364167866371659,999.9999999999998,2026-07-17 00:00:00,0.7332713432977701
14112,146,-136.81007772017932,37.599520291681635,0.0,66.4259895948285,278.57022193622686,0.10928747802972794,0.006114375352668822,999.9999999999998,2026-06-26 00:00:00,0.5015424466854548
14208,147,0.0,0.0,0.0,0.0,0.0,0.10632125288248062,0.005874836569323522,999.9999999999998,2026-07-05 00:00:00,0.4022977642525629
14304,148,-146.2378186070974,184.82136161545088,0.0,56.0138118369559,356.6377641648108,0.1051291823387146,0.005644631492790944,999.9999999999998,2026-06-22 00:00:00,0.790100987994256
14400,149,-145.39010659479487,24991.535204097792,0.0,64.45702766859993,319.75764860156863,0.10246629267930984,0.005424363778216906,999.9999999999998,2026-05-21 00:00:00,0.331995441216432
14496,150,-138.07922337516274,127.39981218609641,0.0,67.7955505013891,277.7679447792705,0.1012890413403511,0.005399272820647257,999.9999999999998,2026-07-03 00:00:00,0.4067617272407521
14592,151,-148.4399631673726,150.26169031698993,0.0,65.23222770836333,329.46167192970853,0.10036491602659225,0.005394003697366559,999.9999999999998,2026-06-04 00:00:00,0.8644783600364423
14688,152,-145.47032930028618,37.86456299142366,0.0,70.27477233053146,297.9260254765313,0.10035661607980728,0.005389806419002085,999.9999999999998,2026-06-26 00:00:00,0.2288882485347038
14784,153,0.0,0.0,0.0,0.0,0.0,0.09914030134677887,0.005385887791636099,999.9999999999998,2026-06-06 00:00:00,0.6310240454216876
14880,154,-152.54947127344383,34.423498432340615,0.0,66.15558813217845,343.6067146562401,0.09908004850149155,0.005381818695070684,999.9999999999998,2026-05-27 00:00:00,0.871294558016831
14976,155,0.0,0.0,0.0,0.0,0.0,0.09817437082529068,0.005377510260647944,999.9999999999998,2026-07-04 00:00:00,0.0576026803302383
15072,156,-143.06168472370427,107.43347603928082,0.0,65.66524473896821,306.62453771617163,0.09791921824216843,0.005372124244466169,999.9999999999998,2026-05-28 00:00:00,0.8370607751636202
15168,157,0.0,0.0,0.0,0.0,0.0,0.09700700640678406,0.005362779679086166,999.9999999999998,2026-07-28 00:00:00,0.46368917502033724
15264,158,0.0,0.0,0.0,0.0,0.0,0.09622910618782043,0.005351514924464582,999.9999999999998,2026-06-21 00:00:00,0.34969116435067915
15360,159,0.0,0.0,0.0,0.0,0.0,0.09642606228590012,0.0053396291428802175,999.9999999999998,2026-06-21 00:00:00,0.1114017954830191
15456,160,-137.633076102565,274.7329434891395,0.0,52.601006582743835,337.4645434330082,0.09717622399330139,0.005327215457021737,999.9999999999998,2026-06-30 00:00:00,0.9914745819018309
15552,161,-148.45752183360796,22.49513837205626,10.0,55.0531173232745,370.9728386530627,0.0975247249007225,0.005316426780005298,999.9999999999998,2026-05-26 00:00:00,0.1302551179916266
15648,162,0.0,0.0,0.0,0.0,0.0,0.098372682929039,0.005304155830621209,999.9999999999998,2026-05-31 00:00:00,0.8822691572577839
15744,163,0.0,0.0,0.0,0.0,0.0,0.10065820813179016,0.005286599883472215,999.9999999999998,2026-05-31 00:00:00,0.8777906901479641
15840,164,-148.67763482433645,125.18053656077502,0.0,61.97782233126965,343.78214416457774,0.1019030511379242,0.005266962484708302,999.9999999999998,2026-06-24 00:00:00,0.5333077430539006
15936,165,-140.4747057715879,101.85049433437034,0.0,63.45833155596808,304.22316577201263,0.1015220582485199,0.005242886542370648,999.9999999999998,2026-07-15 00:00:00,0.2723191288770819
16032,166,-153.56567003254528,125.04299287608077,0.0,62.959800158637464,359.17666104223235,0.10037719458341599,0.005216963283446868,999.9999999999998,2026-06-24 00:00:00,0.698745230144248
16128,167,-142.81985206694404,45.79185123532479,0.0,62.08965901860586,320.0901051067514,0.09875374287366867,0.005191419407373569,999.9999999999998,2026-05-27 00:00:00,0.8208751085738084
16224,168,-139.4042868159025,94.03776055727054,0.0,61.086837555219645,311.30754237570767,0.09826140850782394,0.005165819865167809,999.9999999999998,2026-07-08 00:00:00,0.3716072009862217
16320,169,-140.42611309736466,293.2191932412509,0.0,62.18499220025303,309.80108453367075,0.09734116494655609,0.005137711228980805,999.9999999999998,2026-06-30 00:00:00,0.8334850784026113
16416,170,-151.8744649324547,308.40685125004563,0.0,63.66842554659677,349.7375765155284,0.09786782413721085,0.004700741214224896,999.9999999999998,2026-07-20 00:00:00,0.4296422143705625
16512,171,-149.18507574962655,64.93976697768746,0.0,62.542113180032125,344.52369300158244,0.09755107015371323,0.004300267756193661,999.9999999999998,2026-06-09 00:00:00,0.7326671759896186
16608,172,0.0,0.0,0.0,0.0,0.0,0.09773377329111099,0.003958918641283654,999.9999999999998,2026-07-28 00:00:00,0.9608703854696361
16704,173,0.0,0.0,0.0,0.0,0.0,0.09683501720428467,0.0036633677711862883,999.9999999999998,2026-05-24 00:00:00,0.6123510748211406
16800,174,0.0,0.0,0.0,0.0,0.0,0.09827262908220291,0.003404452087790312,999.9999999999998,2026-06-07 00:00:00,0.8113070755379885
16896,175,-156.02067574633287,200.19027996505773,0.0,62.938747967905336,369.43988778354617,0.09859322756528854,0.0031749300538465785,999.9999999999998,2026-06-22 00:00:00,0.09655428121862697
16992,176,-135.6299303463658,54.70450108157299,0.0,61.8342331298216,292.81753802696306,0.09765150398015976,0.0029711726427593677,999.9999999999998,2026-07-16 00:00:00,0.553841526024659
17088,177,-135.30227859104843,49.18473582221274,0.0,64.75885734087296,277.2912303233343,0.09782268106937408,0.00278736919952795,999.9999999999998,2026-06-12 00:00:00,0.8325078825202848
17184,178,-152.67412747270274,20.028777158656297,0.0,60.01595482193344,368.735058558938,0.09799478948116302,0.002620952909947122,999.9999999999998,2026-05-26 00:00:00,0.11615110618872104
17280,179,0.0,0.0,0.0,0.0,0.0,0.0963154062628746,0.002469327518910552,999.9999999999998,2026-07-28 00:00:00,0.8514930959937935
17376,180,-150.7179145974517,139.32808348688525,0.0,61.100095345371784,355.40866311968085,0.09502941370010376,0.0023304026052672544,999.9999999999998,2026-06-04 00:00:00,0.7143547689309512
17472,181,-155.06191732020545,259.80818761345006,12.0,63.20015229287428,363.5908275596275,0.09478233009576797,0.0022020121447924672,999.9999999999998,2026-07-06 00:00:00,0.06147608590732623
17568,182,-160.81505837576242,114.76602007230619,0.0,62.10765107938659,389.63757660333255,0.0940508246421814,0.00208438415230509,999.9999999999998,2026-06-05 00:00:00,0.41759287617423924
17664,183,0.0,0.0,0.0,0.0,0.0,0.09275120496749878,0.001975853952864728,999.9999999999998,2026-06-07 00:00:00,0.4365399855497626
17760,184,-142.01193779346957,25085.527844857956,0.0,67.7099695505228,293.8787175828519,0.09226778894662857,0.0018749476125989766,999.9999999999998,2026-05-21 00:00:00,0.8900147315026234
17856,185,-136.3754206699875,48.23918397041163,0.0,66.57740993198652,274.74309351785746,0.09135589003562927,0.0018632717099609346,999.9999999999998,2026-06-12 00:00:00,0.5924520991377211
17952,186,-139.86075791861577,125.51361501328856,0.0,63.43459191564072,301.4641519197272,0.09132910519838333,0.001860172616096056,999.9999999999998,2026-07-03 00:00:00,0.8382361542254949
18048,187,-149.00178103825726,112.79489455688993,0.0,60.183495889398415,352.0705108596724,0.0912141427397728,0.001856913744691748,999.9999999999998,2026-07-27 00:00:00,0.9680833678103478
18144,188,-137.6923667276026,23.419885499689737,0.0,58.51410974339559,313.6783134391744,0.09104706346988678,0.0018537724699129914,999.9999999999998,2026-05-26 00:00:00,0.8253513109584238
18240,189,-148.9347374875634,265.5264814358568,5.0,58.805213360722455,356.7422664058626,0.0904168114066124,0.0018502237049699594,999.9999999999998,2026-06-30 00:00:00,0.10483068007670449
18336,190,0.0,0.0,0.0,0.0,0.0,0.09133439511060715,0.00184636418313445,999.9999999999998,2026-07-25 00:00:00,0.10242517348687774
18432,191,-144.89836500591156,117.4338981167728,0.0,57.236051998544944,347.8466989277728,0.09245339781045914,0.0018409264178339583,999.9999999999998,2026-07-27 00:00:00,0.4328564567292056
18528,192,-146.39381403575453,35.06416813247016,0.0,64.60676211100296,324.2082139219547,0.09352044016122818,0.0018353556668044783,999.9999999999998,2026-06-18 00:00:00,0.2207473911927681
18624,193,-132.1630184680965,25261.939240746913,0.0,65.1440411552198,264.69453984342215,0.0949559435248375,0.0018297453744912722,999.9999999999998,2026-05-21 00:00:00,0.9795100235042613
18720,194,-143.5990977608158,31.59861456425598,0.0,63.186275343516606,318.2478148453641,0.09690238535404205,0.001959784463233927,999.9999999999998,2026-06-18 00:00:00,0.20629701009049506
18816,195,0.0,0.0,0.0,0.0,0.0,0.09755586087703705,0.0021297636256022955,999.9999999999998,2026-06-27 00:00:00,0.7998032202540708
18912,196,-137.60085170752444,93.67063729031769,0.0,58.87089947083465,310.68493047883305,0.0974692851305008,0.0023319976240809897,999.9999999999998,2026-06-25 00:00:00,0.648139287253716
19008,197,-130.52147791089016,112.4943679539766,0.0,54.53317061263475,300.90622201557983,0.095659539103508,0.0025765949077929825,999.9999999999998,2026-07-08 00:00:00,0.6785899824284414
19104,198,0.0,0.0,0.0,0.0,0.0,0.09549874812364578,0.002875555526262105,999.9999999999998,2026-06-03 00:00:00,0.8466569914472801
19200,199,-145.0401548147066,235.8962446522294,0.0,53.72834547644234,363.069666607466,0.09434064477682114,0.0032429055107671963,999.9999999999998,2026-07-06 00:00:00,0.3901669820657214
19296,200,0.0,0.0,0.0,0.0,0.0,0.09378478676080704,0.0037019741830609226,999.9999999999998,2026-07-28 00:00:00,0.3940972661308758
19392,201,-136.34068117122425,56.01361106489409,0.0,59.43429571830911,304.711609922201,0.09296786785125732,0.004272066310448417,999.9999999999998,2026-05-27 00:00:00,0.585425737129098
19488,202,0.0,0.0,0.0,0.0,0.0,0.09233512729406357,0.0049807657137218965,999.714107714047,2026-06-27 00:00:00,0.4271198038441981
19584,203,0.0,0.0,0.0,0.0,0.0,0.0924999862909317,0.005867425320369307,998.9841393804057,2026-07-05 00:00:00,0.5662441394167781
19680,204,0.0,0.0,0.0,0.0,0.0,0.0921207144856453,0.006984198469736625,998.2189462762208,2026-06-27 00:00:00,0.6635680986686998
19776,205,0.0,0.0,0.0,0.0,0.0,0.09151588380336761,0.0070439809452651015,997.4173676130638,2026-07-25 00:00:00,0.5683431075389638
19872,206,-7.082468353010082,16.886656300654845,0.0,1.4100637914921696,22.461737110131097,0.09071632474660873,0.006974328780822004,996.5777370950877,2026-07-11 00:00:00,0.26716089939831755
19968,207,0.0,0.0,0.0,0.0,0.0,0.08984368294477463,0.006896701308635563,995.698318418392,2026-05-30 00:00:00,0.7817394077403201
20064,208,0.0,0.0,0.0,0.0,0.0,0.08921194076538086,0.006810400407447659,994.7773029820651,2026-06-27 00:00:00,0.24855707764482682
20160,209,-150.6791773632055,95.54082143762264,0.0,62.78312674042398,348.0570352442628,0.08893157541751862,0.006720279912607511,993.8128075706973,2026-06-25 00:00:00,0.07702035346756031
20256,210,0.0,0.0,0.0,0.0,0.0,0.08816331624984741,0.006618595129879972,935.4000237964091,2026-06-27 00:00:00,0.006294814340492394
20352,211,0.0,0.0,0.0,0.0,0.0,0.08713078498840332,0.006514297308998949,877.1195059270622,2026-07-04 00:00:00,0.4497740121051468
20448,212,0.0,0.0,0.0,0.0,0.0,0.08577622473239899,0.006401666520450814,824.3391013637846,2026-07-12 00:00:00,0.35610561069063906
20544,213,-140.572081960409,28.43540617004401,0.0,58.35187871240196,325.95757976672934,0.08465809375047684,0.006285032538903501,776.2702306770475,2026-05-26 00:00:00,0.6495942658193139
20640,214,-134.6646472239509,295.9241966755675,0.0,55.00469630336569,316.3799224203489,0.08436766266822815,0.00511518010618963,732.277811666158,2026-06-30 00:00:00,0.5340580299598131
20736,215,0.0,0.0,0.0,0.0,0.0,0.08353977650403976,0.004346480026366629,691.8434336864844,2026-07-25 00:00:00,0.7625816828401422
20832,216,-145.424452078633,158.56047170653656,0.0,59.39570590708499,340.54806052384384,0.08256842195987701,0.0038098306056460656,654.5387500108086,2026-06-24 00:00:00,0.43762849521522384
20928,217,-158.43129029816637,293.40155589061266,0.0,62.66871719007485,379.8075111652101,0.0814593955874443,0.0034028312585666475,620.0059979586368,2026-07-13 00:00:00,0.44945187575948065
21024,218,-155.12193060526943,29.66743392240889,0.0,63.68087808945045,362.36255924255903,0.08117371797561646,0.0030794586716686523,587.9434793952067,2026-06-26 00:00:00,0.10948719573358978
21120,219,-143.88818627338352,112.93645244865817,14.0,60.33716891785604,330.6595931033879,0.08047353476285934,0.002812412536360315,558.0945648065466,2026-07-01 00:00:00,0.26456405959833273
21216,220,0.0,0.0,0.0,0.0,0.0,0.07987817376852036,0.0025854182850242715,604.3876335052281,2026-07-04 00:00:00,0.10282375708905322
21312,221,0.0,0.0,0.0,0.0,0.0,0.07931091636419296,0.0023898185089795995,669.1825145039435,2026-07-28 00:00:00,0.15971472524693386
21408,222,-132.9435281808813,46.112956092111716,0.0,63.859675907421554,272.9893124896009,0.0789852887392044,0.0022186609070001585,748.3212524669241,2026-06-12 00:00:00,0.32616807730907815
21504,223,-150.5935027379577,112.51658139000254,0.0,61.67967954433067,353.48296796463904,0.0781138613820076,0.002067677004391232,845.764664429982,2026-06-23 00:00:00,0.4543434463453001
21600,224,-152.81758276271412,102.06307669736829,0.0,61.81283105231667,362.04009715524273,0.0784272626042366,0.0019335192549584952,966.6271220421963,2026-06-02 00:00:00,0.2999241030898304
21696,225,-139.13917271898856,36.55404748248654,1.0,63.11329004403588,299.5978393795641,0.07937273383140564,0.0018132846662586855,999.9999999999998,2026-06-26 00:00:00,0.4403966148589922
21792,226,0.0,0.0,0.0,0.0,0.0,0.07755043357610703,0.0017045248446912612,999.9999999999998,2026-06-07 00:00:00,0.3053173878734511
21888,227,0.0,0.0,0.0,0.0,0.0,0.07744046300649643,0.0016053811376348657,999.9999999999998,2026-06-21 00:00:00,0.21827463407169123
21984,228,-147.96808538577548,52.825832976836786,0.0,67.65785534862229,318.89466463131333,0.07666634768247604,0.0015146053668718292,999.9999999999998,2026-05-27 00:00:00,0.13635233915997336
22080,229,-144.51731470118173,23170.06474937058,0.0,65.39764438211478,312.58457908260925,0.07687363773584366,0.0014312852284140718,999.9999999999998,2026-05-19 00:00:00,0.45298971853198045
22176,230,-142.89616157428824,32.70908205125552,0.0,63.7156688926819,312.9548226851523,0.0766022726893425,0.0014147933580124737,999.9999999999998,2026-06-26 00:00:00,0.5340748837878101
22272,231,-146.4346919038478,119.78888345208446,0.0,69.33427780783671,305.12396892065874,0.07742567360401154,0.001404661513589932,999.9999999999998,2026-07-22 00:00:00,0.16417145297165214
22368,232,0.0,0.0,0.0,0.0,0.0,0.07801812142133713,0.0013945506067190286,999.9999999999998,2026-05-24 00:00:00,0.1588837796095418
22464,233,-147.124948117775,110.79297315797375,0.0,62.605031578306196,335.77030848390746,0.07707014679908752,0.001384137104341162,999.9999999999998,2026-07-17 00:00:00,0.6369808970371145
22560,234,0.0,0.0,0.0,0.0,0.0,0.07626820355653763,0.0013736384020378999,999.9999999999998,2026-07-26 00:00:00,0.5233480046423928
22656,235,0.0,0.0,0.0,0.0,0.0,0.07505936920642853,0.0013618654802373899,999.9999999999998,2026-05-30 00:00:00,0.5593887060217524
22752,236,0.0,0.0,0.0,0.0,0.0,0.07413449138402939,0.0013496328133897689,999.9999999999998,2026-06-20 00:00:00,0.9062559271833591
22848,237,-7.453823363984316,16.886656300654845,0.0,1.4250338683984203,23.880802318090346,0.07358397543430328,0.001336494003220251,999.9999999999998,2026-07-11 00:00:00,0.3190233530313602
22944,238,-121.8434959678257,1990.4450083274794,0.0,31.03037767396942,360.3773240025131,0.07386800646781921,0.0013219581891382806,999.9999999999998,2026-07-19 00:00:00,0.6453383495198769
23040,239,-135.46411462704287,50.28769254043516,0.0,62.16819432171352,289.2261608735136,0.072601318359375,0.0013140527639264492,999.9999999999998,2026-07-02 00:00:00,0.46989535366669033
23136,240,-177.79053360786185,157.37303671068375,0.0,62.19787707338148,459.5224989329963,0.07179982960224152,0.001306375089857396,966.5403997184021,2026-06-04 00:00:00,0.011760507489868788
23232,241,-140.6664663756914,95.4400338808218,0.0,62.492499201829716,309.01836479009035,0.07077495008707047,0.001299007931115228,925.6376361167153,2026-06-25 00:00:00,0.8068872921221051
23328,242,0.0,0.0,0.0,0.0,0.0,0.07001657783985138,0.001291820609532497,886.6468639728524,2026-06-21 00:00:00,0.028074769739074412
23424,243,0.0,0.0,0.0,0.0,0.0,0.06859090924263,0.001284212311156321,849.4612025114155,2026-05-31 00:00:00,0.06886566880885692
23520,244,0.0,0.0,0.0,0.0,0.0,0.06814789772033691,0.00127581557921435,813.9809883115489,2026-05-30 00:00:00,0.17253657131757527
23616,245,-143.81575504945295,115.87022584908428,0.0,61.0295304785966,328.1236804057892,0.06770417839288712,0.001266613035016784,780.1136345847456,2026-07-03 00:00:00,0.6779695357389763
23712,246,-147.85500591007633,78.53520582262692,0.0,61.60414246986368,341.4765822869921,0.06770367920398712,0.001257423130554824,740.9987200749491,2026-05-29 00:00:00,0.14212812390727314
23808,247,0.0,0.0,0.0,0.0,0.0,0.06792827695608139,0.001248342809865979,703.8013997311575,2026-07-29 00:00:00,0.5015858966468213
23904,248,-148.21956014772658,247.82967411275803,0.0,66.22660387911031,324.36631029486267,0.06764738261699677,0.001238997723083048,669.03802681934,2026-07-06 00:00:00,0.4011848067300702
24000,249,0.0,0.0,0.0,0.0,0.0,0.06737852096557617,0.0012303480050492566,636.4827807188917,2026-06-07 00:00:00,0.059926932350277795
24096,250,0.0,0.0,0.0,0.0,0.0,0.06725529581308365,0.001112427380911411,605.9386071492335,2026-07-05 00:00:00,0.21742404353027345
24192,251,-144.795430659047,123.4688307827593,0.0,62.49080311720677,325.18518338467254,0.06596952676773071,0.0010071842278565307,577.2326047719712,2026-06-17 00:00:00,0.5182042399007992
24288,252,-150.69864186191413,103.29419843918024,0.0,68.23008081644602,326.40588021984803,0.06530606746673584,0.0009200415157037185,550.2122716769743,2026-06-23 00:00:00,0.7761130994023264
24384,253,-160.1301552386196,103.02003165659366,0.0,66.99451039036383,369.08464002715425,0.06446926295757294,0.0008464466022171862,524.742447409568,2026-07-27 00:00:00,0.23561798868407613
24480,254,-142.06880161846172,95.58191380228759,8.0,58.37418254615859,330.9984229246835,0.06278678774833679,0.0007829326736432948,500.7028023579705,2026-05-28 00:00:00,0.3628406060489845
24576,255,-153.87179394369775,23180.251086926964,0.0,68.513404973259,337.81877433302503,0.06183123216032982,0.0007275326866921511,511.13177416925294,2026-05-19 00:00:00,0.12664359203730247
24672,256,-162.25532630092073,67.04076425039979,0.0,68.65478176569096,370.9342744368072,0.06166546419262886,0.0007200940390691061,526.4560558843272,2026-06-09 00:00:00,0.0994741822244245
24768,257,0.0,0.0,0.0,0.0,0.0,0.060958970338106155,0.0007172997622833895,543.4635694838953,2026-05-30 00:00:00,0.2946370927033698
24864,258,0.0,0.0,0.0,0.0,0.0,0.06050669401884079,0.0007143706258654895,562.4131283175893,2026-06-07 00:00:00,0.6195767374554311
24960,259,0.0,0.0,0.0,0.0,0.0,0.06021139770746231,0.0007070364433523421,583.6163134363422,2026-07-28 00:00:00,0.13912089286319285
25056,260,-155.9338411332222,255.6973288412711,0.0,66.61937078567475,353.7886793596006,0.05963677912950516,0.0006989526021056062,607.4505580946287,2026-07-21 00:00:00,0.9262153637945086
25152,261,-138.15414444533195,132.02691214891723,1.0,57.02922958628886,320.5603187544695,0.057919178158044815,0.000690882164926921,634.3762841415552,2026-07-03 00:00:00,0.3412574611919934
25248,262,-144.95674345837756,25.68457607671648,0.0,65.18732676055296,316.2917341503113,0.0568191297352314,0.0006827252820599206,674.8014140487618,2026-05-26 00:00:00,0.9305974634400441
25344,263,-6.562504406031085,16.886656300654845,0.0,1.4174265896779747,20.282989817086328,0.05666728317737579,0.0006744467008070705,723.1406780115964,2026-07-11 00:00:00,0.7729406317358476
25440,264,-6.988021689551303,16.886656300654845,0.0,1.438874549015595,21.936464518400015,0.056486181914806366,0.0006660271848980112,780.1299258988431,2026-07-11 00:00:00,0.38279443007128444
25536,265,-153.01384634136602,152.08099936517752,0.0,70.00520917659428,327.9528299085029,0.056955110281705856,0.0006574690601568819,847.8775393639862,2026-06-08 00:00:00,0.33758698361969186
25632,266,-137.899646858635,99.81868798578718,0.0,59.71179991112379,311.0547171078382,0.0580892488360405,0.0006488256776928028,929.1090848615924,2026-06-25 00:00:00,0.9688568433673092
25728,267,-140.0183190122733,229.0235164173918,0.0,65.02332043464955,295.8966605217524,0.05862267687916756,0.0006400697156969233,999.9999999999998,2026-07-07 00:00:00,0.5886954235041332
25824,268,-141.51348320053242,302.04129978385146,0.0,63.270171727044705,308.5063774796358,0.05951444059610367,0.0006317452101006802,999.9999999999998,2026-06-30 00:00:00,0.31551260195827935
25920,269,-152.16189076310556,109.43499326320696,2.0,60.89535607128442,362.70563713660596,0.05977160856127739,0.0006234547060337916,999.9999999999998,2026-06-17 00:00:00,0.5499727917926891
26016,270,-148.73816439407884,69.67754209293592,1.0,62.98027845102255,340.06597959487715,0.05910741165280342,0.0006153073912303135,999.9999999999998,2026-05-29 00:00:00,0.1644543008896091
26112,271,-136.3160275689583,23259.20529409386,0.0,64.99825052492962,280.80490873643,0.05874185264110565,0.0006072168589457279,999.9999999999998,2026-05-19 00:00:00,0.9340045961188752
26208,272,-143.74855570269483,51.43273835884481,0.0,62.51992210349243,323.7189569049896,0.059473320841789246,0.000669575244517671,999.9999999999998,2026-07-16 00:00:00,0.8957661079386481
26304,273,0.0,0.0,0.0,0.0,0.0,0.05999140068888664,0.0007540086178366199,999.9999999999998,2026-07-28 00:00:00,0.17782294698331946
26400,274,-134.33544905476793,131.7529598807808,0.0,57.488341197181505,303.66175228797226,0.05937594175338745,0.0008579801536821338,999.9999999999998,2026-07-22 00:00:00,0.7615613741565709
26496,275,-144.23948633629436,155.73530822003997,0.0,59.55930124994504,335.1541023254047,0.05968485772609711,0.0009876018241017834,985.414916741894,2026-06-24 00:00:00,0.7446178462141282
26592,276,-144.6378927881346,293.73020808362037,0.0,65.48378066475699,312.9994425230002,0.05988973379135132,0.000983709748928681,964.7284236461298,2026-06-30 00:00:00,0.6613073528308774
26688,277,-96.31241845059292,94.19223448291496,42.0,46.16343876729685,196.76479715304052,0.059729043394327164,0.0009656401609591828,943.9848076390439,2026-06-16 00:00:00,0.05407572586308207
26784,278,0.0,0.0,0.0,0.0,0.0,0.061719901859760284,0.0009482053817789879,999.9999999999998,2026-07-28 00:00:00,0.4035969761961209
26880,279,-157.6758579072261,109.7456527269673,0.0,58.04855150321692,395.89367639604086,0.06317493319511414,0.0009306721919650189,999.9999999999998,2026-07-08 00:00:00,0.03010839171415647
26976,280,-161.29008000175352,265.9374632371314,0.0,65.91878942072331,377.1460463492783,0.06437505036592484,0.0009137472202387694,999.9999999999998,2026-06-29 00:00:00,0.06341083988039375
27072,281,-149.0080324775271,210.7437404930022,2.0,66.12093841489815,326.9714455064441,0.06414389610290527,0.0008968169857854636,999.9999999999998,2026-06-22 00:00:00,0.8338515666538073
27168,282,0.0,0.0,0.0,0.0,0.0,0.06557168811559677,0.0008803050295796298,999.9999999999998,2026-07-25 00:00:00,0.6925254230993749
27264,283,-127.80267976430818,25373.860956361634,0.0,61.66531456403878,262.93430060525026,0.0652206540107727,0.0008635262578297091,999.9999999999998,2026-05-21 00:00:00,0.895278274469174
27360,284,-140.8293059410924,171.37896696504794,0.0,56.93084649207596,333.86590975786385,0.06568031758069992,0.0010414115171693528,999.9999999999998,2026-06-04 00:00:00,0.8204519323064435
27456,285,-158.82336730749228,191.35116990814453,0.0,67.66873891236267,361.56982073532436,0.06660611927509308,0.0012880177921045888,999.9999999999998,2026-06-22 00:00:00,0.11035354085491444
27552,286,0.0,0.0,0.0,0.0,0.0,0.0664292424917221,0.0015980095865855558,999.9999999999998,2026-06-03 00:00:00,0.5749299527611149
27648,287,-123.05691681068845,463.91717372889974,0.0,54.99249924051063,269.73302723657986,0.06606277078390121,0.001985253376475593,999.9999999999998,2026-06-01 00:00:00,0.7508267337084137
27744,288,-6.162132676729986,16.886656300654845,0.0,1.4602729281971691,18.62429073163051,0.06758572161197662,0.0024742944152630893,999.9999999999998,2026-07-11 00:00:00,0.6378943425771563
27840,289,-100.51720024189505,66.02584921053595,0.0,48.59259525894967,204.1557717014774,0.06827438622713089,0.003080674907099695,999.9999999999998,2026-06-16 00:00:00,0.8616197360713778
27936,290,-146.1731870458958,303.5967007657919,4.0,59.78765586128001,340.8859308862719,0.06897330284118652,0.0038380246988701226,999.9999999999998,2026-07-14 00:00:00,0.15994127229847244
28032,291,0.0,0.0,0.0,0.0,0.0,0.0696420669555664,0.004793655681189735,999.9999999999998,2026-07-28 00:00:00,0.50161731026066
28128,292,0.0,0.0,0.0,0.0,0.0,0.07055427879095078,0.004905055763280275,999.9999999999998,2026-05-23 00:00:00,0.6126017456262495
28224,293,-162.5168969488207,94.98393253924309,0.0,72.69988151432537,357.26435277146254,0.07202192395925522,0.004913990655759107,999.9999999999998,2026-05-25 00:00:00,0.4373239317835226
28320,294,-135.73814190540892,234.93723892304268,0.0,62.67753578572295,288.0587173858371,0.07217971235513687,0.004927909072253295,999.9999999999998,2026-07-07 00:00:00,0.2634864649072819
28416,295,0.0,0.0,0.0,0.0,0.0,0.07344765961170197,0.004948592703445845,999.9999999999998,2026-07-26 00:00:00,0.8947861432424269
28512,296,-137.61549256697873,13631.197412848682,23.0,70.19444173937742,265.2100547787845,0.07457095384597778,0.004962307159250779,999.9999999999998,2026-05-22 00:00:00,0.46769555945827235
28608,297,-151.04700658697516,99.99355514261103,0.0,61.23226854705238,356.4132748983386,0.07616524398326874,0.005809350572669941,999.9999999999998,2026-06-23 00:00:00,0.5698566380731984
28704,298,0.0,0.0,0.0,0.0,0.0,0.07842737436294556,0.0069712966278049565,999.9999999999998,2026-05-31 00:00:00,0.13958217329745526
28800,299,0.0,0.0,0.0,0.0,0.0,0.0788126289844513,0.008436897679139483,999.9999999999998,2026-05-30 00:00:00,0.6393777960482113
28896,300,-155.42043661791092,158.19762195284292,0.0,71.4890795958587,333.3423350102637,0.0802910327911377,0.010271451559111891,999.9999999999998,2026-06-22 00:00:00,0.36790041571833454
28992,301,-148.57528143153309,118.49976504720145,0.0,64.98765183046908,330.1734877691998,0.08166760206222534,0.012564777943011259,999.9999999999998,2026-07-22 00:00:00,0.13591017782317083
29088,302,-92.78088915023199,23135.416195253034,0.0,49.30980666482776,171.26572630031922,0.08142345398664474,0.015431833202038689,999.9999999999998,2026-05-20 00:00:00,0.5285412710987881
29184,303,-158.13145396546705,25.179326293983475,0.0,63.29994428993503,375.9703256763688,0.08160584419965744,0.022477289457125595,999.9999999999998,2026-06-18 00:00:00,0.14598579103782505
29280,304,-119.32046041656854,13656.362458041822,0.0,62.790452136437395,224.35166463683163,0.08300737291574478,0.025661047681116992,999.9999999999998,2026-05-22 00:00:00,0.40049473606471275
29376,305,-148.46067862998467,309.57633319244405,0.0,74.0109306248239,295.7203656020871,0.0839923694729805,0.03245482290408797,999.9999999999998,2026-06-29 00:00:00,0.8210067633281266
29472,306,0.0,0.0,0.0,0.0,0.0,0.08376426994800568,0.041266711570716534,999.9999999999998,2026-07-25 00:00:00,0.8221453387188891
29568,307,0.0,0.0,0.0,0.0,0.0,0.08350475132465363,0.05220310331480919,999.9999999999998,2026-07-25 00:00:00,0.10012353367576177
29664,308,-156.5804270204692,128.50317455229347,0.0,61.96495152171204,375.1180321169847,0.08334014564752579,0.06559944001527601,999.9999999999998,2026-06-04 00:00:00,0.5080783206770658
29760,309,0.0,0.0,0.0,0.0,0.0,0.08270861953496933,0.08235155312535018,999.9999999999998,2026-06-20 00:00:00,0.9624653084673743
29856,310,-150.74597766424878,46.08060845893498,0.0,70.06181010042971,319.7124114076957,0.08169358223676682,0.10321860803869731,999.9999999999998,2026-05-27 00:00:00,0.4273002528022567
29952,311,-180.54428238694143,58.55345907111556,0.0,61.3609831969964,473.84522323135013,0.08104740083217621,0.12904698532676817,999.9999999999998,2026-06-09 00:00:00,0.007700257497213259
30048,312,0.0,0.0,0.0,0.0,0.0,0.08100322633981705,0.16137384542335195,999.9999999999998,2026-07-04 00:00:00,0.21998232953954833
30144,313,0.0,0.0,0.0,0.0,0.0,0.08060808479785919,0.20178723584970829,999.9999999999998,2026-06-21 00:00:00,0.4241452369864276
30240,314,-153.74206857431545,274.90921649931204,0.0,65.01219924259136,351.56836727942687,0.08077330887317657,0.25213965679212214,999.9999999999998,2026-06-30 00:00:00,0.0641967368195453
30336,315,-150.1265504289484,35.572133266912296,0.0,67.14721182648485,329.2090037336913,0.08190461993217468,0.3151642753759623,999.9999999999998,2026-07-24 00:00:00,0.8513288244252423
30432,316,-152.79228101136388,87.02793503336208,0.0,68.97434508799765,332.53728752791613,0.08193348348140717,0.3940588028843633,999.9999999999998,2026-05-25 00:00:00,0.36184565339538766
30528,317,0.0,0.0,0.0,0.0,0.0,0.08307229727506638,0.44254449623460745,985.0147709060258,2026-05-24 00:00:00,0.7627658057651991
30624,318,-97.07861729714377,81.61066903607112,5.0,52.47592004975061,177.6599218272258,0.08413603156805038,0.4958577718935364,965.1084977297975,2026-06-16 00:00:00,0.1983795269606592
30720,319,-138.7040013600116,283.88019965540445,0.0,59.25598966047932,313.77117985326987,0.08561114221811295,0.5620214117656804,962.9590836554488,2026-06-30 00:00:00,0.6989217548452202
30816,320,-146.54627869394352,39.15850347932205,0.0,65.92618001823644,319.05517073477205,0.08791768550872803,0.6463370909404891,962.6457274162572,2026-07-24 00:00:00,0.4772207833687728
30912,321,0.0,0.0,0.0,0.0,0.0,0.08987399935722351,0.7510351429613289,962.3172564669858,2026-06-20 00:00:00,0.8709744167970971
31008,322,-156.85373174928515,295.58685673438947,0.0,61.553967425544904,378.1011442859491,0.09164896607398987,0.8811118204112235,961.9728666532109,2026-07-20 00:00:00,0.7921108595110713
31104,323,-141.77779975268444,14.587336575644,0.0,64.99333217020296,303.0799641424612,0.09437202662229538,0.7631846385157438,961.6117988067988,2026-06-19 00:00:00,0.525990623776437
31200,324,-143.45252970847847,88.19294587236242,0.0,70.22051190383463,289.6607940598352,0.09566164016723633,0.663089016692606,961.2332587907127,2026-05-29 00:00:00,0.9238041130178256
31296,325,-142.8742912290149,54.56279457606963,0.0,63.41580440856117,314.152430416929,0.09662651270627975,0.5398490838198413,960.836416008258,2026-07-16 00:00:00,0.30665599532566623
31392,326,0.0,0.0,0.0,0.0,0.0,0.09609097242355347,0.4599543549603273,960.4204018650851,2026-05-24 00:00:00,0.4363065245858141
31488,327,0.0,0.0,0.0,0.0,0.0,0.09536148607730865,0.4036902367556183,959.984308180138,2026-07-05 00:00:00,0.619722314997937
31584,328,-168.8583441259871,40.059469113048976,0.0,61.822520304340905,426.54578344459486,0.09644105285406113,0.36079079465864833,959.527185545393,2026-05-27 00:00:00,0.03318453545096678
31680,329,-149.9194561198809,44.808738694922255,0.0,62.36331168398972,347.1041204412008,0.0973876565694809,0.32637079041146244,959.0480416344568,2026-07-16 00:00:00,0.6758852177786218
31776,330,-139.40071230349733,138.61416828076275,0.0,64.35133983875876,296.3996686406716,0.096393883228302,0.29796659351946403,958.545839460151,2026-07-09 00:00:00,0.9847213228060553
31872,331,-142.79933824521507,25072.050238322397,0.0,65.53034324163197,306.5381374896151,0.09654773026704788,0.27400320414502066,958.0194955816373,2026-05-21 00:00:00,0.8913082282312164
31968,332,-160.42573476946944,115.41139923107909,0.0,71.57071886402102,352.73806857670326,0.09623733907938004,0.271051291379748,957.4678782618372,2026-07-27 00:00:00,0.7515638404666574
32064,333,-134.36472421209487,143.29751822039557,0.0,60.96180143514391,290.20927131863584,0.0977182537317276,0.2701448216151987,956.8898055762876,2026-07-09 00:00:00,0.8808879754658596
32160,334,-156.9192280233563,73.8305791945485,0.0,62.27932508834462,375.2257144109672,0.09889469295740128,0.26932933130440817,956.2840434748259,2026-05-25 00:00:00,0.7348693781538026
32256,335,-110.73960898659658,22343.29984213163,0.0,54.834865109310016,221.1432377810101,0.09952400624752045,0.26831723375725863,955.6493037980273,2026-05-20 00:00:00,0.61841572003172
32352,336,-145.88430748125242,28.33983878687571,0.0,70.32558940436081,299.028643429148,0.10018852353096008,0.28845315830160256,954.9842422506607,2026-06-26 00:00:00,0.8809101673368784
32448,337,-137.2018009509471,301.3020595996594,0.0,59.76272917914402,305.9739248006249,0.10090671479701996,0.3148141737053252,954.2874563350457,2026-06-30 00:00:00,0.7614515885069835
32544,338,-145.30282751635622,101.87906112125536,0.0,62.73896480962285,326.2166766130382,0.10141131281852722,0.34698103360903326,953.557483247579,2026-05-28 00:00:00,0.48488931049212425
32640,339,-123.75754520214673,46.49432726870685,0.0,66.32404958419761,226.42664342110635,0.10103335976600647,0.38619124859060705,908.6293262280697,2026-06-12 00:00:00,0.9967964790577734
32736,340,-148.8244450344746,38.693190132511134,6.0,66.08290116826323,327.6559572335449,0.10116878151893616,0.43380280468257537,862.3576742997592,2026-06-26 00:00:00,0.201148599590125
32832,341,-145.64508343446536,41.972600536129825,0.0,60.303150143965716,338.8465750481091,0.1010880097746849,0.49255854382615355,865.6859426007205,2026-05-27 00:00:00,0.11068032329057209
32928,342,-143.58156340846122,113.83711059488931,0.0,59.33865360877839,333.9398255621651,0.10408411920070648,0.5657677193498428,874.5369119167077,2026-06-17 00:00:00,0.380377191601842
33024,343,0.0,0.0,0.0,0.0,0.0,0.10635636746883392,0.6566514509561429,884.0141508300356,2026-05-30 00:00:00,0.9105830269311963
33120,344,-138.56040015003157,124.94806274017125,0.0,66.724572244886,283.6476268686443,0.10825046896934509,0.7706245318289306,894.1737085077979,2026-07-03 00:00:00,0.8413324703999817
33216,345,-141.05082578110756,30.31093228055228,0.0,65.68134502705948,297.91989901813054,0.11065021902322769,0.9143543580464281,905.0784194053654,2026-06-26 00:00:00,0.5349680446435873
33312,346,-156.57429444686704,236.09705009296923,0.0,66.48690410648031,357.4297266747362,0.110336072742939,1.0954447441511859,916.7986668341933,2026-07-06 00:00:00,0.9874024754547821
33408,347,-131.3538051303847,1907.5951158063056,0.0,23.505622933427524,430.24088185863604,0.11178185790777206,1.3260474432953653,929.4135309103955,2026-07-19 00:00:00,0.032734066260543315
33504,348,-144.6014150617231,24920.9982708705,0.0,63.57696868761657,321.0271692127908,0.11331057548522949,1.6387646434491667,943.0121486165629,2026-05-21 00:00:00,0.7966344318283278
33600,349,0.0,0.0,0.0,0.0,0.0,0.11412715166807175,2.3000306637191703,957.6953321181845,2026-07-25 00:00:00,0.14563509557463017
33696,350,-148.65323007217822,56.384229758245304,0.0,63.580270899543784,336.8914134954553,0.116592176258564,3.080726673035345,973.5775030458881,2026-07-02 00:00:00,0.056382233041874286
33792,351,0.0,0.0,0.0,0.0,0.0,0.11986108869314194,4.015907061685915,990.7890152896682,2026-05-24 00:00:00,0.4596236735475242
33888,352,0.0,0.0,0.0,0.0,0.0,0.12296946346759796,4.635899600959697,999.9999999999998,2026-06-06 00:00:00,0.6782287529912534
33984,353,-143.7592537056187,169.19712021029838,0.0,62.38958442176465,320.5028593321972,0.124105304479599,5.344879067835282,999.9999999999998,2026-06-04 00:00:00,0.6749503722069415
34080,354,0.0,0.0,0.0,0.0,0.0,0.12559689581394196,6.233633140914453,999.9999999999998,2026-06-21 00:00:00,0.6726110712491735
34176,355,-137.24620145967032,168.82334535525794,3.0,59.63563233210953,307.06084752657114,0.12895335257053375,7.348086635698987,999.9999999999998,2026-06-24 00:00:00,0.7739678840531796
34272,356,0.0,0.0,0.0,0.0,0.0,0.1314067840576172,7.498913622386309,999.9999999999998,2026-06-06 00:00:00,0.22235899468621667
34368,357,-131.60160196816383,13599.892176063096,17.0,66.03754476508647,256.4374031848606,0.1338527500629425,7.535118172480362,999.9999999999998,2026-05-22 00:00:00,0.6043778992086565
34464,358,-151.20487405197088,263.4518875159671,0.0,66.21350061410584,335.64097415462044,0.13702097535133362,8.422111417477787,999.9999999999998,2026-07-06 00:00:00,0.666750405581493
34560,359,-117.62655184539094,1051.5759481252862,0.0,26.84167989830286,361.95017300104394,0.14057572185993195,9.62994022796048,999.9999999999998,2026-07-18 00:00:00,0.9019684931097692
34656,360,-136.6936634217942,66.33262609321065,0.0,67.23560754653234,275.07331026802797,0.14494338631629944,11.237230658178404,999.9999999999998,2026-07-02 00:00:00,0.6784863207608086
34752,361,-160.6357819266941,133.27349999705564,0.0,71.31485660348756,352.2613768779819,0.14962469041347504,13.273177218878827,999.9999999999998,2026-06-05 00:00:00,0.45335276680617675
34848,362,0.0,0.0,0.0,0.0,0.0,0.15552479028701782,15.853495304237018,999.9999999999998,2026-06-06 00:00:00,0.07297068641597337
34944,363,0.0,0.0,0.0,0.0,0.0,0.16221380233764648,19.08852510501218,999.9999999999998,2026-06-06 00:00:00,0.30432566730388244
35040,364,-129.6535311558998,240.0224343719425,0.0,59.184859758673326,276.9821357990648,0.16851110756397247,23.165733844841462,999.9999999999998,2026-07-07 00:00:00,0.21955400585314477
35136,365,-150.1157536340631,134.47658756567338,0.0,71.1796943730946,313.7691908751084,0.1784285306930542,28.336423637628993,999.9999999999998,2026-07-17 00:00:00,0.6566266762323844
35232,366,0.0,0.0,0.0,0.0,0.0,0.18834364414215088,34.88368741279591,999.9999999999998,2026-05-24 00:00:00,0.03353792520148968
35328,367,-147.77039819325293,164.0559170959881,0.0,64.1939137416347,331.049208042652,0.19954665005207062,43.007025062679084,999.9999999999998,2026-06-04 00:00:00,0.8300564688191041
35424,368,-140.3873517893941,32.796110343360446,0.0,64.83759687819614,299.7705796858394,0.209468275308609,52.19104630700871,999.9999999999998,2026-06-18 00:00:00,0.9589775486332959
35520,369,-131.56965634789012,55.70337185050412,0.0,69.3743566217886,244.84660608901976,0.21925145387649536,46.03957137260343,999.9999999999998,2026-06-12 00:00:00,0.7616552315093669
35616,370,0.0,0.0,0.0,0.0,0.0,0.22573822736740112,40.40767850777716,999.9999999999998,2026-07-25 00:00:00,0.8024431738529846
35712,371,-129.85956630526283,114.26537648934432,0.0,58.81691281051115,280.4074406176146,0.23504982888698578,36.09922723163056,999.9999999999998,2026-06-25 00:00:00,0.49345192014730643
35808,372,0.0,0.0,0.0,0.0,0.0,0.23974409699440002,32.68025962886389,999.9999999999998,2026-06-28 00:00:00,0.6379428018398328
35904,373,-153.3599415935715,86.28160327414858,0.0,67.29275215204773,340.2135640425851,0.24644991755485535,29.852402968837396,999.9999999999998,2026-07-10 00:00:00,0.5923970325565924
36000,374,0.0,0.0,0.0,0.0,0.0,0.25326061248779297,27.44220894734762,999.9999999999998,2026-06-20 00:00:00,0.6161888017876997
36096,375,0.0,0.0,0.0,0.0,0.0,0.2563520669937134,25.365067775000472,999.9999999999998,2026-06-07 00:00:00,0.7620432037315366
36192,376,-147.93643604464,345.3237339555998,0.0,69.7330925146473,309.53308320923014,0.26032504439353943,23.52911872250927,999.9999999999998,2026-07-13 00:00:00,0.38228409197112945
36288,377,-137.52348872026636,38.659049620504575,0.0,66.11084771743295,283.4133496652898,0.2649760842323303,21.948356559843013,999.9999999999998,2026-06-26 00:00:00,0.4067392145424841
36384,378,-154.12411699499384,102.00007121200194,0.0,70.38052580690969,331.4183455779645,0.26979267597198486,19.291620473399686,972.1204966848516,2026-05-25 00:00:00,0.13529611320257096
36480,379,0.0,0.0,0.0,0.0,0.0,0.27508509159088135,17.160262705666653,937.6186326618989,2026-06-20 00:00:00,0.008162704502537421
36576,380,-147.4186087579037,43.80229401710587,0.0,68.15594931565835,313.22250052465125,0.2784251272678375,15.42081364090307,904.1762939692098,2026-07-24 00:00:00,0.8070600753551742
36672,381,-144.33103035424708,136.94196390759814,0.0,62.82422782611952,322.01654455453945,0.28198888897895813,14.0030844840881,871.7751115378134,2026-06-05 00:00:00,0.5376168934163126
36768,382,-121.18882873911721,45.73096884939214,0.0,62.74917878024553,229.8883716572935,0.2872874438762665,12.820162043739977,840.3953766976213,2026-06-12 00:00:00,0.9332002882650775
36864,383,-138.55279270976885,11.305345152698985,0.0,64.10786011345466,294.21977142433155,0.2920147478580475,11.813374941606066,810.0166442589527,2026-06-19 00:00:00,0.29109002059654676
36960,384,0.0,0.0,0.0,0.0,0.0,0.29747191071510315,10.9413188425352,780.617850026483,2026-05-31 00:00:00,0.4562655620765754
37056,385,0.0,0.0,0.0,0.0,0.0,0.30226463079452515,10.169945084031434,752.1774210356599,2026-05-30 00:00:00,0.5055402094019256
37152,386,-140.28558202770432,23097.780073030284,2.0,64.32518308629214,299.0782251445933,0.30615606904029846,9.483153401247952,724.6733785248915,2026-05-19 00:00:00,0.43205272366539293
37248,387,-138.82968214791939,50.17551029383758,0.0,61.83539543048753,304.60983413224807,0.30930957198143005,9.346767147432535,707.3478063037277,2026-07-16 00:00:00,0.7651361308073987
37344,388,-176.893994216944,229.77802233752547,0.0,65.58012695276386,441.5275585204166,0.31065642833709717,9.258519560058753,691.0454388259157,2026-06-29 00:00:00,0.0630901400061249
37440,389,0.0,0.0,0.0,0.0,0.0,0.3124290406703949,9.172059220351207,674.7748940073513,2026-06-03 00:00:00,0.3632330190503166
37536,390,0.0,0.0,0.0,0.0,0.0,0.3126208782196045,9.082248635945358,658.5545759971892,2026-06-21 00:00:00,0.9523337773559302
37632,391,-139.6404363660598,65.50496179702017,0.0,61.850633936515294,308.0025419216281,0.31422147154808044,8.989796768432731,642.4026366917795,2026-05-29 00:00:00,0.3009958690734319
37728,392,0.0,0.0,0.0,0.0,0.0,0.31661108136177063,8.89361795972857,626.3368491099045,2026-06-21 00:00:00,0.329832370696717
37824,393,-176.2400770186231,33.77516580032588,0.0,62.69494309418233,450.6638211991778,0.3168701231479645,8.794824416425572,610.3745276721372,2026-07-24 00:00:00,0.03229100755023229
37920,394,-140.70104042387646,251.1740072292439,0.0,61.34680259974534,312.789400801342,0.3182087540626526,8.692175035581467,594.5324533919968,2026-07-07 00:00:00,0.18761602875818284
38016,395,0.0,0.0,0.0,0.0,0.0,0.3199288547039032,8.593762856851477,578.8268046516434,2026-07-12 00:00:00,0.3159170004456826
38112,396,0.0,0.0,0.0,0.0,0.0,0.3238140642642975,8.493651082400559,563.2730941378954,2026-07-05 00:00:00,0.12289624821741163
38208,397,0.0,0.0,0.0,0.0,0.0,0.32648965716362,8.38134767539597,547.886112408583,2026-07-25 00:00:00,0.043023929795533156
38304,398,0.0,0.0,0.0,0.0,0.0,0.32497626543045044,8.264637731257702,532.6798784485438,2026-06-27 00:00:00,0.6319469899667817
38400,399,-133.83973714856975,20.16530230208546,0.0,63.319080369082094,279.3079629429187,0.32493770122528076,8.142629400510714,517.6675974622544,2026-06-19 00:00:00,0.8821533477054285
38496,400,-5.789923639577208,16.886656300654845,1.0,1.0643909030383971,18.698056978221587,0.3238298296928406,8.018864913733651,502.86162603831673,2026-07-11 00:00:00,0.32483317237515896
38592,401,0.0,0.0,0.0,0.0,0.0,0.3213311433792114,7.8923873873041,492.4864759133607,2026-07-25 00:00:00,0.8407471325540301
38688,402,0.0,0.0,0.0,0.0,0.0,0.31663358211517334,7.759773775836243,482.50897848918413,2026-06-07 00:00:00,0.04971570569723338
38784,403,-129.78842082258086,13599.161759058912,17.0,63.44324328377309,260.12144827678156,0.31457534432411194,7.62368517133221,472.4876042441686,2026-05-22 00:00:00,0.9310706878714189
38880,404,0.0,0.0,0.0,0.0,0.0,0.3096131682395935,7.935212484873175,542.4579644590303,2026-06-27 00:00:00,0.0721693750246728
38976,405,0.0,0.0,0.0,0.0,0.0,0.3060075044631958,8.340740482682762,639.5715307056385,2026-06-03 00:00:00,0.9506929868685103
39072,406,-158.92745860696797,86.82401221527044,0.0,65.85501169439668,368.1107883316657,0.30138957500457764,8.806020683954877,761.9518022708676,2026-05-25 00:00:00,0.3196112201555015
39168,407,-135.65050286071477,58.172043277038995,0.0,60.54913985831291,298.06434415086267,0.29398560523986816,8.25416474820725,897.9756123859212,2026-07-16 00:00:00,0.6958305942704694
39264,408,-143.96093815297294,90.96847326944322,0.0,60.5811234576633,331.10118382766774,0.29004815220832825,7.670626921069007,999.9999999999998,2026-06-25 00:00:00,0.22728294758422685
39360,409,-161.80147671211202,126.1888890416429,0.0,65.9195749821486,379.0000623764188,0.2879895269870758,7.149500812167529,999.9999999999998,2026-06-22 00:00:00,0.8404253566498056
39456,410,0.0,0.0,0.0,0.0,0.0,0.282073438167572,6.6878276068932845,999.9999999999998,2026-06-28 00:00:00,0.4722045438669856
39552,411,0.0,0.0,0.0,0.0,0.0,0.2786322832107544,6.272574049214649,999.9999999999998,2026-05-30 00:00:00,0.7816288002789814
39648,412,0.0,0.0,0.0,0.0,0.0,0.2766928970813751,5.894748035747229,999.9999999999998,2026-06-20 00:00:00,0.6189003818022155
39744,413,-150.1393616324533,136.46636377062435,0.0,64.20546102589564,339.70230642888185,0.2726852595806122,5.550559508737402,999.9999999999998,2026-06-24 00:00:00,0.8047687214621504
39840,414,-155.95485879142788,106.71335893730671,0.0,70.685080289521,337.41807226330474,0.2724305987358093,5.237659082552244,999.9999999999998,2026-07-27 00:00:00,0.7265885750707903
39936,415,-141.62856980348775,237.70601273365247,0.0,62.4826039092759,312.5611646575262,0.2701478600502014,4.947392774046887,999.9999999999998,2026-07-07 00:00:00,0.5255167214763641
40032,416,-150.51236554782366,95.52694528395718,0.0,67.05420911019495,330.7340308803696,0.26835334300994873,4.683502066393525,999.9999999999998,2026-07-01 00:00:00,0.38125644180649065
40128,417,-158.94418570210658,41.14475248024352,10.0,65.68560453301778,369.85826370652507,0.26596707105636597,4.4407363357483876,999.9999999999998,2026-05-27 00:00:00,0.10906154440805482
40224,418,-141.7833394342388,107.05638611486678,0.0,63.797738823286636,308.03550523736794,0.26174303889274597,4.215547458666513,999.9999999999998,2026-07-15 00:00:00,0.9820162174868913
40320,419,-152.253680934215,100.2899484793127,0.0,66.15268006105673,341.5946067932739,0.2598225772380829,4.0068937741440696,999.9999999999998,2026-07-22 00:00:00,0.3157430529202724
40416,420,-147.50668761877265,86.6285725143255,0.0,67.34011685886392,317.69766056088713,0.2569475769996643,3.8127161518159065,999.9999999999998,2026-07-08 00:00:00,0.7719507315389376
40512,421,-144.83954103645743,72.188231743829,0.0,61.093552647901355,332.01730535299464,0.2524680197238922,3.631384967508593,999.9999999999998,2026-06-09 00:00:00,0.7432735704242548
40608,422,-139.87987365550134,82.40941331993713,0.0,65.30379914136225,294.84217864220693,0.24690786004066467,3.4616860922872843,999.9999999999998,2026-05-29 00:00:00,0.845988400318759
40704,423,-109.56168390307816,2063.796925739654,0.0,31.504363415569404,311.0139448547048,0.24680444598197937,3.3026601736488788,999.9999999999998,2026-07-19 00:00:00,0.4589833547803419
40800,424,-147.85072402546453,128.17513790871396,0.0,62.96114670943012,335.9071512048684,0.24920064210891724,3.0411004987454535,999.9999999999998,2026-07-17 00:00:00,0.20616394741891253
40896,425,0.0,0.0,0.0,0.0,0.0,0.2528340518474579,2.806594286326917,999.9999999999998,2026-06-06 00:00:00,0.36993610594493553
40992,426,-180.2495973587035,109.04569148775438,0.0,60.2732587671297,477.88614450763185,0.25339773297309875,2.6026583377142734,999.9999999999998,2026-07-09 00:00:00,0.007026761139303672
41088,427,-138.1388946257641,35.478575636254526,0.0,63.673274766488156,294.81167526998394,0.2533142566680908,2.4231827308318743,999.9999999999998,2026-06-26 00:00:00,0.7718940632405962
41184,428,0.0,0.0,0.0,0.0,0.0,0.2548132538795471,2.2634014496747437,999.9999999999998,2026-05-30 00:00:00,0.513087305035448
41280,429,-165.51776687838765,150.359829660818,0.0,64.48687330534743,398.8294686662733,0.2543676197528839,2.1196308559239525,999.9999999999998,2026-06-22 00:00:00,0.14642167080755164
41376,430,0.0,0.0,0.0,0.0,0.0,0.256355881690979,1.989914848810183,999.9999999999998,2026-06-03 00:00:00,0.5073757869541693
41472,431,-139.55031323882866,25344.478084148835,0.0,71.52096828234306,268.3778826892874,0.2531595528125763,1.8721063212295659,999.9999999999998,2026-05-21 00:00:00,0.8665506789665851
41568,432,-147.93638811971522,247.0228538714459,0.0,59.07153391358754,352.0703527975116,0.25346431136131287,1.8667301386726924,999.9999999999998,2026-07-14 00:00:00,0.7486606763817989
41664,433,-159.12043598553436,129.42141592242552,1.0,58.8409167020385,398.9113266242543,0.25471705198287964,1.8738746793665233,999.9999999999998,2026-06-08 00:00:00,0.16474995689601724
41760,434,-122.61986347274268,13658.73302851226,35.0,59.33715789718605,248.98670896550456,0.2506638765335083,1.8815153743183641,999.9999999999998,2026-05-22 00:00:00,0.8492358300808965
41856,435,-143.10692901226497,36.98038335703094,0.0,64.20306785982002,311.55473179165375,0.2480759471654892,1.9601264982276927,999.9999999999998,2026-06-26 00:00:00,0.2392049756022715
41952,436,-152.44047564709032,297.2251495602339,0.0,60.382913533715886,364.56727534957685,0.2478250116109848,2.0560873441185485,999.9999999999998,2026-07-13 00:00:00,0.3187422773489835
42048,437,0.0,0.0,0.0,0.0,0.0,0.24711236357688904,2.1671036090418543,999.9999999999998,2026-07-04 00:00:00,0.282926106421296
42144,438,0.0,0.0,0.0,0.0,0.0,0.24752715229988098,2.294835154769437,999.9999999999998,2026-06-28 00:00:00,0.5651419624539645
42240,439,-141.3099779294682,54.02585697524021,0.0,67.38635210055067,292.4732717738926,0.24802878499031067,2.4419694470619087,999.9999999999998,2026-07-02 00:00:00,0.594246740427721
42336,440,0.0,0.0,0.0,0.0,0.0,0.24729560315608978,2.6131973290999087,999.9999999999998,2026-05-31 00:00:00,0.2843719426688791
42432,441,-99.21405753625318,62.54173270582773,4.0,40.95130583907643,230.91230606523158,0.24804410338401794,2.8135289579445826,999.9999999999998,2026-06-16 00:00:00,0.42269660471669246
42528,442,0.0,0.0,0.0,0.0,0.0,0.2510715126991272,3.0508272190030947,999.9999999999998,2026-05-30 00:00:00,0.13082422107023117
42624,443,-137.62046714328474,162.96800545084346,0.0,68.59690705341761,273.17926837246455,0.25096967816352844,3.3331091494187626,999.9999999999998,2026-07-23 00:00:00,0.6623588123544757
42720,444,0.0,0.0,0.0,0.0,0.0,0.2520686984062195,3.6318820717790365,999.9999999999998,2026-06-06 00:00:00,0.475943539162763
42816,445,-162.74007035244216,91.6904356319984,0.0,72.36269835793068,359.4447778700415,0.2542276084423065,3.9829356806870866,999.9999999999998,2026-06-17 00:00:00,0.6997278391722567
42912,446,-145.4529731698042,87.1718724984735,0.0,70.73418217119408,296.31440245741516,0.25840482115745544,4.410368669108841,999.9999999999998,2026-07-08 00:00:00,0.9988982491648564
43008,447,0.0,0.0,0.0,0.0,0.0,0.2589088976383209,4.931967041886158,999.9999999999998,2026-05-30 00:00:00,0.4839781815113916
43104,448,-152.5141204170908,313.5725781068056,0.0,63.66823430125604,352.51854663883887,0.2586362957954407,5.572446386278471,999.9999999999998,2026-07-13 00:00:00,0.4905707667084631
43200,449,-193.000777811556,102.1948497229664,0.0,62.97248743536799,516.8245412349371,0.2581380605697632,6.384624792560178,999.9999999999998,2026-07-09 00:00:00,0.0015358820203807966
43296,450,0.0,0.0,0.0,0.0,0.0,0.26213064789772034,7.39812312598502,999.9999999999998,2026-06-28 00:00:00,0.40160858062630933
43392,451,0.0,0.0,0.0,0.0,0.0,0.26148951053619385,8.669743936264775,999.9999999999998,2026-06-03 00:00:00,0.477193080985557
43488,452,-141.6467684376787,140.21377135795194,0.0,66.70803306898983,297.14650441122296,0.2589240074157715,7.696791635829794,999.9999999999998,2026-07-09 00:00:00,0.43797016793318067
43584,453,0.0,0.0,0.0,0.0,0.0,0.25844717025756836,6.787891530149569,999.9999999999998,2026-07-05 00:00:00,0.43996055326422956
43680,454,0.0,0.0,0.0,0.0,0.0,0.2611028850078583,6.07989157732485,999.9999999999998,2026-06-28 00:00:00,0.33126911540364834
43776,455,-123.91069706801473,50.63205662848887,0.0,65.92706955505052,228.54408418345486,0.2634018063545227,5.10356516588007,998.1511235711441,2026-06-12 00:00:00,0.9202653195889611
43872,456,-146.21235202487313,95.72795685289894,0.0,66.44705860200526,316.7386782640047,0.2705906629562378,4.419261659797985,994.7522296312912,2026-07-15 00:00:00,0.8990954153460471
43968,457,-144.29013756735878,76.24372912761609,0.0,66.81412896447327,307.1786255278892,0.27965494990348816,3.913265019918443,991.2106594694978,2026-07-08 00:00:00,0.666695637651635
44064,458,-113.10827202330475,1991.3421665190097,0.0,27.793599816270298,337.25854945325574,0.27973130345344543,3.5188267635550328,987.5220631477542,2026-07-19 00:00:00,0.5444452068985465
44160,459,-151.71421499957611,147.0216932488873,0.0,64.1681799686489,348.4282512463518,0.2811868488788605,3.21734363693067,983.6816263906398,2026-06-22 00:00:00,0.2762370046542687
44256,460,-109.58348268648037,23093.469259457142,0.0,47.15396136758868,245.85301624035458,0.27570030093193054,2.9637379731285822,979.684497009049,2026-05-20 00:00:00,0.01790338948411896
44352,461,0.0,0.0,0.0,0.0,0.0,0.2751374840736389,2.9305560946883498,975.5257971596155,2026-07-05 00:00:00,0.8186361228270335
44448,462,-142.73326416084063,95.3223811473777,0.0,67.91764594797407,296.4211159133625,0.2728162705898285,2.9172737227872245,956.8585098890967,2026-06-25 00:00:00,0.4464040945364658
44544,463,-159.5674388505972,246.72808499019533,0.0,63.687189996477834,381.04112783706717,0.2725802958011627,2.904307030744681,936.6227913196271,2026-07-20 00:00:00,0.99466669231911
44640,464,-172.27970740042477,24.953921960569495,0.0,69.10556175576691,409.801151958552,0.26899752020835876,2.8917420589231995,916.3388547383167,2026-06-18 00:00:00,0.062848273183441
44736,465,-159.04146636434717,134.33054703969285,0.0,65.17808289155987,372.2794804624596,0.2653346359729767,2.879017099490926,896.0301186336673,2026-06-05 00:00:00,0.09332273254909973
44832,466,0.0,0.0,0.0,0.0,0.0,0.2633281946182251,2.8662655959624947,875.7199906163346,2026-06-20 00:00:00,0.377183782939044
44928,467,-148.78719799867937,28.320358734733315,0.0,70.93933735398434,308.2386945733204,0.26228755712509155,2.8520966734141373,855.4318169974904,2026-06-26 00:00:00,0.44999105896360514
45024,468,-143.93703278962835,12.290908649646138,0.0,69.68839308878142,294.04452805357977,0.26219362020492554,2.8376048312007343,835.188769776197,2026-06-19 00:00:00,0.4597780060682416
45120,469,0.0,0.0,0.0,0.0,0.0,0.26250535249710083,2.8190234939644934,815.0137357313617,2026-06-06 00:00:00,0.3002054104134412
45216,470,-177.43871754082252,20.807265688029307,0.0,62.36843728111302,457.7680083392249,0.26241886615753174,2.7981673129208993,794.9292087869323,2026-05-26 00:00:00,0.03197149938617738
45312,471,-175.5370568521622,117.79022524892407,0.0,65.06855587256759,439.00513524233185,0.25987228751182556,2.776751966779226,774.9571867548489,2026-07-09 00:00:00,0.03176625348153472
45408,472,-150.39252172016347,281.4368260290784,0.0,59.47292665117566,360.0235720846765,0.25772625207901,2.7562035250287957,755.1190734790814,2026-07-20 00:00:00,0.3332065484680402
45504,473,-99.3967399201306,25417.690233619207,40.0,38.56436431934464,241.08403484851505,0.2537131905555725,2.737041182070023,735.4355873053746,2026-05-21 00:00:00,0.8225938322685452
45600,474,-116.14708691095201,13631.282927708062,19.0,58.34503005479136,227.1542802389971,0.24838222563266754,3.097747399917298,865.2461554935921,2026-05-22 00:00:00,0.3084574039985192
45696,475,0.0,0.0,0.0,0.0,0.0,0.25064006447792053,3.8319994553476637,999.9999999999998,2026-07-04 00:00:00,0.34088598483414667
45792,476,-123.00107447120354,25118.877775951347,42.0,49.62020072401279,291.118254448482,0.25377246737480164,4.776724243630761,999.9999999999998,2026-05-21 00:00:00,0.026100972062712335
45888,477,0.0,0.0,0.0,0.0,0.0,0.2550128996372223,6.4996193996562,999.9999999999998,2026-07-04 00:00:00,0.8173941402226957
45984,478,-155.13964415796724,118.83747318088419,0.0,65.57697959980733,355.8505453372193,0.256270170211792,8.582510198637976,999.9999999999998,2026-06-24 00:00:00,0.5804425885506549
46080,479,-113.40961248558143,42.84837749356099,0.0,51.4769685654906,246.07017121606387,0.25793689489364624,11.050057729911089,999.9999999999998,2026-06-16 00:00:00,0.6125999936210011
46176,480,0.0,0.0,0.0,0.0,0.0,0.25630098581314087,14.080939425614735,999.9999999999998,2026-06-27 00:00:00,0.765838828388109
46272,481,-146.8709241452304,147.38545750832472,0.0,70.63560816409905,302.6089280408208,0.25999799370765686,16.59865743675873,999.9999999999998,2026-07-23 00:00:00,0.40297922042304135
46368,482,-156.62763275207845,277.38765702314527,0.0,63.17054070561886,370.45373512500566,0.26003915071487427,19.63323640033396,999.9999999999998,2026-07-20 00:00:00,0.7866390059609584
46464,483,-145.69767940989053,119.4856396624447,0.0,61.77924953165761,334.08061013690644,0.2610896825790405,23.476249104394153,999.9999999999998,2026-06-02 00:00:00,0.47391499978056295
46560,484,0.0,0.0,0.0,0.0,0.0,0.26425284147262573,28.31145136067722,999.9999999999998,2026-06-03 00:00:00,0.2898610461110943
46656,485,-143.33836097885788,160.24475755450217,0.0,68.06041684974701,299.8858931978996,0.27111828327178955,34.40319164720385,999.9999999999998,2026-06-05 00:00:00,0.8613664742371004
46752,486,0.0,0.0,0.0,0.0,0.0,0.2769968807697296,42.08148098076358,999.9999999999998,2026-05-24 00:00:00,0.09053695662580519
46848,487,-135.37440397042664,406.34226988999455,0.0,58.36793892759385,305.71171399543005,0.2785419821739197,51.743289852626184,999.9999999999998,2026-06-01 00:00:00,0.5536362143547361
46944,488,-153.31045323940683,125.93192464835111,0.0,63.66435940006735,355.95450232710283,0.2835131585597992,63.986738178871235,999.9999999999998,2026-06-08 00:00:00,0.31720432092744744
47040,489,0.0,0.0,0.0,0.0,0.0,0.29258811473846436,79.397902414297,999.9999999999998,2026-06-03 00:00:00,0.9852613830021009
47136,490,-153.28919327006005,86.39750890723552,0.0,66.99481011267976,341.99032496814823,0.30332136154174805,98.71836286959334,999.9999999999998,2026-07-01 00:00:00,0.83603458892776
47232,491,-147.28254211529776,141.35357781472402,0.0,65.73211607402583,322.7127200774618,0.31233081221580505,122.9524625718677,999.9999999999998,2026-06-05 00:00:00,0.5680323890260053
47328,492,-128.9172195155212,13578.392746648393,22.0,62.815912414651066,257.7434978605154,0.3168025016784668,153.30773325633115,999.9999999999998,2026-05-22 00:00:00,0.31822065315280224
47424,493,-148.70851019030647,129.73470018900463,0.0,61.17173220842292,345.79277514741574,0.32571712136268616,201.16877013628013,999.9999999999998,2026-06-23 00:00:00,0.8607553948613821
47520,494,-163.19776171165628,94.953624393911,0.0,63.87577781429222,394.32475959202515,0.34070301055908203,235.32120392235763,999.9999999999998,2026-07-15 00:00:00,0.08901958907039975
47616,495,-139.14267204595058,94.35171702969424,12.0,71.0052550047746,270.4927213099077,0.3596588969230652,256.2820938506677,999.9999999999998,2026-05-29 00:00:00,0.3838608450854114
47712,496,-156.06459412082953,20.13775924880189,13.0,64.1128383089666,363.6037700784763,0.37743324041366577,279.42862617216224,999.9999999999998,2026-05-26 00:00:00,0.17088512138706335
47808,497,-143.93126962904947,310.7639315337185,0.0,62.11566587286678,324.28131661589265,0.4037648141384125,261.12280513952135,999.9999999999998,2026-07-13 00:00:00,0.6383289492356532
47904,498,-132.27915384809515,156.2829001332041,0.0,66.65210172011936,260.275130818247,0.42364856600761414,241.69051787489036,999.9999999999998,2026-07-03 00:00:00,0.5972689110994548
48000,499,-131.04486342277397,123.68186087272115,5.0,64.58025947462207,262.824898922951,0.44042670726776123,224.7394776411972,999.9999999999998,2026-05-29 00:00:00,0.46545767298778096
48096,500,-138.07345265021038,125.88385790396856,0.0,68.80611934738766,274.762000783117,0.4632049798965454,209.79648770133923,999.9999999999998,2026-07-17 00:00:00,0.641106629437842
48192,501,-160.71775883084868,126.61551515512684,0.0,64.12908106224128,383.2738575449419,0.48046889901161194,196.54158885584354,999.9999999999998,2026-06-02 00:00:00,0.05425048921910536
48288,502,0.0,0.0,0.0,0.0,0.0,0.5024575591087341,184.55858375004695,999.9999999999998,2026-07-12 00:00:00,0.8921835962889185
48384,503,-131.38643928061464,132.07486148482934,0.0,62.85492954150387,272.1071653560892,0.5265198349952698,173.44821053690055,999.9999999999998,2026-07-17 00:00:00,0.7701170812501509
48480,504,-134.2092108641754,101.85183388151174,0.0,61.57436313017066,288.8226994214586,0.5455384254455566,163.31905905387907,999.9999999999998,2026-07-10 00:00:00,0.8880770933387925
48576,505,-148.27958870239263,87.1268628465968,0.0,66.61328736352007,323.3658683610608,0.5602089762687683,154.1189314581316,999.9999999999998,2026-07-08 00:00:00,0.9518460537211391
48672,506,-159.57368724816595,277.41548306137855,0.0,73.36369611414608,341.13391324470797,0.5760302543640137,145.6173148469683,999.9999999999998,2026-07-20 00:00:00,0.4700436808710168
48768,507,-152.731771058783,234.625426889324,0.0,62.580433314201606,356.43271222243806,0.5901450514793396,137.92447422646796,999.9999999999998,2026-07-21 00:00:00,0.2996000057234931
48864,508,-127.52502423937092,145.58529392042928,0.0,62.836156312249486,255.63309088752845,0.6081380844116211,130.70812918544775,999.9999999999998,2026-07-17 00:00:00,0.9624107747054862
48960,509,-153.46247773845096,243.3574254524019,13.0,60.570452846244905,366.24220527162186,0.6278344392776489,124.00151042722251,999.9999999999998,2026-07-14 00:00:00,0.1462763043249553
49056,510,-149.33384274769142,130.75838308545522,0.0,62.296707522863656,343.8149573029723,0.6463330984115601,117.86312618523691,999.9999999999998,2026-06-24 00:00:00,0.8097613932609853
49152,511,0.0,0.0,0.0,0.0,0.0,0.6617146730422974,112.14577719790547,999.9999999999998,2026-06-06 00:00:00,0.09210170558720077
49248,512,0.0,0.0,0.0,0.0,0.0,0.6761463284492493,106.72464542275078,999.9999999999998,2026-06-03 00:00:00,0.4018126650064471
49344,513,0.0,0.0,0.0,0.0,0.0,0.6918014287948608,96.87792027972776,999.9999999999998,2026-06-07 00:00:00,0.6983385537349108
49440,514,-203.33157192176162,92.9847962574181,0.0,64.98476023081604,550.4485252742857,0.701383113861084,88.26161226065791,999.9999999999998,2026-07-27 00:00:00,0.005787986487553298
49536,515,-135.13122550771274,126.01475888003358,0.0,60.90789934896917,294.7080625239669,0.7151736617088318,81.00665067976351,999.9999999999998,2026-07-17 00:00:00,0.9327912986951731
49632,516,-159.5544895450996,278.72123025895536,0.0,64.78089456282102,374.92785752393974,0.7314708232879639,74.78970794441504,999.9999999999998,2026-07-20 00:00:00,0.25166632396269284
49728,517,-151.16762082179176,75.30642077152532,0.0,62.97398921242972,350.5521905805236,0.7483258843421936,69.42137449100854,999.9999999999998,2026-07-08 00:00:00,0.33331162497387046
49824,518,-164.3671247659226,163.46175672076177,4.0,64.4833683489327,396.11625318569344,0.7637482285499573,64.64921328202612,999.9999999999998,2026-06-22 00:00:00,0.10963076809576322
49920,519,-170.99121028535228,128.22575744675513,3.0,65.57310955272345,417.415573806944,0.7830858826637268,60.3988728061497,999.9999999999998,2026-06-08 00:00:00,0.07403882154451247
50016,520,-136.69846140265435,70.4524484036438,0.0,61.53656803311465,298.41760133279786,0.7974680662155151,56.58542807077834,999.9999999999998,2026-05-29 00:00:00,0.33198763886225446
50112,521,-169.72938849032516,252.9327666339215,0.0,64.84825200119747,415.0116482571847,0.8126943707466125,53.133212840042766,999.9999999999998,2026-07-20 00:00:00,0.6994486913898131
50208,522,-147.947885453515,83.93250671622685,0.0,63.40639400668164,335.3365771596332,0.8251034617424011,50.00865724932038,999.9999999999998,2026-05-28 00:00:00,0.8230086155138548
50304,523,-166.48744726163906,88.97497545989542,9.0,64.97918785863567,401.4312590402591,0.831565797328949,47.162036666021514,999.9999999999998,2026-07-27 00:00:00,0.15935728222074008
50400,524,0.0,0.0,0.0,0.0,0.0,0.8434308171272278,44.54431094905098,999.9999999999998,2026-06-03 00:00:00,0.13240683365157258
50496,525,-127.42581333344405,1044.9381664679063,0.0,36.2540948450752,362.6409921509612,0.8513936400413513,42.12235376835861,999.9999999999998,2026-07-18 00:00:00,0.9091997008578516
50592,526,-153.87792301263724,83.14638757389439,0.0,60.513162805248875,371.5418687105319,0.8613517880439758,39.954580660380145,999.9999999999998,2026-06-23 00:00:00,0.45073192885436575
50688,527,-134.40072508724046,46.168841497382985,0.0,61.756148429633996,288.03065617363035,0.8639582395553589,37.92834915650519,999.9999999999998,2026-06-12 00:00:00,0.6721504420013932
50784,528,-164.4421806372374,243.32377502773414,0.0,65.08334314276735,393.7304999525591,0.8690903186798096,36.02343934102977,999.9999999999998,2026-07-13 00:00:00,0.3442980119601007
50880,529,0.0,0.0,0.0,0.0,0.0,0.8711920976638794,34.248138261837084,999.9999999999998,2026-07-28 00:00:00,0.8588896258614608
50976,530,-5.911615786681597,16.886656300654845,0.0,1.1969108121661556,18.63459624379159,0.8654040098190308,32.571620478138975,999.9999999999998,2026-07-11 00:00:00,0.5947750924923695
51072,531,-157.16686819479628,219.22211072936508,0.0,63.684991356434054,370.5682461176491,0.8639076352119446,30.99230708204061,999.9999999999998,2026-07-06 00:00:00,0.713194482224406
51168,532,-168.74625791354293,51.2985620615475,0.0,63.74838554706606,417.47714810596926,0.8675744533538818,29.520497742525425,999.9999999999998,2026-07-02 00:00:00,0.0457774777794403
51264,533,-138.00855346785772,404.05643868550186,0.0,51.19601598098751,343.3010292571797,0.8700315356254578,28.139057094934778,999.9999999999998,2026-06-01 00:00:00,0.4458932130087697
51360,534,-149.63863453618842,55.165742514567484,0.0,68.10187659543081,323.21924170187447,0.8726914525032043,26.85542367167464,999.9999999999998,2026-07-02 00:00:00,0.2107919370440675
51456,535,-6.825240204078567,16.886656300654845,0.0,1.351134642921134,21.695059048256745,0.8759321570396423,25.641963878036584,999.9999999999998,2026-07-11 00:00:00,0.18638433670178534
51552,536,0.0,0.0,0.0,0.0,0.0,0.8768855333328247,24.488863797788916,999.9999999999998,2026-07-25 00:00:00,0.28753238732290676
51648,537,-148.6212420517686,107.07868528625696,0.0,65.52452805398822,328.73844353131716,0.8777596354484558,23.385733299791895,999.9999999999998,2026-07-15 00:00:00,0.4802072141677012
51744,538,0.0,0.0,0.0,0.0,0.0,0.8703537583351135,22.341416736154265,999.9999999999998,2026-07-29 00:00:00,0.5851821729517737
51840,539,-153.6825340819912,117.73907499348277,0.0,62.97993539122674,358.5315752860403,0.8634107708930969,21.346155881718104,999.9999999999998,2026-06-23 00:00:00,0.8663207478369066
51936,540,0.0,0.0,0.0,0.0,0.0,0.8612886071205139,20.401782712119385,999.9999999999998,2026-07-25 00:00:00,0.09117691718172805
52032,541,-150.47613792543436,46.550967631407175,0.0,66.59173397317015,333.2528477982471,0.8532967567443848,19.503628470447726,999.9999999999998,2026-07-16 00:00:00,0.7483280193946741
52128,542,-156.77861637263484,207.82978694720293,0.0,65.92946254884455,358.8378995923353,0.8462824821472168,18.644778639544683,999.9999999999998,2026-07-06 00:00:00,0.5982149504303561
52224,543,-148.65564918825996,25.144708852971235,0.0,66.73168087180638,324.5861338250653,0.8420369625091553,17.832453405513164,999.9999999999998,2026-05-26 00:00:00,0.8858917106030632
52320,544,-153.5894566145714,210.5344942413718,0.0,67.75428590230408,338.769383704935,0.83625328540802,17.059142242728587,977.5505093023888,2026-07-06 00:00:00,0.8358464219563214
52416,545,-106.03668187585656,65.71952467508859,2.0,46.901891177432304,233.54127942355098,0.8246263861656189,16.329075466541045,951.3466674018036,2026-06-16 00:00:00,0.5310917186053088
52512,546,-149.1700789426059,98.26345592332324,0.0,67.88540835846602,321.888450391169,0.8167098164558411,15.610864003169757,934.5243620090635,2026-07-15 00:00:00,0.8804607863373021
52608,547,-135.8831791537833,38.743179233368046,6.0,61.82050419752172,293.8906296308589,0.8044388890266418,14.927124587166016,918.4761382976118,2026-06-12 00:00:00,0.3115874313875946
52704,548,-157.01618640145804,114.08464439369685,0.0,64.74444434838296,366.6244430524398,0.8085487484931946,14.277617228414389,931.3653746046933,2026-07-17 00:00:00,0.1718422919360657
52800,549,-155.74693334157428,120.5643903187222,0.0,69.88926459049686,341.33398897502445,0.8036219477653503,13.657625188620308,948.5500561573404,2026-07-09 00:00:00,0.43761724520540823
52896,550,-161.6424529956915,106.09965825970937,0.0,68.62502881592151,369.87221083985753,0.7963097095489502,13.070349010697607,967.2375360609058,2026-06-24 00:00:00,0.6621574083765966
52992,551,-162.36300199267916,98.63183834298198,0.0,64.98978025787007,385.94643405721223,0.7902237772941589,12.513374188728337,987.6055610936739,2026-06-23 00:00:00,0.2826037576728103
53088,552,-147.03110195073145,95.96567099753308,0.0,67.90971740594388,313.8280157181583,0.7835186719894409,11.980843017921357,999.9999999999998,2026-07-15 00:00:00,0.7826671015467064
53184,553,-155.1026539240733,235.80318106553852,0.0,63.56285323106584,362.29920766264087,0.770476758480072,11.474060744423468,999.9999999999998,2026-07-06 00:00:00,0.26872101387574143
53280,554,-169.54850665497742,18.467273463928496,0.0,61.57926497758915,428.99559042513266,0.7682586908340454,10.988301765739992,999.9999999999998,2026-06-19 00:00:00,0.02259014456797559
53376,555,-149.11227836242654,24961.110767051672,0.0,70.67382069011302,308.5758892072373,0.7592151165008545,10.524444343562976,999.9999999999998,2026-05-21 00:00:00,0.2869656286897907
53472,556,-155.0178575752921,37.712324305351835,0.0,68.72797613777341,342.7623020398109,0.7489564418792725,10.465601644866256,999.9999999999998,2026-07-24 00:00:00,0.9957557497232645
53568,557,-157.47483777699543,240.15150379728934,0.0,62.35589979092934,376.52072673460293,0.7469536066055298,10.447519369616428,999.9999999999998,2026-07-21 00:00:00,0.39424125364048224
53664,558,-161.9593985846757,140.0230212771611,2.0,63.347612533787824,389.59637554064176,0.737769603729248,10.431008938019252,999.9999999999998,2026-06-08 00:00:00,0.07135208976109875
53760,559,-165.8024180535703,124.3160298180539,0.0,68.50081224548266,387.3877903867702,0.7316421270370483,10.416549015820182,999.9999999999998,2026-06-04 00:00:00,0.28958281511390416
53856,560,-150.26466037246215,72.64075083890755,0.0,65.9541817718492,335.57843612094007,0.7257060408592224,10.401818036754607,999.9999999999998,2026-07-08 00:00:00,0.49980623193768425
53952,561,-160.63268217662994,25.75767646959196,0.0,69.66608242928397,361.87312373044733,0.7211100459098816,10.387874643015431,999.9999999999998,2026-06-26 00:00:00,0.5508967514573754
54048,562,-154.71282117715887,60.555558636082715,0.0,65.74560638828774,353.3087837335548,0.7126175165176392,10.373004043508908,999.9999999999998,2026-05-29 00:00:00,0.2647923326633309
54144,563,0.0,0.0,0.0,0.0,0.0,0.7075302004814148,10.35417559807281,999.9999999999998,2026-06-27 00:00:00,0.0568171940071065
54240,564,-163.63271409453353,116.97891996795481,0.0,68.36008677360353,379.35157811183046,0.7039667963981628,10.333577535864492,999.9999999999998,2026-06-04 00:00:00,0.5144573152296003
54336,565,-172.12674284120428,21.89468714251387,0.0,62.69031243370912,435.08734004302096,0.6978076696395874,10.309757004661634,999.9999999999998,2026-05-26 00:00:00,0.04311863630361634
54432,566,-138.43189231745177,23259.039448686806,0.0,65.64477779059952,286.2895844416714,0.6932476162910461,10.28355286856686,999.9999999999998,2026-05-19 00:00:00,0.923027037672319
54528,567,-150.0704694185879,10.097709734057583,0.0,64.49881776954089,340.0180879433516,0.6957036852836609,10.885956396308544,999.9999999999998,2026-06-19 00:00:00,0.9135672006487302
54624,568,-158.65513047293848,9.368934395391532,0.0,68.78080889014798,357.97606601971836,0.7023211717605591,11.659315427333594,964.7683529025685,2026-06-19 00:00:00,0.38904052298051917
54720,569,0.0,0.0,0.0,0.0,0.0,0.7064802646636963,12.566259068413721,924.5617615779978,2026-07-28 00:00:00,0.1299536087029013
54816,570,-162.1752875131668,130.4116057749384,0.0,66.47150457023173,381.1493719602557,0.7129755616188049,13.637179990301979,886.1737761154176,2026-06-24 00:00:00,0.3052377946731021
54912,571,-159.30100180973915,122.9825756682851,0.0,69.37342449903508,357.93877107187717,0.7217362523078918,14.919790087420735,849.5084148851444,2026-06-24 00:00:00,0.8825295973854708
55008,572,-166.67000627792518,43.34688060465466,0.0,63.536294163111975,410.9814723441534,0.7154974937438965,16.47035996789531,814.4758215887914,2026-07-16 00:00:00,0.0999113038756203
55104,573,-152.40344932834097,60.07564871956406,0.0,62.4474230913804,356.9540145989406,0.7050180435180664,18.355116575906703,780.9920387252665,2026-06-09 00:00:00,0.8518280956105048
55200,574,0.0,0.0,0.0,0.0,0.0,0.6969980001449585,20.65193750713303,748.9785079867779,2026-05-31 00:00:00,0.004060139599921464
55296,575,-144.32126561819942,66.66458432655047,0.0,61.394973189850816,330.51786501340564,0.693712055683136,23.48818301972318,718.3616229844602,2026-06-09 00:00:00,0.9481031673725421
55392,576,-153.83359829675405,347.6057925606682,0.0,55.0361747492771,392.99029581259833,0.6988294720649719,23.354928702292728,689.0723278890891,2026-06-01 00:00:00,0.07035896712411627
55488,577,0.0,0.0,0.0,0.0,0.0,0.6973797082901001,22.91704387111725,661.045756453441,2026-07-05 00:00:00,0.33411076541565055
55584,578,0.0,0.0,0.0,0.0,0.0,0.6832605600357056,22.44710640178733,634.2209066393999,2026-07-26 00:00:00,0.723822912377529
55680,579,-152.10527056080593,86.72905015961558,0.0,62.26155674784324,356.2712449219672,0.6786051392555237,21.952801687272903,594.5449484012179,2026-05-25 00:00:00,0.9340924339768059
55776,580,-97.10406861015844,74.03637869736802,0.0,52.34147433695777,177.82506074521106,0.6770584583282471,21.45120437606838,557.3927969522637,2026-06-16 00:00:00,0.8594617966741378
55872,581,0.0,0.0,0.0,0.0,0.0,0.669030487537384,20.950026300821154,523.7631941412152,2026-06-27 00:00:00,0.13179438426296475
55968,582,-161.21774026510965,49.42275647027619,0.0,69.14384307626578,366.68679493149807,0.6680752635002136,20.446699665531714,493.1484173447583,2026-07-16 00:00:00,0.1294659985895601
56064,583,-156.9090274965191,107.10996906660088,0.0,66.87507348381939,358.21880078140043,0.6651126146316528,19.94361686768721,465.14013815157597,2026-07-17 00:00:00,0.25452635202749674
56160,584,-158.15446242595016,217.70365099871665,0.0,60.77365767880086,387.3230967358945,0.6544466614723206,19.45758766770431,439.4053872050281,2026-07-21 00:00:00,0.21061562466557926
56256,585,-161.23829070590295,23.442249844810302,0.0,61.530316037239245,397.42048997930436,0.6481600403785706,18.988958835514868,415.6692932751523,2026-05-26 00:00:00,0.08250684948054088
56352,586,-149.214670647239,20.901012947600627,0.0,63.49185068223994,339.7833363417231,0.6520057320594788,18.523931815070274,393.7024655142546,2026-05-26 00:00:00,0.9875592701943929
56448,587,-155.343895222928,284.54845039746806,0.0,64.1706555397718,360.3963675336314,0.647399365901947,15.645756120097605,373.3116013770398,2026-07-13 00:00:00,0.9041578108646146
56544,588,-142.97524547022357,13.540316019901406,0.0,70.62452206153604,286.7343413181229,0.6305990219116211,13.553103359395122,354.3323823408699,2026-06-19 00:00:00,0.5953988631758406
56640,589,0.0,0.0,0.0,0.0,0.0,0.6255019307136536,12.014221732857143,336.6240224123869,2026-05-31 00:00:00,0.5140893993991013
56736,590,-108.80901709549822,22313.649381805026,0.0,55.12251320971087,212.65182129252605,0.6124666333198547,10.809233262490563,320.06503052101937,2026-05-20 00:00:00,0.608173259386465
56832,591,0.0,0.0,0.0,0.0,0.0,0.6017064452171326,10.56521802406339,304.54987779517444,2026-06-03 00:00:00,0.07419603256898832
56928,592,-131.47752690993357,36.55969005209297,0.0,67.62207300557225,252.46157976086513,0.5935824513435364,10.400718982317569,289.98634851495444,2026-06-12 00:00:00,0.26709268876336234
57024,593,-147.3876185798858,26.3601310821503,0.0,65.27207098583752,324.5558845525925,0.5797502398490906,10.233032716701182,276.2934139764571,2026-05-26 00:00:00,0.79816417255918
57120,594,-156.29868024231607,207.20596558404696,0.0,62.252267261180506,373.1784686762905,0.5800654888153076,10.061730041439553,263.39951080941637,2026-07-21 00:00:00,0.8235637361892387
57216,595,0.0,0.0,0.0,0.0,0.0,0.5869264006614685,9.896174616419628,251.24113535630656,2026-07-26 00:00:00,0.05164604808548212
57312,596,0.0,0.0,0.0,0.0,0.0,0.5837147235870361,9.726683400331336,239.76168738781743,2026-06-03 00:00:00,0.8256172816491211
57408,597,-162.23831243406593,132.0514823949396,0.0,62.820461535164995,394.0346137763829,0.5727679133415222,9.541264744255683,228.91051224460605,2026-06-22 00:00:00,0.9946293883354808
57504,598,0.0,0.0,0.0,0.0,0.0,0.5619913935661316,9.358364281882077,218.6421021760501,2026-07-29 00:00:00,0.5889818220238222
57600,599,-164.80340841353245,104.40813898072257,0.0,75.20853913962925,355.6078329735386,0.5424261689186096,9.17474288022828,208.9154263690456,2026-07-03 00:00:00,0.1074947372411672
57696,600,-151.32542988406792,209.9473117489349,0.0,62.32886625482691,351.90855208021026,0.5400240421295166,8.99075752307605,199.69336573954632,2026-07-06 00:00:00,0.901695239533339
57792,601,0.0,0.0,0.0,0.0,0.0,0.5384702086448669,8.811433227348832,190.9422335701153,2026-07-12 00:00:00,0.8676375441968633
57888,602,-155.42366266075,107.45898355895795,0.0,61.50139215415416,374.363894306035,0.538814127445221,8.631752485165594,182.6313669262887,2026-06-02 00:00:00,0.13517081812261045
57984,603,0.0,0.0,0.0,0.0,0.0,0.5449119806289673,8.453698476795859,174.73277676667496,2026-07-12 00:00:00,0.049005438174652194
58080,604,-6.786737037216944,16.886656300654845,0.0,1.4326690102625017,21.282199588575004,0.5406085848808289,8.270877699287759,167.22084698986816,2026-07-11 00:00:00,0.5741822775576378
58176,605,-105.0100951718007,22547.050377149004,17.0,51.71594849792703,210.01129296164953,0.534668505191803,8.07918631939589,160.0720744921423,2026-05-20 00:00:00,0.16522808869890937
58272,606,-157.17254267568916,90.28780151393785,0.0,67.60138532004257,356.39519845009943,0.5260958075523376,8.884866278542288,175.34684167951312,2026-07-01 00:00:00,0.22763016235344613
58368,607,-146.47955874874756,113.58591665395136,0.0,65.75638751430643,319.78975695611706,0.5291124582290649,9.991431943864015,196.62691374737983,2026-07-03 00:00:00,0.2416807654642762
58464,608,-148.17819840891266,102.66400005009157,0.0,66.07292600109766,325.3941523777197,0.5320075154304504,11.348153668463203,222.88256359601235,2026-07-15 00:00:00,0.5719771574984415
58560,609,-115.02236149013531,23428.291889838314,24.0,50.83486238271445,253.61031080715995,0.546755313873291,13.042036925467192,255.5060745989891,2026-05-19 00:00:00,0.21130133692419473
58656,610,-130.5788823519489,25333.968898823372,0.0,68.76228862138905,245.606074210548,0.5439233779907227,17.26375847484983,353.53236710286524,2026-05-21 00:00:00,0.9926327022848743
58752,611,-156.09200608001788,315.3805318626864,0.0,64.8548885051602,361.22073951777105,0.5499356389045715,22.821076982597965,471.98301435378,2026-07-13 00:00:00,0.18977749157347068
58848,612,-155.09901010378687,37.80227336339766,0.0,69.85903413839945,338.8635702246474,0.5525025725364685,29.615003058288,614.4185529386326,2026-05-27 00:00:00,0.9058410567174698
58944,613,0.0,0.0,0.0,0.0,0.0,0.568077564239502,37.95152027204261,788.7691273530861,2026-06-06 00:00:00,0.32576048740278984
59040,614,0.0,0.0,0.0,0.0,0.0,0.5829156637191772,48.24742098596156,999.9999999999998,2026-06-28 00:00:00,0.8405727291536609
59136,615,-149.98213373931276,88.18481945747007,0.0,62.41482536092112,348.39826123604445,0.5877143740653992,60.97542236282201,999.9999999999998,2026-07-10 00:00:00,0.6165675045500685
59232,616,-141.7796411641055,278.4072270724945,0.0,60.50085586655679,323.09436200227833,0.5945518016815186,76.83344265230708,999.9999999999998,2026-07-14 00:00:00,0.84741921796026
59328,617,-155.7301810414259,238.463683930289,0.0,68.05389271297287,346.9894850039521,0.6068238019943237,96.69365176098624,999.9999999999998,2026-07-21 00:00:00,0.8748462612078802
59424,618,-191.77250475255906,249.5434425817047,0.0,65.91551935258803,499.8888182331904,0.6231158971786499,121.51049640975955,999.9999999999998,2026-07-13 00:00:00,0.036930325626949756
59520,619,-149.8989815946306,109.01787668386436,0.0,69.19643954366505,319.3745331206314,0.6317342519760132,152.61121414688128,999.9999999999998,2026-07-15 00:00:00,0.8149571388109225
59616,620,-139.82393103169926,13.036130996043152,0.0,66.93717713881158,289.33328047562253,0.6661739349365234,191.43500999848004,999.9999999999998,2026-06-19 00:00:00,0.3418148759029055
59712,621,-137.2521073461006,22.248230369829095,0.0,61.63433253951523,300.095739355997,0.6741510629653931,239.73280447070363,999.9999999999998,2026-05-26 00:00:00,0.817728350096226
59808,622,0.0,0.0,0.0,0.0,0.0,0.6869893670082092,300.0743061876519,999.9999999999998,2026-05-24 00:00:00,0.7439740108378076
59904,623,0.0,0.0,0.0,0.0,0.0,0.7140682935714722,375.3266155406663,999.9999999999998,2026-05-24 00:00:00,0.7919547436053025
60000,624,0.0,0.0,0.0,0.0,0.0,0.7403750419616699,469.3639508882626,999.9999999999998,2026-07-26 00:00:00,0.6193218041448463
60096,625,-150.76497461183578,49.46745554000624,0.0,72.32241938454689,311.82243217054696,0.780366063117981,586.867535985844,999.9999999999998,2026-05-27 00:00:00,0.37600651344198366
60192,626,-160.84633899444742,149.67442795836732,0.0,66.56718413351769,374.57015874324196,0.8217427730560303,668.5341202358836,999.9999999999998,2026-06-22 00:00:00,0.7336308530574458
60288,627,-130.63612306955022,17.066953100507167,0.0,63.91073289667293,265.25400283134326,0.8614341020584106,762.5866228282432,999.9999999999998,2026-06-19 00:00:00,0.733397352958057
60384,628,-149.54419733531537,142.88091096875232,0.0,70.15677170775861,315.7867329937114,0.9022703766822815,879.4276057663311,999.9999999999998,2026-07-03 00:00:00,0.26562564898175123
60480,629,0.0,0.0,0.0,0.0,0.0,0.9419568777084351,999.9999999999998,999.9999999999998,2026-05-31 00:00:00,0.9554543662348354
60576,630,-153.36082163307407,24.590976653642745,0.0,68.0417798300392,339.3271890272333,0.9828979969024658,997.4784942480461,986.2510891832446,2026-06-18 00:00:00,0.732667383125959
60672,631,-158.1147483826785,148.91201512866223,7.0,62.75834828654027,377.7929523428674,1.0219210386276245,857.095402403082,967.829994393951,2026-06-22 00:00:00,0.24619452807482323
60768,632,-135.27404852455393,234.08728486425645,0.0,64.08040636428349,282.7604780448036,1.0649698972702026,747.8684945311238,972.622152266942,2026-07-07 00:00:00,0.6639050021327553
60864,633,-5.86484294329248,16.886656300654845,0.0,1.2922583034301827,18.230891694128985,1.1079175472259521,666.3087171070196,980.2765731442075,2026-07-11 00:00:00,0.8662187853745429
60960,634,-144.1700448222618,252.67839180634226,0.0,62.39806052050699,325.4061079966483,1.1512047052383423,601.6514989491764,988.4351067167804,2026-07-14 00:00:00,0.1925539405604847
61056,635,-141.69225187826962,53.803363221104085,16.0,63.96990099010384,305.4853426798882,1.190517783164978,548.9039943776793,997.1385322463863,2026-07-16 00:00:00,0.247794685149194
61152,636,0.0,0.0,0.0,0.0,0.0,1.2279200553894043,504.3391118374039,999.9999999999998,2026-07-12 00:00:00,0.41209758485856174
61248,637,-161.4659950671227,58.82701336397006,9.0,65.74038612629047,376.7396910948354,1.2679818868637085,465.66179157313474,999.9999999999998,2026-07-02 00:00:00,0.07034118634833586
61344,638,-6.858274856706471,16.886656300654845,0.0,1.2083034202902248,22.566216669699102,1.3059637546539307,431.751102124672,999.9999999999998,2026-07-11 00:00:00,0.3032942666906353
61440,639,0.0,0.0,0.0,0.0,0.0,1.342163324356079,401.661809224535,999.9999999999998,2026-07-28 00:00:00,0.5563362840716777
61536,640,-129.69865738773586,435.9365416970599,0.0,51.80341603286898,309.2530583503011,1.377333402633667,374.8347793852493,999.9999999999998,2026-06-01 00:00:00,0.925363472842199
61632,641,-168.13680892482503,120.62406480036799,0.0,63.9194894383981,412.3242666408167,1.4135371446609497,351.13972751218313,999.9999999999998,2026-07-23 00:00:00,0.06687217874549511
61728,642,-6.217568625900582,16.886656300654845,1.0,1.3522295517368241,19.385567072745655,1.447107195854187,329.8297705506651,999.9999999999998,2026-07-11 00:00:00,0.6988910395157476
61824,643,-157.67358595713583,235.5463051247178,3.0,61.395708426259354,382.8490498133395,1.481379747390747,310.46517547153985,999.9999999999998,2026-07-14 00:00:00,0.34723302643969134
61920,644,-138.09800266779757,33.11960451147196,0.0,65.1935646963626,286.4827193261861,1.5198535919189453,292.89779790012614,999.9999999999998,2026-06-12 00:00:00,0.23540950800670124
62016,645,-142.48480375332596,15.289256583399265,0.0,68.03615185421236,294.00164237155275,1.5591965913772583,276.7778777399757,999.9999999999998,2026-06-19 00:00:00,0.3900510923739039
62112,646,-153.38658011638694,98.88043072099565,0.0,60.39106637648678,371.44126170509475,1.5916389226913452,261.8835637489895,999.9999999999998,2026-06-02 00:00:00,0.6188355648106904
62208,647,-140.49858748738396,23182.646557044398,7.0,61.85721855880783,308.25189622033855,1.63888680934906,248.06743896788058,999.9999999999998,2026-05-19 00:00:00,0.5190405610716256
62304,648,-158.17467635580704,114.6203654348798,0.0,66.29004388105763,363.4871096780042,1.686421513557434,245.59402835382687,999.9999999999998,2026-07-15 00:00:00,0.1746854202455057
62400,649,-138.63784289447574,23169.698875574617,8.0,60.894363149087106,306.0719870929443,1.7329180240631104,244.18322710439554,999.9999999999998,2026-05-19 00:00:00,0.9625042969941626
62496,650,-153.95043599255115,362.8592930057994,0.0,53.97324923675755,397.85818580655206,1.7787526845932007,254.85913294524826,999.9999999999998,2026-06-01 00:00:00,0.07409406106022998
62592,651,-159.70612991205547,198.944063153561,0.0,67.00412699958223,366.7959464968878,1.8259320259094238,268.619829497411,999.9999999999998,2026-07-06 00:00:00,0.3596009355718949
62688,652,0.0,0.0,0.0,0.0,0.0,1.8629354238510132,284.53310254538474,999.9999999999998,2026-06-07 00:00:00,0.03513194312835033
62784,653,-152.65298255517092,81.55897910620027,0.0,61.81707186188984,360.4281809982137,1.9015014171600342,302.8099657468898,999.9999999999998,2026-05-25 00:00:00,0.8052601365754429
62880,654,-170.0235510843037,218.30059133558015,0.0,66.2947985144627,411.161873014447,1.9417258501052856,324.1999287424815,999.9999999999998,2026-07-20 00:00:00,0.4006434148412844
62976,655,-152.1218259140292,244.41148937168572,0.0,62.67809169645554,355.5891178618697,1.9854296445846558,349.35520983328354,999.9999999999998,2026-07-14 00:00:00,0.43145243884433004
63072,656,0.0,0.0,0.0,0.0,0.0,2.0273234844207764,379.4720143894843,999.9999999999998,2026-05-30 00:00:00,0.9962114089465678
63168,657,-141.90855918862175,98.46141273180861,0.0,63.99828942137816,307.13365771561826,2.0532755851745605,415.58977626228386,999.9999999999998,2026-07-01 00:00:00,0.90289572850239
63264,658,0.0,0.0,0.0,0.0,0.0,2.087428569793701,459.3268255953237,999.9999999999998,2026-05-30 00:00:00,0.5998537285274904
63360,659,-105.03676132229975,22913.631159631466,5.0,54.8913395526568,194.6647427264121,2.1114799976348877,512.6305192947999,999.9999999999998,2026-05-20 00:00:00,0.2835649556844262
63456,660,-158.43000265931596,81.41428250832573,0.0,67.69166961170771,361.22904603123555,2.154576539993286,640.2612161820921,999.9999999999998,2026-05-28 00:00:00,0.4825173225082826
63552,661,-150.6385328331374,40.473573668636,0.0,66.70522630875436,333.055354027486,2.189338445663452,804.876219583467,999.9999999999998,2026-05-27 00:00:00,0.9445844977058245
63648,662,-126.21847112501287,1919.7990930467586,0.0,26.1167247805254,397.41500653660546,2.2255911827087402,999.9999999999998,999.9999999999998,2026-07-19 00:00:00,0.2192342323314127
63744,663,-154.00335793454443,52.01659225985378,0.0,72.79339051948901,323.77322967538544,2.2477104663848877,999.9999999999998,999.9999999999998,2026-07-16 00:00:00,0.973899688289065
63840,664,-160.2373907631963,142.3112491247893,0.0,69.76288275283449,359.06716416577757,2.2829573154449463,999.9999999999998,999.9999999999998,2026-06-05 00:00:00,0.3921696954354922
63936,665,-169.39622865554327,158.22224979588876,0.0,70.7782692524617,391.59013109826594,2.3112740516662598,999.9999999999998,999.9999999999998,2026-06-22 00:00:00,0.7660505371325526
64032,666,-149.16250000324456,52.395981531568154,0.0,71.1798895440473,309.35514970996445,2.3104095458984375,999.9999999999998,999.9999999999998,2026-07-02 00:00:00,0.9307798402078945
64128,667,-164.20466271069088,147.48829039623837,0.0,66.83435048638613,387.7888221750999,2.3293347358703613,999.9999999999998,999.9999999999998,2026-06-04 00:00:00,0.5501546990215208
64224,668,-10.085691888176347,16.886656300654845,0.0,1.4563577252923414,34.34250839755157,2.351698398590088,999.9999999999998,999.9999999999998,2026-07-11 00:00:00,0.004889708988459307
64320,669,-149.82906910977337,24966.03786410481,9.0,70.03485109102469,313.63096860832974,2.3773694038391113,999.9999999999998,999.9999999999998,2026-05-21 00:00:00,0.5625072488407451
64416,670,-165.0375302273479,63.87055218108244,0.0,71.63337502489819,369.34711584873037,2.3921620845794678,999.9999999999998,999.9999999999998,2026-06-25 00:00:00,0.14653354002311714
64512,671,-141.51336172671876,23120.25650908691,6.0,63.96201491920328,305.0003969877197,2.4406235218048096,999.9999999999998,999.9999999999998,2026-05-19 00:00:00,0.5251410810167607
64608,672,0.0,0.0,0.0,0.0,0.0,2.4760379791259766,999.9999999999998,999.9999999999998,2026-06-21 00:00:00,0.8824359093208677
64704,673,0.0,0.0,0.0,0.0,0.0,2.504812002182007,999.9999999999998,999.9999999999998,2026-06-27 00:00:00,0.033855088261710575
64800,674,-154.9426102528873,334.1965030034171,9.0,63.282881080286494,361.27585680555825,2.5301663875579834,999.9999999999998,999.9999999999998,2026-07-13 00:00:00,0.4539078693534937
64896,675,0.0,0.0,0.0,0.0,0.0,2.551909923553467,999.9999999999998,999.9999999999998,2026-07-29 00:00:00,0.047552065902515706
64992,676,-162.7862534921994,285.809083011422,0.0,67.42089541299963,378.10878236433274,2.5938122272491455,999.9999999999998,999.9999999999998,2026-06-29 00:00:00,0.802296658868376
65088,677,-161.69140002161993,55.86575308805009,0.0,64.82291283023349,383.57539349046544,2.6176483631134033,999.9999999999998,999.9999999999998,2026-07-16 00:00:00,0.059800015095278325
65184,678,0.0,0.0,0.0,0.0,0.0,2.648693561553955,999.9999999999998,999.9999999999998,2026-07-28 00:00:00,0.41663987969234717
65280,679,-142.34534128466743,42.72732106721595,0.0,62.45063272884619,316.4436886132403,2.6659250259399414,999.9999999999998,999.9999999999998,2026-05-27 00:00:00,0.42640272432021764
65376,680,-122.32589400933897,22142.548904805368,0.0,58.425884170877815,252.4870107952772,2.722673177719116,999.9999999999998,999.9999999999998,2026-05-20 00:00:00,0.21818978512979093
65472,681,0.0,0.0,0.0,0.0,0.0,2.766036033630371,999.9999999999998,999.9999999999998,2026-06-21 00:00:00,0.6087020563929572
65568,682,-161.84573951955844,90.63415209668061,0.0,73.5926493208514,352.29480476512555,2.8203248977661133,999.9999999999998,999.9999999999998,2026-05-28 00:00:00,0.933623150490884
65664,683,-153.69880215316672,114.23447547455761,0.0,64.94900569521586,353.50629803370254,2.888699531555176,999.9999999999998,999.9999999999998,2026-06-02 00:00:00,0.9841145388648305
65760,684,-161.0667349927544,291.7953713432085,0.0,61.78453605429481,393.27678692584414,2.903940200805664,999.9999999999998,999.9999999999998,2026-07-20 00:00:00,0.43213761038457765
65856,685,-151.79971157118322,107.62005535848705,0.0,67.22530605505793,333.8636021609918,2.926539897918701,999.9999999999998,999.9999999999998,2026-07-03 00:00:00,0.38872029522853135
65952,686,0.0,0.0,0.0,0.0,0.0,3.0109589099884033,999.9999999999998,999.9999999999998,2026-07-28 00:00:00,0.49584097710807473
66048,687,-136.73306374352072,112.10338515690354,0.0,62.55572308441413,294.6156121407391,3.0350446701049805,999.9999999999998,999.9999999999998,2026-07-08 00:00:00,0.8930574246969707
66144,688,-159.188352771494,252.26770827452253,0.0,68.05611782634821,362.17822350262617,3.0602169036865234,999.9999999999998,999.9999999999998,2026-06-29 00:00:00,0.7125342545061368
66240,689,-149.42946762500912,69.64574754484157,8.0,60.351325777801534,353.06041512583477,3.0251152515411377,999.9999999999998,999.9999999999998,2026-06-09 00:00:00,0.26964706060202226
66336,690,0.0,0.0,0.0,0.0,0.0,2.975270986557007,999.9999999999998,999.9999999999998,2026-07-25 00:00:00,0.4006621931443969
66432,691,-149.91252917677014,43.75968600129348,0.0,66.99353739415963,328.03253231228314,2.953494071960449,999.9999999999998,999.9999999999998,2026-07-16 00:00:00,0.6351041274595594
66528,692,0.0,0.0,0.0,0.0,0.0,2.912421226501465,993.1385795811087,999.9999999999998,2026-07-12 00:00:00,0.404516241428566
66624,693,-167.76879629437983,173.4792388488766,0.0,63.22877036076579,413.21256740956017,2.8849432468414307,983.4555193843935,999.9999999999998,2026-06-22 00:00:00,0.18985041120987756
66720,694,0.0,0.0,0.0,0.0,0.0,2.88641357421875,973.9167929088125,999.9999999999998,2026-07-26 00:00:00,0.7428321310148489
66816,695,0.0,0.0,0.0,0.0,0.0,2.856666326522827,963.3318365181843,999.9999999999998,2026-07-26 00:00:00,0.2928089496868308
66912,696,-169.1722331973661,139.3221637856926,0.0,73.87228261359662,380.45033815509777,2.859532356262207,952.3917938581448,999.9999999999998,2026-06-04 00:00:00,0.850859853419467
67008,697,-159.94704057110246,216.993322549405,0.0,62.76102242795455,385.84172515601693,2.8501975536346436,940.8073136066033,999.9999999999998,2026-07-21 00:00:00,0.2709838205892263
67104,698,-141.80272180235337,131.62646960706786,0.0,65.58673464576897,299.2575079411401,2.846273183822632,929.3463002808804,999.9999999999998,2026-07-17 00:00:00,0.3643967228440719
67200,699,-149.4920516299786,88.62966625198665,0.0,67.86276184434423,323.7382628015166,2.8376896381378174,918.0255083836322,999.9999999999998,2026-07-01 00:00:00,0.7528007325846825
67296,700,-153.39044339108526,109.8656930567634,0.0,70.77566381810612,328.65725895341444,2.861346483230591,906.6126323072581,999.9999999999998,2026-07-22 00:00:00,0.9095042741453294
67392,701,-111.14251716809073,22415.14143140681,5.0,54.23107645780432,222.5407334236507,2.9650521278381348,837.8801428656384,999.9999999999998,2026-05-20 00:00:00,0.40713156841119447
67488,702,-147.3328324974486,251.35476567930888,7.0,55.2374513483704,364.77215094664206,3.0025417804718018,823.2663396241351,999.9999999999998,2026-07-14 00:00:00,0.7351039184145929
67584,703,-150.31887942283555,146.94430235546957,0.0,67.86564770459727,328.1617409923518,3.074284076690674,814.5213090272651,999.9999999999998,2026-07-23 00:00:00,0.9891138465942616
67680,704,-153.7059108664475,91.05122272913557,0.0,70.44603079457399,330.97627268946195,3.092529773712158,805.6731681481886,999.9999999999998,2026-07-15 00:00:00,0.5618834270382886
67776,705,-149.83665191466238,51.59203068060671,0.0,71.82512791700738,310.1322096765731,3.084068775177002,796.0868528867583,999.9999999999998,2026-07-02 00:00:00,0.5019028251907682
67872,706,-149.3522542765666,50.119392334648964,0.0,68.35329903426683,322.17208161535837,3.062673807144165,786.0755133159645,999.9999999999998,2026-07-02 00:00:00,0.7628953890278277
67968,707,-138.04077486677727,137.16577934517872,0.0,65.68390118708614,285.74128536001285,3.0421364307403564,775.9674513471908,999.9999999999998,2026-07-17 00:00:00,0.3180411509692792
68064,708,0.0,0.0,0.0,0.0,0.0,3.0255167484283447,765.7299613951393,999.9999999999998,2026-07-05 00:00:00,0.018770810845203934
68160,709,-170.53374790457738,119.68820454868927,0.0,73.14997119702133,387.84546166084687,3.0863404273986816,754.5808757731945,999.9999999999998,2026-06-05 00:00:00,0.3781991857716913
68256,710,0.0,0.0,0.0,0.0,0.0,3.1377882957458496,743.3093753264151,999.9999999999998,2026-06-06 00:00:00,0.5334089005008029
68352,711,0.0,0.0,0.0,0.0,0.0,3.0973730087280273,731.8677210465199,999.9999999999998,2026-07-05 00:00:00,0.4763943754241363
68448,712,-163.19779565941872,27.78893651762266,0.0,73.08942467954788,357.9274881344853,3.147305965423584,720.1209010561602,999.9999999999998,2026-06-18 00:00:00,0.4812633636312409
68544,713,-136.89015159411687,76.61123360068093,0.0,65.54928911281314,281.8747956399229,3.16654109954834,708.2805022114475,999.9999999999998,2026-05-29 00:00:00,0.3265256752859079
68640,714,-160.72829147958015,309.8678363219258,3.0,57.83631593650501,405.29719809064613,3.2218053340911865,696.0012437215441,999.9999999999998,2026-07-13 00:00:00,0.050388200393230886
68736,715,-137.73098071200985,138.93457950691945,0.0,70.67910744060904,264.89726346224563,3.241154432296753,684.5051222865676,999.9999999999998,2026-07-03 00:00:00,0.7357332557940143
68832,716,0.0,0.0,0.0,0.0,0.0,3.238626480102539,673.3904110662487,999.9999999999998,2026-07-12 00:00:00,0.14181632080846385
68928,717,0.0,0.0,0.0,0.0,0.0,3.202864408493042,661.7318413922894,999.9999999999998,2026-07-12 00:00:00,0.14782852839277993
69024,718,-198.80310661836486,34.68049783851031,0.0,65.56132579908247,528.9208919271294,3.213144540786743,649.2107470928594,999.9999999999998,2026-05-27 00:00:00,0.012138019422674007
69120,719,-146.7713864772693,118.10442951523532,0.0,63.6008289180072,328.233297092618,3.333369255065918,636.2171190205122,999.9999999999998,2026-07-17 00:00:00,0.5583793802706843
69216,720,-139.2918873273937,161.86532582941888,39.0,57.50171355928934,322.9854755763065,3.3725504875183105,623.2219189012461,999.9999999999998,2026-07-27 00:00:00,0.8966658469152393
69312,721,-150.533540183072,278.7030001287576,0.0,65.2760295021528,337.321706231799,3.383233070373535,610.3511826052003,999.9999999999998,2026-07-14 00:00:00,0.6123647941929629
69408,722,0.0,0.0,0.0,0.0,0.0,3.3912267684936523,536.750473033843,999.9999999999998,2026-06-27 00:00:00,0.9497815803675592
69504,723,-6.476773745865855,16.886656300654845,0.0,1.4606827687271409,19.82365245008046,3.348998785018921,475.9685864537,999.9999999999998,2026-07-11 00:00:00,0.6381997817386824
69600,724,-163.143064803112,29.589456527308457,0.0,65.99866092853027,384.388280860623,3.3512485027313232,428.1103079873388,999.9999999999998,2026-06-18 00:00:00,0.10053811097939513
69696,725,0.0,0.0,0.0,0.0,0.0,3.331587076187134,389.0739327005694,999.9999999999998,2026-06-03 00:00:00,0.2860276153530351
69792,726,-154.16261745846626,48.9601182512316,0.0,59.88085371542959,372.70036072956464,3.2786970138549805,356.37322862271867,999.9999999999998,2026-05-27 00:00:00,0.07028546029326532
69888,727,-99.78410652189181,23138.857165553898,0.0,54.656846023273175,174.92850587082134,3.2852582931518555,328.4627296777935,999.9999999999998,2026-05-20 00:00:00,0.7059373889434274
69984,728,-157.0788292549033,153.38063944413693,5.0,57.69305430094186,390.76477579404167,3.2705769538879395,323.1874315035976,999.9999999999998,2026-06-22 00:00:00,0.322750825027569
70080,729,-163.33535388464298,95.23549088916862,9.0,66.36559938861875,383.31317968819644,3.2342355251312256,320.1070258111467,999.9999999999998,2026-07-08 00:00:00,0.08615361491644391
70176,730,0.0,0.0,0.0,0.0,0.0,3.1879031658172607,316.9307876581135,999.9999999999998,2026-06-03 00:00:00,0.037561996074640946
70272,731,-159.35763090990906,88.9033904397907,0.0,63.22909981854017,380.173501665661,3.1179025173187256,313.664583306529,999.9999999999998,2026-06-17 00:00:00,0.15617395217581664
70368,732,-125.48654697076739,437.441859426006,9.0,45.988974213160695,312.2807012077767,3.1043989658355713,310.39882764202275,999.9999999999998,2026-06-01 00:00:00,0.7058238782718512
70464,733,-128.93956176545734,425.8025513855929,9.0,45.151102768870494,329.8863616543526,3.070220470428467,307.47123963685453,999.9999999999998,2026-06-01 00:00:00,0.3198020826899699
70560,734,-148.85891809823556,39.6475806532779,0.0,63.31578033709893,338.0295914802977,3.0049078464508057,304.8684317201459,999.9999999999998,2026-07-24 00:00:00,0.8531704776104582
70656,735,-143.03177534317697,318.7800149144455,0.0,68.58790283524414,293.9410038140184,2.987492799758911,301.93232114905857,999.9999999999998,2026-06-30 00:00:00,0.5669931083221711
70752,736,-146.82918398387216,106.42486594848187,0.0,65.24135470185223,322.8461909175914,2.9673244953155518,299.0822444545236,999.9999999999998,2026-07-15 00:00:00,0.6800836826308232
70848,737,-156.62295721252997,323.4445970919067,7.0,61.74745993815395,373.6445186793955,2.9295969009399414,296.292714184661,999.9999999999998,2026-07-20 00:00:00,0.7578176249432662
70944,738,0.0,0.0,0.0,0.0,0.0,2.9414589405059814,293.8153460601789,999.9999999999998,2026-07-26 00:00:00,0.07134122386761854
71040,739,0.0,0.0,0.0,0.0,0.0,2.9156970977783203,291.2588674391728,999.9999999999998,2026-06-27 00:00:00,0.8548453305351846
71136,740,-148.36610175027292,24.099137054122235,0.0,70.17803432342733,308.78622027420585,2.8762190341949463,288.47318517591776,999.9999999999998,2026-05-26 00:00:00,0.9301187206762147
71232,741,-157.6495672310403,38.5500731133562,0.0,66.285869543154,362.6296945595627,2.873166084289551,285.4165599013358,999.9999999999998,2026-07-24 00:00:00,0.7969214032854284
71328,742,-124.44244254140186,403.1998275596727,0.0,45.31194567745939,312.0276333591288,2.867419958114624,281.9467686895294,999.9999999999998,2026-06-01 00:00:00,0.6857818014782846
71424,743,-146.67692947715295,63.82707778761756,0.0,61.582466306331945,336.7762333682583,2.8927958011627197,278.90689174211326,999.9999999999998,2026-07-02 00:00:00,0.032603435648226875
71520,744,-165.82542273064442,57.30522755014389,10.0,68.52123784953831,384.34991296723877,2.941025495529175,275.9101458298368,999.9999999999998,2026-06-09 00:00:00,0.09137863644460864
71616,745,0.0,0.0,0.0,0.0,0.0,2.950380325317383,272.8821776543076,999.9999999999998,2026-06-28 00:00:00,0.8758862432735548
71712,746,-153.5880835521093,135.09205684910555,0.0,67.27182264736217,340.2459798240079,2.9251654148101807,269.7818507625513,999.9999999999998,2026-06-05 00:00:00,0.8686487322350434
71808,747,-148.82787918627093,77.53694816157795,0.0,65.90312260921422,328.242316113691,2.9011576175689697,266.73388348081795,999.9999999999998,2026-06-09 00:00:00,0.6254969201750298
71904,748,-153.21901407207844,97.86226602980135,0.0,70.43118340740023,327.9697205940538,2.9000403881073,234.10625198123694,999.9999999999998,2026-07-08 00:00:00,0.5683015839954528
72000,749,0.0,0.0,0.0,0.0,0.0,2.932356119155884,207.32388663365745,999.9999999999998,2026-07-25 00:00:00,0.7402043157472652
72096,750,0.0,0.0,0.0,0.0,0.0,2.8861241340637207,186.34125799658113,999.9999999999998,2026-07-25 00:00:00,0.5912461402606841
72192,751,-140.36989179783671,89.59177394718103,0.0,61.01404921443253,314.2166005087274,2.8464195728302,169.29265560375651,999.9999999999998,2026-06-25 00:00:00,0.1079647067632622
72288,752,-159.49446321898773,100.58003532510931,0.0,67.90687240899712,362.8335773121471,2.821941614151001,155.0492182579416,999.9999999999998,2026-06-02 00:00:00,0.3854506533916038
72384,753,-161.7182305679667,233.49463147348175,0.0,68.5160465387954,368.1008486161654,2.783881425857544,142.7656001533327,999.9999999999998,2026-07-21 00:00:00,0.5496876960613449
72480,754,-152.11008550767093,124.57291103027796,0.0,67.29266849946607,334.448449594315,2.7745931148529053,132.06357081690388,999.9999999999998,2026-06-05 00:00:00,0.2371412693644146
72576,755,-144.19560953994116,110.22018830347098,0.0,62.01049559492362,326.20983349580683,2.805330753326416,122.71686631716194,999.9999999999998,2026-07-15 00:00:00,0.19150733794252184
72672,756,0.0,0.0,0.0,0.0,0.0,2.805131435394287,114.38886088738059,999.9999999999998,2026-07-28 00:00:00,0.6598859114742907
72768,757,-148.00114126554988,98.98134218379435,0.0,63.041578200359865,336.2537376442557,2.827064037322998,106.92732698721123,999.9999999999998,2026-07-15 00:00:00,0.23977416744215674
72864,758,-164.18624947915268,133.73072123100889,0.0,77.42319544770797,344.24056554658836,2.8611936569213867,100.17138218814623,999.9999999999998,2026-06-08 00:00:00,0.9425050210106792
72960,759,-144.65623498947002,126.40802054184724,0.0,64.87743549955279,314.83650218850136,2.8998491764068604,94.08904789167173,999.9999999999998,2026-07-17 00:00:00,0.17525918657098138
73056,760,-160.53445373626067,256.1622135324291,0.0,62.22603211404683,390.84660875796123,2.8818798065185547,88.58273084567863,999.9999999999998,2026-07-20 00:00:00,0.8312682807000147
73152,761,0.0,0.0,0.0,0.0,0.0,2.8730368614196777,83.58651194903166,999.9999999999998,2026-06-28 00:00:00,0.6156747045346219
73248,762,-159.8490564822117,163.27112801235256,0.0,69.173005341683,361.01871336645604,2.9019737243652344,78.98888867939935,999.9999999999998,2026-06-22 00:00:00,0.872905381942984
73344,763,-159.80736523747404,101.88276862705955,0.0,78.57271601262855,323.4239910447117,2.9067466259002686,74.71051742771269,999.9999999999998,2026-05-25 00:00:00,0.5708174727775416
73440,764,0.0,0.0,0.0,0.0,0.0,2.897515058517456,70.75431190511205,999.9999999999998,2026-07-04 00:00:00,0.7467319585071537
73536,765,-108.67073569209586,63.527663491917,3.0,53.288738159828306,218.9515413024295,2.915741443634033,67.07647823320933,983.852241037564,2026-06-16 00:00:00,0.15259466262547172
73632,766,0.0,0.0,0.0,0.0,0.0,2.954256772994995,63.66141045663876,974.7824585306367,2026-06-28 00:00:00,0.7451676033671393
73728,767,-152.70819419760105,32.3826048025536,0.0,65.66307852077006,343.75963537721145,2.9485232830047607,60.4620617803284,966.5378386202018,2026-05-26 00:00:00,0.19149599995296818
73824,768,-149.30015816088968,118.54043587042423,0.0,67.6564554284627,324.2112616396371,2.903860330581665,57.46668834147725,958.0392791977816,2026-07-03 00:00:00,0.611345188015096
73920,769,-162.41776355334179,32.74344277730606,0.0,70.2181510410299,365.8925266999074,2.9260895252227783,54.664113477824955,949.2851820097334,2026-07-24 00:00:00,0.3518450943975624
74016,770,-144.3779519397756,212.32462886417224,0.0,68.67302515941589,300.8272840322254,2.9704432487487793,52.03841199797696,940.274519470791,2026-07-07 00:00:00,0.9916750469796642
74112,771,-90.52773190769055,22676.469753529025,34.0,40.91225349772283,193.1116742146488,2.9370157718658447,49.588601425720164,931.0068251943396,2026-05-20 00:00:00,0.454588926145021
74208,772,-135.84399774643924,48.19598632940502,0.0,61.4746102096172,294.63279144261605,2.8876407146453857,49.10365925717858,999.9999999999998,2026-07-02 00:00:00,0.37330457118995497
74304,773,0.0,0.0,0.0,0.0,0.0,2.873185873031616,48.80034607204887,999.9999999999998,2026-07-25 00:00:00,0.5414310893895796
74400,774,-155.72048121362346,23.767736598951224,0.0,64.67034031069772,362.1356855927577,2.881507158279419,48.464664128927275,999.9999999999998,2026-05-26 00:00:00,0.43431311691859964
74496,775,0.0,0.0,0.0,0.0,0.0,2.8947503566741943,48.105888072183774,999.9999999999998,2026-07-26 00:00:00,0.6107743001819718
74592,776,-110.3424538208776,50.3250323150053,0.0,51.52562610392458,233.04691320715924,2.9187636375427246,47.72365234694589,999.9999999999998,2026-06-16 00:00:00,0.9129589896709185
74688,777,-141.23505136249014,1010.2788227735819,0.0,38.11043917866135,409.6997113788013,2.8855011463165283,47.33309073724614,999.9999999999998,2026-07-18 00:00:00,0.5510332444948755
74784,778,-176.05145421924976,40.74310339105407,0.0,64.3083577890072,443.264582288267,2.902953863143921,47.02410973122252,999.9999999999998,2026-07-24 00:00:00,0.039969685760349205
74880,779,-157.23521823480385,237.7905123965871,0.0,66.57518976269256,359.1145995224192,2.8556175231933594,46.70424071046906,999.9999999999998,2026-07-21 00:00:00,0.8511201792094526
74976,780,0.0,0.0,0.0,0.0,0.0,2.790613889694214,46.38455189863691,999.9999999999998,2026-07-29 00:00:00,0.7877341848648355
75072,781,-164.41303141629055,102.35576353669272,0.0,62.96140630108271,403.37632123204367,2.7356643676757812,46.0260825890722,999.9999999999998,2026-06-17 00:00:00,0.20925213264818743
75168,782,-163.96087442191327,251.69072867741048,0.0,65.41369540917299,389.6588001935816,2.6672141551971436,45.66494037145224,999.9999999999998,2026-07-21 00:00:00,0.15746669759485565
75264,783,-127.85927831799849,46.967510927924764,0.0,58.800437365609646,274.1691230915308,2.610145092010498,45.3041320612791,999.9999999999998,2026-07-02 00:00:00,0.8057043653572936
75360,784,0.0,0.0,0.0,0.0,0.0,2.579932928085327,44.926034617519264,999.9999999999998,2026-07-12 00:00:00,0.37686683165891355
75456,785,-6.6606695730617425,16.886656300654845,0.0,1.2580681335811477,21.373307571906295,2.5722899436950684,44.53547999562167,999.9999999999998,2026-07-11 00:00:00,0.29357179964639646
75552,786,0.0,0.0,0.0,0.0,0.0,2.573756456375122,44.12692154163061,999.9999999999998,2026-06-28 00:00:00,0.09005675999030127
75648,787,-155.15201195266533,124.83091429772342,0.0,65.89938695905776,354.84158948792304,2.52036190032959,43.70577737202359,999.9999999999998,2026-07-17 00:00:00,0.9194415629872209
75744,788,-124.5590094704393,13641.935552341018,17.0,60.9420487612039,248.3243279343598,2.507814407348633,43.28561495003485,999.9999999999998,2026-05-22 00:00:00,0.6499098647205296
75840,789,-148.23239350593622,103.19961750748172,2.0,64.1646139168977,331.9799392519352,2.469315767288208,44.87977175740049,999.9999999999998,2026-07-08 00:00:00,0.6426316654580262
75936,790,-155.9036683422845,235.62139885267993,0.0,64.77846090371146,361.0416576085119,2.44985294342041,46.91932932611845,999.9999999999998,2026-07-21 00:00:00,0.8389609283889651
76032,791,-145.59717352487993,206.26478992991775,0.0,63.58362722894876,326.7148943319233,2.4032630920410156,49.245917596576916,999.9999999999998,2026-07-07 00:00:00,0.8372324979385478
76128,792,0.0,0.0,0.0,0.0,0.0,2.3245162963867188,47.130372413235,999.9999999999998,2026-05-23 00:00:00,0.8249472582511268
76224,793,0.0,0.0,0.0,0.0,0.0,2.2982022762298584,44.69956656827808,999.9999999999998,2026-07-04 00:00:00,0.5028312513529668
76320,794,-142.92378517713163,13639.697435709013,0.0,56.96728193064358,340.098928207564,2.2818074226379395,42.434956743646275,999.9999999999998,2026-05-22 00:00:00,0.017402528337011725
76416,795,-108.35782681453982,61.046841567406275,3.0,51.833936829550964,223.47798714637247,2.28075909614563,42.582412260507894,999.9999999999998,2026-06-16 00:00:00,0.37397653351641513
76512,796,0.0,0.0,0.0,0.0,0.0,2.232109785079956,43.00863435010875,999.9999999999998,2026-07-05 00:00:00,0.5906028912486984
76608,797,-154.51821952803326,104.86529003195528,0.0,67.59002400522553,343.3784485183268,2.2089521884918213,43.45595574470174,999.9999999999998,2026-07-27 00:00:00,0.8372863473844261
76704,798,-163.3603842893624,250.67228512685577,0.0,66.95586564973414,381.2144423013098,2.1891844272613525,43.739844342709155,999.9999999999998,2026-07-20 00:00:00,0.5135960424933307
76800,799,-144.72571243656134,57.336606023073344,0.0,59.98908069429534,337.7256965566364,2.19618821144104,44.06855105761302,999.9999999999998,2026-07-16 00:00:00,0.35950746731197536
76896,800,-166.15342115830686,67.99080778398064,0.0,65.25001487492891,399.96901467922527,2.1650609970092773,44.38010572801701,999.9999999999998,2026-07-10 00:00:00,0.13618536560947525
76992,801,-129.49713480555758,13629.0937079518,5.0,66.50301154137225,246.4659023538128,2.16135835647583,44.72447031258027,999.9999999999998,2026-05-22 00:00:00,0.2693149270722289
77088,802,-155.82733303441285,242.6200082554139,0.0,67.34147417511315,349.6389601372938,2.102795124053955,48.98182440709149,999.9999999999998,2026-06-29 00:00:00,0.8297586117916463
77184,803,-153.99826246295905,105.2171868365365,0.0,69.82300682848155,334.9989519937022,2.0895650386810303,54.59971225374437,999.9999999999998,2026-07-22 00:00:00,0.5376623391677927
77280,804,-157.81234297712084,103.80810069262607,0.0,72.4980897076044,339.82765163534714,2.0826210975646973,61.524903960269015,999.9999999999998,2026-07-22 00:00:00,0.6770958555681708
77376,805,-163.28892411307035,219.43977462861082,0.0,62.63076897611235,400.6448504903623,2.057461738586426,70.15643097710596,999.9999999999998,2026-07-14 00:00:00,0.10051580337783705
77472,806,-159.28121253057017,20.67742429497947,0.0,63.1203444236689,382.2601476812323,2.0632662773132324,81.05665738102579,999.9999999999998,2026-06-18 00:00:00,0.09610237979140479
77568,807,-172.75329144338525,71.11530183106228,0.0,72.10171818853581,399.5690832659298,2.050433874130249,94.75586541438544,999.9999999999998,2026-07-10 00:00:00,0.16121284059310415
77664,808,0.0,0.0,0.0,0.0,0.0,2.0402636528015137,111.93933148332158,999.9999999999998,2026-07-12 00:00:00,0.9409556976067179
77760,809,0.0,0.0,0.0,0.0,0.0,2.0302698612213135,115.57806430507289,999.9999999999998,2026-07-25 00:00:00,0.9234926142399863
77856,810,-144.82080351660116,131.75531187420242,0.0,63.689445600492434,321.19158441368785,2.0536587238311768,117.60132025589755,999.9999999999998,2026-07-03 00:00:00,0.3319252674005979
77952,811,-163.84834968414552,82.92529805376432,0.0,63.42379821554721,398.906638519041,2.047567367553711,119.62534855270076,999.9999999999998,2026-05-28 00:00:00,0.07413190373400025
78048,812,-150.74128277962512,117.28300285579029,0.0,68.16379269012646,327.72664714836156,2.0172994136810303,121.60286257955055,999.9999999999998,2026-07-17 00:00:00,0.4665833349390619
78144,813,-142.54701725510853,390.7899726442802,0.0,60.371088557507825,325.99371365695066,1.967806339263916,123.93127972350298,999.9999999999998,2026-06-01 00:00:00,0.4022709066146438
78240,814,-171.96747091256566,59.19126467271412,0.0,65.45357962287147,421.2701413000943,1.9152512550354004,127.24741133704785,999.9999999999998,2026-05-29 00:00:00,0.055158182354106855
78336,815,-144.5435482294023,46.95230137280743,0.0,63.32952820823059,323.90903378213966,1.9094924926757812,108.31111934820336,999.9999999999998,2026-07-16 00:00:00,0.6898898308777277
78432,816,-159.14406067533812,89.20648038454952,0.0,73.78830942285553,339.78221426447374,1.891140341758728,93.85336853492888,999.7624664916788,2026-07-01 00:00:00,0.8759971943019798
78528,817,-160.84320952073992,137.18250688001459,0.0,71.2871728304932,356.70467175214145,1.8726378679275513,83.26118244055847,999.3072000076851,2026-06-24 00:00:00,0.21229558840325335
78624,818,-144.2922995888306,223.8217959279071,0.0,65.84141183669587,310.1307113098318,1.8813062906265259,74.97226070353997,998.8299098897751,2026-07-07 00:00:00,0.7465057337045639
78720,819,-160.66838414875244,308.7194586704524,0.0,68.2872455491387,365.573515477618,1.9164483547210693,68.19619781264534,998.3296284313819,2026-07-20 00:00:00,0.856545546578248
78816,820,-163.94612132919679,299.51970074557914,0.0,73.61035605222781,358.82817141995525,1.925580620765686,62.61234561132811,997.8052731154863,2026-06-29 00:00:00,0.048793395315118504
78912,821,-146.12680995004163,115.73304857211579,0.0,65.54930781847439,318.2488483843923,1.9313545227050781,57.904379298151426,997.255712943611,2026-07-17 00:00:00,0.8919483902720847
79008,822,-160.98854498804988,24.030503141209707,0.0,65.14796285517572,381.1533306320588,1.9659489393234253,50.272946207075,962.8844074320273,2026-06-18 00:00:00,0.30275057816241324
79104,823,0.0,0.0,0.0,0.0,0.0,1.9880632162094116,44.34677031303108,926.301074696539,2026-07-28 00:00:00,0.5728736840256248
79200,824,-159.76276232906883,221.79862735568216,0.0,65.68934555953412,373.18736747602895,1.961575984954834,39.74895555489218,891.0558463222231,2026-07-14 00:00:00,0.2328520568757193
79296,825,0.0,0.0,0.0,0.0,0.0,1.9933052062988281,36.05371849202641,857.1045330060839,2026-05-23 00:00:00,0.46138349726748473
79392,826,-146.48271969866104,1006.8239855541708,0.0,37.96818034663419,431.76900244406545,1.9847420454025269,32.95924580020923,824.4038474217379,2026-07-18 00:00:00,0.8530403056510512
79488,827,-167.96579766746186,80.14369644943653,0.0,67.29081439358092,401.28305555083364,1.9725992679595947,30.412925917457567,792.9115705849765,2026-06-17 00:00:00,0.2002107298628928
79584,828,-140.8034898332643,66.224246435636,0.0,65.95610543908973,295.1416167421321,1.94235098361969,28.206563167053552,762.5865615756406,2026-05-29 00:00:00,0.6261041750497577
79680,829,-151.9864292527567,47.56605521331662,0.0,65.33765868991684,345.2320673152101,1.9361472129821777,26.26715951038506,733.3887628997797,2026-07-16 00:00:00,0.6382276908813849
79776,830,0.0,0.0,0.0,0.0,0.0,1.966073989868164,24.544051628202695,705.2792019365542,2026-07-28 00:00:00,0.1872575100935966
79872,831,0.0,0.0,0.0,0.0,0.0,1.971712589263916,22.990442032625296,678.219988878495,2026-06-21 00:00:00,0.3647556245960102
79968,832,-148.6908053475931,117.86145367757369,0.0,67.33999343415583,321.3659689508055,1.928296446800232,21.58251695533713,652.1743115447789,2026-07-17 00:00:00,0.465813934485252
80064,833,-6.0006165787989385,16.886656300654845,0.0,1.2305275306726204,19.039132629549414,1.9063390493392944,20.303521817343686,627.106427419592,2026-07-11 00:00:00,0.8302241492208179
80160,834,0.0,0.0,0.0,0.0,0.0,1.8938796520233154,19.120881494434343,602.9816532409096,2026-05-30 00:00:00,0.022389980221776407
80256,835,0.0,0.0,0.0,0.0,0.0,1.8983184099197388,18.03477198789872,579.7663524397393,2026-07-12 00:00:00,0.10978025116435264
80352,836,-147.00285173377108,17.049786142552723,0.0,65.58556203059022,321.32157460276454,1.8838310241699219,17.035049062160475,557.4279207056079,2026-06-19 00:00:00,0.33989372175150623
80448,837,0.0,0.0,0.0,0.0,0.0,1.8959261178970337,16.11081273969214,535.934769931387,2026-05-31 00:00:00,0.5298858830356185
80544,838,-162.1293347140711,295.4736335044943,1.0,70.20303365040223,363.2834081886645,1.8887813091278076,15.25179765710594,515.2563107688562,2026-07-13 00:00:00,0.14036950692262828
80640,839,-166.2677163207339,94.34350793050044,0.0,65.57792921981476,399.2227584675473,1.9640555381774902,14.456932091475991,498.7936943123672,2026-06-23 00:00:00,0.3015098965196311
80736,840,-154.91489538516038,258.5451669426223,0.0,65.22782863773907,355.46778451013813,1.952528715133667,13.712514395959534,483.0455993625966,2026-07-21 00:00:00,0.6012778538104178
80832,841,-164.64217994852086,136.4062514570903,0.0,68.165163597447,381.98392042585186,2.01873517036438,13.01763079687195,467.63753569632945,2026-06-22 00:00:00,0.7351136277288733
80928,842,0.0,0.0,0.0,0.0,0.0,2.0441689491271973,12.369364497854919,452.57379288542126,2026-07-26 00:00:00,0.3993549802090438
81024,843,0.0,0.0,0.0,0.0,0.0,2.0620319843292236,11.762451556977968,437.8576939890417,2026-07-25 00:00:00,0.5928902099382061
81120,844,0.0,0.0,0.0,0.0,0.0,2.019634485244751,11.193568821386258,423.4916200746769,2026-07-04 00:00:00,0.784051892307119
81216,845,-161.84962880979674,108.28983157277578,0.0,70.45741915327476,363.8606070535516,2.0118930339813232,10.655427821068937,409.47705391727294,2026-07-22 00:00:00,0.1587667119131172
81312,846,0.0,0.0,0.0,0.0,0.0,2.0183188915252686,10.151237226248963,395.8146261976131,2026-07-29 00:00:00,0.8741299529231725
81408,847,0.0,0.0,0.0,0.0,0.0,1.996828556060791,9.660703765107156,382.5041635922485,2026-07-12 00:00:00,0.9841659771299365
81504,848,-160.0044992431098,71.14451125351037,0.0,77.06238558278005,328.77267524493504,1.9897183179855347,9.197348159747227,369.54473818325414,2026-05-25 00:00:00,0.29479583175768376
81600,849,-142.77120364898207,1013.4001552901022,0.0,34.840347361178004,428.284705200349,1.9363582134246826,8.761803290858255,356.9347176561837,2026-07-18 00:00:00,0.526077707913083
81696,850,-140.97117523391307,12.434070676631144,0.0,66.41733383144795,293.77133116905,1.9201456308364868,8.364643703253835,344.67181579825456,2026-06-19 00:00:00,0.7326923385368411
81792,851,-161.33558217094236,99.5016122021671,0.0,66.91887248665317,377.0982664587613,1.8943747282028198,7.990275819169111,332.75314285467675,2026-06-17 00:00:00,0.7814620719794555
81888,852,-139.0125218953508,115.2354157936131,0.0,65.28758804283693,290.74990927520736,1.9148530960083008,7.636772410470044,321.175255348054,2026-07-03 00:00:00,0.5031543622158214
81984,853,-195.72131637675687,69.05703952249117,0.0,67.47440687296626,511.68573716894923,1.8890197277069092,7.301488846754926,309.9342050129768,2026-06-17 00:00:00,0.06414632579858437
82080,854,-148.9124755220875,281.2945214260334,0.0,67.8402200643692,321.2309436359145,1.8545629978179932,6.983696753530155,299.02558654435046,2026-06-30 00:00:00,0.7443935392655041
82176,855,-155.42534850201835,107.57892961472683,0.0,71.06048818482067,336.2087164076953,1.8099792003631592,6.684606969919914,288.4445839031012,2026-07-22 00:00:00,0.969400651436143
82272,856,0.0,0.0,0.0,0.0,0.0,1.802850365638733,6.401191838811821,278.18601496582727,2026-07-25 00:00:00,0.5718256245823233
82368,857,-149.27832599439353,83.97104776356343,0.0,67.29876979241962,327.550596997954,1.7919286489486694,6.131024769595956,268.2443743455719,2026-07-08 00:00:00,0.950036145452953
82464,858,0.0,0.0,0.0,0.0,0.0,1.797429084777832,5.874149021363308,258.6138742486288,2026-06-28 00:00:00,0.21130614762767497
82560,859,-5.996828789810141,16.886656300654845,0.0,1.3533955113742762,18.324949921108875,1.7759345769882202,5.626595335367132,247.31581590781852,2026-07-11 00:00:00,0.5898313539301638
82656,860,0.0,0.0,0.0,0.0,0.0,1.7704658508300781,5.389644431336918,236.39392930622813,2026-05-31 00:00:00,0.528277018802823
82752,861,-163.4918886808211,134.16037204708678,0.0,66.8811816293344,385.2880440287962,1.7848362922668457,5.161604070821366,226.03026002575018,2026-06-05 00:00:00,0.4793505893660863
82848,862,-150.93484989620273,124.90846438104323,0.0,71.33584646386373,317.04752606310666,1.7474058866500854,4.944012139668201,216.18841898507262,2026-07-22 00:00:00,0.8627632640291428
82944,863,-152.0617519463253,121.4788113723901,0.0,69.19069043252154,327.8877216991008,1.7425997257232666,4.737384295892713,206.8351870472714,2026-07-17 00:00:00,0.21693073144538344
83040,864,-159.22077715816155,91.522756217789,0.0,72.1957178062883,347.51071802358547,1.7456625699996948,4.54106010064676,197.9401659532366,2026-07-15 00:00:00,0.48408921493786916
83136,865,-132.66952013598785,46.660715134707736,0.0,68.53851278588431,253.54588448055617,1.7822977304458618,4.354174114188197,189.47546883192166,2026-06-12 00:00:00,0.27329141435087434
83232,866,-164.43845665942092,30.752530210749914,0.0,76.5488080592182,348.7830942563786,1.737375020980835,4.175193428313457,181.41545188700346,2026-07-24 00:00:00,0.6175697261791487
83328,867,0.0,0.0,0.0,0.0,0.0,1.7128498554229736,4.004212654303888,173.73648090725973,2026-07-29 00:00:00,0.612814780503913
83424,868,-156.56890968381995,13516.954534625793,0.0,71.90610613157043,336.87305931630493,1.7280960083007812,3.840692922164206,166.41672735545842,2026-05-22 00:00:00,0.05755573609117015
83520,869,-166.73893348677947,68.23587296222851,0.0,65.84987159998727,401.1964064639601,1.708832859992981,3.7580447660002583,159.43598968380817,2026-07-10 00:00:00,0.1796439815370886
83616,870,-137.03852284373633,34.43369643695049,0.0,67.9282751288301,273.355214052709,1.7173399925231934,3.6776612790643344,152.77553624818907,2026-06-26 00:00:00,0.507649703807813
83712,871,-155.30662664191016,12.056090207381635,0.0,66.77184269567428,351.68177488363744,1.6723732948303223,3.5967137222494965,146.41796678365338,2026-06-19 00:00:00,0.12900231920714555
83808,872,-186.72082951847426,100.23703066751396,0.0,69.95895588773386,464.9733427444475,1.6935083866119385,3.515252547939772,140.3470898870885,2026-07-03 00:00:00,0.055451364359964006
83904,873,-159.83332945895003,103.6436116489144,0.0,71.04747696516702,354.19110129948973,1.7001954317092896,3.433741781155929,134.54781435079474,2026-07-22 00:00:00,0.3150797864492939
84000,874,0.0,0.0,0.0,0.0,0.0,1.743265986442566,3.352601442997006,129.0060525196329,2026-05-24 00:00:00,0.7467179061990994
84096,875,-149.55359594556808,57.90381025455896,0.0,70.91910692173285,312.4557033705048,1.7140172719955444,3.2701770230020575,123.70863411743915,2026-07-16 00:00:00,0.9192387754780142
84192,876,-165.35110773172593,240.83861748853576,0.0,70.90887019807673,375.3336882948295,1.7278825044631958,3.187769411389794,118.64322921605358,2026-06-30 00:00:00,0.1408754603870498
84288,877,0.0,0.0,0.0,0.0,0.0,1.7366551160812378,3.1072264024244425,113.79827921082699,2026-05-24 00:00:00,0.7331337236881337
84384,878,0.0,0.0,0.0,0.0,0.0,1.6732978820800781,3.026924662043065,109.16293482653755,2026-05-31 00:00:00,0.5961359094826467
84480,879,0.0,0.0,0.0,0.0,0.0,1.632462739944458,2.9472477086381166,104.72700031257504,2026-07-12 00:00:00,0.34642076502546215
84576,880,0.0,0.0,0.0,0.0,0.0,1.6129399538040161,2.8682338081817726,100.48088310043194,2026-07-05 00:00:00,0.7083172639958323
84672,881,0.0,0.0,0.0,0.0,0.0,1.6126644611358643,2.790046573217134,96.41554829345448,2026-05-24 00:00:00,0.2577696472301777
84768,882,-164.51926278200057,82.07895100016161,0.0,75.37523913534793,355.40145995347643,1.5913097858428955,2.7120652812538966,92.52247744130918,2026-07-08 00:00:00,0.3651912392319536
84864,883,-149.88381255474977,45.405548142803774,0.0,67.83864825185205,326.30847870021864,1.5732312202453613,2.634822387439145,88.79363112212478,2026-07-02 00:00:00,0.7403953990931883
84960,884,-114.26222004915343,22267.970947823153,0.0,59.02769512382088,220.09980099171898,1.6019381284713745,2.558285627152205,85.22141491562978,2026-05-20 00:00:00,0.9546470931516416
85056,885,-139.29807183436537,229.76203761490584,0.0,66.53619528520139,287.66011012890743,1.578806757926941,2.5990932550776873,81.79864840248369,2026-07-07 00:00:00,0.7067930281797807
85152,886,-154.75250177420702,143.13721068698425,0.0,75.89371601888575,313.8358172333434,1.5899326801300049,2.6577085799089093,78.51853686966669,2026-06-08 00:00:00,0.5323387833960816
85248,887,-145.56647825629008,100.5107191976273,0.0,69.95559588463396,300.18495125834966,1.614370346069336,2.722780152410159,75.37464544038286,2026-05-25 00:00:00,0.9955392273302887
85344,888,-158.6335575970177,146.53883118108845,0.0,72.54689763362488,341.0449535027053,1.6208668947219849,2.795118868662481,72.36087538032703,2026-06-22 00:00:00,0.7813542000721163
85440,889,0.0,0.0,0.0,0.0,0.0,1.6509335041046143,2.7716525756359287,69.47144236116183,2026-07-26 00:00:00,0.13461319124725268
85536,890,-104.81913956314405,22359.997847246887,4.0,54.14301970684055,200.97208741460472,1.615478754043579,2.736569793937356,66.70085648726227,2026-05-20 00:00:00,0.9098592471845357
85632,891,0.0,0.0,0.0,0.0,0.0,1.6086525917053223,2.8845592698057905,65.92121028933951,2026-07-26 00:00:00,0.2692792124228278
85728,892,0.0,0.0,0.0,0.0,0.0,1.6210137605667114,3.077200332498714,65.32573872827031,2026-06-21 00:00:00,0.468460992192148
85824,893,-164.73583250538812,263.40262162936193,0.0,68.11602400307585,382.50966462369917,1.6102294921875,3.3017798707275308,64.71268649542654,2026-07-20 00:00:00,0.3768095327218852
85920,894,0.0,0.0,0.0,0.0,0.0,1.6238892078399658,3.569036808555901,64.08200121113603,2026-06-21 00:00:00,0.01815653766906833
86016,895,-142.45446758029468,117.8314395832452,0.0,72.81027432537601,275.8616022275619,1.5834299325942993,3.8877531380449266,63.43367926093029,2026-07-03 00:00:00,0.734140668973383
86112,896,-150.9023438993011,274.70967298410227,0.0,66.98738178671046,332.79591848986354,1.5871909856796265,4.272032847856724,62.76775960836891,2026-06-30 00:00:00,0.7045488667487152
86208,897,-155.55564331532008,43.07760173382391,0.0,72.29116262218305,331.45292070569735,1.5634629726409912,4.739044738034746,62.08432604609276,2026-05-27 00:00:00,0.8577220588147758
86304,898,-151.5795094238649,76.78289945150726,0.0,69.47439924738333,325.52548139094415,1.5540828704833984,5.31172373294136,61.38350930617477,2026-07-10 00:00:00,0.45975018804228995
86400,899,0.0,0.0,0.0,0.0,0.0,1.5369510650634766,6.020942900455245,60.66548899843667,2026-06-20 00:00:00,0.18073682888091203
86496,900,0.0,0.0,0.0,0.0,0.0,1.527453064918518,6.902485978702712,59.93049534512763,2026-07-26 00:00:00,0.6156741586810114
86592,901,-153.87795291078862,23.58876849092513,0.0,71.4152351911238,326.96804286230855,1.5288523435592651,8.004279568276356,59.17881068019535,2026-05-26 00:00:00,0.1618841846870377
86688,902,-164.45703179035627,76.66656490496197,0.0,68.73547378862155,381.8434169677812,1.5311768054962158,9.38904572780446,58.41077068172869,2026-06-17 00:00:00,0.450263684728623
86784,903,0.0,0.0,0.0,0.0,0.0,1.5421128273010254,11.1323267596328,57.62676530706796,2026-07-28 00:00:00,0.8051638720230295
86880,904,-152.45581288897418,98.38799589471392,0.0,68.37245193999658,335.33326044882426,1.530206561088562,13.325747712761213,56.82723940161185,2026-07-15 00:00:00,0.7620050023908157
86976,905,-148.52272695587837,23117.136628384585,0.0,71.71712547439867,304.51731428616165,1.5252689123153687,13.089631028754868,56.01269295450546,2026-05-19 00:00:00,0.37817065601422606
87072,906,-166.4058955895847,89.5436315093764,0.0,71.67260476996259,377.00534415030296,1.5620319843292236,15.582756687730935,55.18368097722775,2026-07-15 00:00:00,0.1788934414283576
87168,907,-207.55469412909176,94.25772639959898,0.0,66.92045288590184,561.0071753671822,1.5751619338989258,19.05542320344609,54.34081298456343,2026-07-22 00:00:00,0.024340986031427203
87264,908,-164.33316753065725,156.0696621091221,0.0,73.37803223884636,361.8201633409629,1.5693069696426392,23.423111068227335,53.4847520615575,2026-06-22 00:00:00,0.13408443608712328
87360,909,0.0,0.0,0.0,0.0,0.0,1.5706746578216553,28.91473279341007,52.61621350476064,2026-06-28 00:00:00,0.6696113305096382
87456,910,0.0,0.0,0.0,0.0,0.0,1.5531394481658936,35.80913519370326,51.735963031319045,2026-06-27 00:00:00,0.3841250093975225
87552,911,0.0,0.0,0.0,0.0,0.0,1.5707573890686035,35.29149867538689,48.08830393622557,2026-05-30 00:00:00,0.5978077594300752
87648,912,-139.30501684761643,56.751993961117904,0.0,66.12904657627944,288.26098431839745,1.5243124961853027,33.95498393873236,44.629001797578255,2026-07-02 00:00:00,0.6872290461022356
87744,913,-154.91503903748884,114.09727929370258,0.0,73.79538773036786,321.9215459624384,1.5613436698913574,32.68647915696864,41.57623521364622,2026-07-03 00:00:00,0.29586936084006377
87840,914,0.0,0.0,0.0,0.0,0.0,1.5832244157791138,31.414874867104007,38.8562940159398,2026-07-04 00:00:00,0.9567864546159707
87936,915,-174.03787538789578,121.84215238242909,0.0,67.07177397909837,425.6295886431587,1.5978096723556519,30.187665321991492,36.41339443217408,2026-07-17 00:00:00,0.06696558155674726
88032,916,-143.48137381287296,56.00479397712601,0.0,74.84079826760035,273.0509590584544,1.6313291788101196,29.00965974382757,34.204357516784476,2026-07-02 00:00:00,0.37786631825960115
88128,917,-126.63473989281921,13676.528643238102,0.0,72.51075867218712,216.250575136182,1.619572401046753,27.813642046767526,32.195113111901165,2026-05-22 00:00:00,0.6417304006376459
88224,918,-124.22725830365262,23410.09217343272,0.0,66.89290770611095,227.5343645048186,1.5997061729431152,30.949372350247717,30.35833203419926,2026-05-19 00:00:00,0.6195405099166241
88320,919,0.0,0.0,0.0,0.0,0.0,1.5961735248565674,42.61569631437778,28.67177684168992,2026-07-28 00:00:00,0.2084826964213592
88416,920,0.0,0.0,0.0,0.0,0.0,1.5785647630691528,56.80640965988582,27.11712505563278,2026-05-30 00:00:00,0.6610734736533779
88512,921,0.0,0.0,0.0,0.0,0.0,1.5590760707855225,73.89059262035707,25.679111663572865,2026-07-12 00:00:00,0.34667953498943216
88608,922,0.0,0.0,0.0,0.0,0.0,1.5552573204040527,94.8020618276239,24.344892626257508,2026-06-28 00:00:00,0.9428119974015293
88704,923,-129.52533512061322,1920.282969559305,0.0,25.96025082622852,410.2209269008278,1.545088768005371,120.57572205657836,23.103564628397383,2026-07-19 00:00:00,0.15909025648686992
88800,924,-155.06048887295944,106.07462451981502,0.0,69.91103572395657,339.24198809978714,1.5409995317459106,153.9860774730753,21.945797382258863,2026-06-17 00:00:00,0.9066214219705983
88896,925,0.0,0.0,0.0,0.0,0.0,1.597719669342041,195.49901468403783,20.863548383033198,2026-07-12 00:00:00,0.5734266012124369
88992,926,-156.30950750447806,250.86723945063204,0.0,67.2897242148265,353.5769887551582,1.6454366445541382,216.48127029220515,19.849838984555923,2026-07-14 00:00:00,0.7282114171363069
89088,927,-102.98587334917654,66.70732042573013,0.0,54.74142678094109,191.20380170184237,1.7184343338012695,238.67252370427605,18.89857670745554,2026-06-16 00:00:00,0.6542508165855208
89184,928,-159.36539735595292,122.38692631979042,0.0,71.90568038483235,345.61681280089425,1.8022342920303345,265.64755437120994,18.00441284031432,2026-07-27 00:00:00,0.2052313955749554
89280,929,-124.0976753041436,481.7936270947529,0.0,57.315396528147254,265.0386928810731,1.8302340507507324,298.64873637486465,17.162627290653752,2026-06-01 00:00:00,0.8571303345553062
89376,930,0.0,0.0,0.0,0.0,0.0,1.8482669591903687,340.913122642501,16.3690346959258,2026-05-24 00:00:00,0.6714598888349178
89472,931,-153.0991833311896,45.87030594672809,0.0,66.67030766748107,341.5232095957634,1.86940336227417,393.8023447956263,15.619907281179618,2026-07-24 00:00:00,0.11617386195797696
89568,932,-134.41129637355834,23176.779599018555,13.0,61.90571544367685,284.70858317491354,1.9172977209091187,460.3269054136746,14.911911025610554,2026-05-19 00:00:00,0.4781216728711807
89664,933,-154.60543570891198,151.39132584114537,0.0,67.08801784306237,345.71309771380413,2.0256967544555664,644.6007698084085,15.88115056525774,2026-06-08 00:00:00,0.13990852043872015
89760,934,-148.91178967204112,18.572750112009473,0.0,62.534231701637395,342.38827789951006,2.0432755947113037,864.4103116278527,17.221850482193783,2026-06-19 00:00:00,0.46846137127740106
89856,935,-156.96102543704478,24.563763899073916,0.0,71.57726265882981,340.6143528531364,2.1319780349731445,999.9999999999998,18.825373692090814,2026-06-18 00:00:00,0.9948787762501689
89952,936,-143.06298243577365,288.53076626181553,0.0,62.98920804907552,318.2442194953102,2.147132635116577,999.9999999999998,20.759970485132396,2026-06-30 00:00:00,0.29446957052912937
90048,937,-164.19155996256,136.20835493431375,0.0,73.91713213528021,358.12945713132524,2.2443389892578125,999.9999999999998,23.114265891250348,2026-06-04 00:00:00,0.5143968831369431
90144,938,-145.66497497144914,256.461542821268,13.0,56.51138458914844,351.4375512381708,2.260481834411621,999.9999999999998,26.003278332163443,2026-06-30 00:00:00,0.1800968541917406
90240,939,0.0,0.0,0.0,0.0,0.0,2.3510169982910156,998.2767023939823,34.238566444919414,2026-07-12 00:00:00,0.4095487036710965
90336,940,-137.80200881193286,92.23878540547275,20.0,55.30418365996092,325.77664824759245,2.374950647354126,995.0461964072229,44.63037621942188,2026-05-29 00:00:00,0.12915860423315972
90432,941,-154.13100733216328,271.53073604978954,0.0,68.93836049576134,336.42550883564104,2.4522135257720947,992.1205274925769,64.14685209036544,2026-06-29 00:00:00,0.3989465604373059
90528,942,-146.82402132226704,128.46834204620356,0.0,70.98177661425346,300.8930881121637,2.560129404067993,990.4743304215385,86.60081304268469,2026-06-02 00:00:00,0.7293749378787957
90624,943,-143.99726912418848,47.20017688370872,0.0,63.10998918843241,321.0646435104954,2.6737847328186035,989.570416290221,113.3651607411891,2026-07-16 00:00:00,0.4398808445870136
90720,944,-138.91545113920168,387.4919518012031,0.0,61.4942728056013,308.53475727718586,2.807746410369873,978.5080096904541,146.00693850478942,2026-06-01 00:00:00,0.896058738921825
90816,945,-138.6597344399731,25012.758871714057,0.0,68.4367368585025,276.3226508281272,2.886439561843872,967.676700998304,186.22488613258133,2026-05-21 00:00:00,0.9722777692574235
90912,946,0.0,0.0,0.0,0.0,0.0,2.993426561355591,999.9999999999998,236.04444909461967,2026-05-24 00:00:00,0.38858635016673226
91008,947,-143.32660258852877,24.162521540009372,0.0,60.933783665197176,326.6780162689926,3.064323663711548,999.9999999999998,297.95120343667855,2026-05-26 00:00:00,0.8000397399096346
91104,948,0.0,0.0,0.0,0.0,0.0,3.1121773719787598,999.9999999999998,375.02717924570175,2026-05-31 00:00:00,0.3441137945354208
91200,949,0.0,0.0,0.0,0.0,0.0,3.1783199310302734,999.9999999999998,471.1102010113765,2026-07-12 00:00:00,0.0878495455765328
91296,950,0.0,0.0,0.0,0.0,0.0,3.3081612586975098,999.9999999999998,590.9883056615865,2026-05-30 00:00:00,0.950072067240811
91392,951,-151.90691831197375,105.35230178596109,1.0,62.64435405936996,352.85878260176867,3.367762327194214,999.9999999999998,740.640473371687,2026-07-22 00:00:00,0.09974814368997464
91488,952,-155.95363481173257,86.96293131434273,0.0,66.74077644252195,354.15268817287387,3.4382195472717285,999.9999999999998,931.2231229696318,2026-05-28 00:00:00,0.9405970202827355
91584,953,-149.5965999457876,237.82065018151104,0.0,61.27557337494242,351.72798637283256,3.525300979614258,998.1109848203005,999.9999999999998,2026-07-14 00:00:00,0.5068458708201453
91680,954,0.0,0.0,0.0,0.0,0.0,3.6038413047790527,995.0107317823082,999.9999999999998,2026-07-12 00:00:00,0.8064489976568959
91776,955,-155.83163394082794,145.3157757368315,0.0,67.19532181360779,349.0137318719775,3.697263240814209,991.7281058901341,999.9999999999998,2026-06-22 00:00:00,0.48119998861383817
91872,956,0.0,0.0,0.0,0.0,0.0,3.801114320755005,988.9402786915091,999.9999999999998,2026-07-25 00:00:00,0.6492455622911412
91968,957,0.0,0.0,0.0,0.0,0.0,3.9348061084747314,984.4990842942502,999.9999999999998,2026-07-28 00:00:00,0.5221636570677312
92064,958,-157.8627706612418,98.84738875327947,0.0,69.82981349427524,348.5342267935867,3.9800631999969482,978.9307031638431,999.9999999999998,2026-05-28 00:00:00,0.5566937996383586
92160,959,-151.7651027717595,100.26483922845263,0.0,62.130943666404285,355.5804179550023,4.055019378662109,972.1361779523567,999.9999999999998,2026-06-02 00:00:00,0.6958881730695435
92256,960,-153.39586922397902,51.91039783630181,0.0,64.98603231090513,349.9901386423002,4.133176326751709,965.6281006420888,999.9999999999998,2026-05-27 00:00:00,0.16712215906828487
92352,961,-133.45150619937243,23202.96613712444,21.0,57.088575181767396,299.91356323380296,4.266932487487793,958.7023642897931,986.1840157544428,2026-05-19 00:00:00,0.3225212286220397
92448,962,-166.14672411052985,140.23824164787706,0.0,73.84889080827878,368.01998347106206,4.353157043457031,999.9999999999998,999.9999999999998,2026-06-04 00:00:00,0.8887073080686357
92544,963,-100.46379622326305,22494.147311112785,5.0,52.62846580578541,187.34169906655376,4.4056525230407715,999.9999999999998,999.9999999999998,2026-05-20 00:00:00,0.944233610549836
92640,964,-157.34692164118562,89.4178571464571,0.0,68.45166474453738,353.37584011329574,4.439245223999023,999.9999999999998,999.9999999999998,2026-07-01 00:00:00,0.49257486017492214
92736,965,-151.65552751941576,118.5861426654003,0.0,66.41896786413557,337.64976307714477,4.501857280731201,999.9999999999998,999.9999999999998,2026-07-09 00:00:00,0.42345059690695297
92832,966,-147.7067016934503,87.15852371962944,0.0,64.73540529129096,328.0185560975295,4.535070896148682,999.9999999999998,999.9999999999998,2026-07-01 00:00:00,0.796611262861946
92928,967,-145.0423794565193,22.006036760514213,0.0,60.79047399710287,335.93721408407913,4.547938346862793,999.9999999999998,999.9999999999998,2026-05-26 00:00:00,0.9976146976930422
93024,968,0.0,0.0,0.0,0.0,0.0,4.529894828796387,999.9999999999998,999.9999999999998,2026-06-06 00:00:00,0.4778101364533537
93120,969,-101.34869019189765,69.97139836561179,5.0,45.86455243926776,217.66304724649487,4.544966697692871,999.9999999999998,999.9999999999998,2026-06-16 00:00:00,0.8203811945462672
93216,970,-169.43936038133378,23038.7356843588,0.0,62.14043012452567,423.563676173376,4.544738292694092,999.9999999999998,999.9999999999998,2026-05-19 00:00:00,0.04646828302287931
93312,971,-97.08472257739481,71.1627045101416,2.0,46.71735730919983,196.71152984719208,4.610636234283447,999.9999999999998,999.9999999999998,2026-06-16 00:00:00,0.6117437429189923
93408,972,-146.8427230843401,33.33440942372213,0.0,62.220533670758385,334.5853000734014,4.629794597625732,999.9999999999998,999.9999999999998,2026-07-24 00:00:00,0.462842185415015
93504,973,-155.82087566669014,143.62749833017918,0.0,72.85640499510944,329.74468231371605,4.630194187164307,999.9999999999998,999.9999999999998,2026-07-23 00:00:00,0.7802189691326626
93600,974,0.0,0.0,0.0,0.0,0.0,4.667510509490967,999.9999999999998,999.9999999999998,2026-07-12 00:00:00,0.10412228983586735
93696,975,-150.54571193249203,304.639597424287,6.0,52.96128199259759,386.804806491784,4.6715312004089355,999.9999999999998,999.9999999999998,2026-07-20 00:00:00,0.23048557022146265
93792,976,-155.5412581747505,250.29968138372988,1.0,61.73497171740684,372.46706600053597,4.6932477951049805,999.9999999999998,999.9999999999998,2026-07-21 00:00:00,0.3274198312293918
93888,977,-145.0516825474345,31.015652128624055,0.0,64.74917533680394,317.2788960488772,4.656307220458984,999.9999999999998,999.9999999999998,2026-06-26 00:00:00,0.38295244146941576
93984,978,-147.25918920841016,253.53989607510456,0.0,60.44604200620673,345.64687633728386,4.697277069091797,999.9999999999998,999.9999999999998,2026-06-30 00:00:00,0.9212835203673028
94080,979,-122.21739634219497,55.02556143295861,0.0,61.954247240483,238.80501355468277,4.76904821395874,999.9999999999998,999.9999999999998,2026-06-12 00:00:00,0.6018703031701289
94176,980,0.0,0.0,0.0,0.0,0.0,4.834444999694824,999.9999999999998,999.9999999999998,2026-05-23 00:00:00,0.36304457567009596
94272,981,-157.50016619957535,113.75267573143574,0.0,71.0360411152221,340.10619617149325,4.871921539306641,999.9999999999998,999.9999999999998,2026-06-08 00:00:00,0.5593058983123543
94368,982,-142.4708173446652,78.23298381824434,0.0,69.84114103675266,287.29215524520316,4.825235843658447,999.9999999999998,999.9999999999998,2026-05-29 00:00:00,0.2843683099936428
94464,983,-158.81179785571626,113.55306706460182,0.0,72.32751341768116,341.9667357059319,4.829766273498535,999.9999999999998,999.9999999999998,2026-06-24 00:00:00,0.19486083250853614
94560,984,-154.6832960682411,57.99363676334096,8.0,61.378619208929216,369.97821569689427,4.840206146240234,994.3364985994422,999.9999999999998,2026-06-09 00:00:00,0.0946118583565656
94656,985,-147.89038094654387,113.90512470147803,0.0,61.278843969065505,339.90370240614214,4.844066619873047,985.9550079263985,999.9999999999998,2026-07-27 00:00:00,0.7777565590979971
94752,986,-155.23399828237118,85.19868575280982,0.0,70.97760656049729,334.7510539662965,4.894903182983398,977.2929622266566,999.9999999999998,2026-07-15 00:00:00,0.7950606417569486
94848,987,-178.8609383431996,261.00311406439846,0.0,69.181625055112,432.8401820489763,4.858884334564209,968.3634503150499,999.9999999999998,2026-07-20 00:00:00,0.05926359417896221
94944,988,-127.06372807197859,52.14233551382208,0.0,61.92752363478338,256.97765585170015,4.837523460388184,959.86623522284,999.9999999999998,2026-06-12 00:00:00,0.9184605844401172
95040,989,-147.210127157516,73.01578987329755,0.0,60.81747255570426,341.91816404209027,4.7352190017700195,951.3420123715526,999.9999999999998,2026-06-09 00:00:00,0.576398684417114
95136,990,-155.3466911294404,225.73612967978008,0.0,63.54823870753321,362.4697031345113,4.6942315101623535,942.5888422276004,999.9999999999998,2026-07-21 00:00:00,0.5257824651741103
95232,991,-148.02045635610054,27.617886985368916,0.0,64.19074465450494,332.3056801811857,4.658493995666504,867.5720542280675,999.9999999999998,2026-06-26 00:00:00,0.5713249021958718
95328,992,-159.74420169918625,76.14097956254805,0.0,65.50403041480779,374.5892720784704,4.679717540740967,797.4919794779413,999.9999999999998,2026-07-10 00:00:00,0.531437330696044
95424,993,-144.70875286233672,220.79200276831756,0.0,63.02666533573374,324.29059653305393,4.750728130340576,737.2125054599829,999.9999999999998,2026-07-07 00:00:00,0.38753585910164123
95520,994,-163.6251577808843,251.92477873405682,0.0,66.58166673019569,383.4577498761393,4.7181243896484375,684.6855071225315,999.9999999999998,2026-07-20 00:00:00,0.5325655657969557
95616,995,0.0,0.0,0.0,0.0,0.0,4.690846920013428,638.6394558823664,999.9999999999998,2026-07-25 00:00:00,0.70206976969716
95712,996,-157.95668444782547,220.95729963105387,0.0,63.69343714947729,371.9874734303511,4.623466968536377,597.1054171069844,999.9999999999998,2026-07-21 00:00:00,0.3144516791241816
95808,997,-165.71466732837789,85.92508767902876,0.0,72.68917240605231,369.32051057489787,4.657163143157959,559.6891234489406,999.9999999999998,2026-06-17 00:00:00,0.2021861354119049
95904,998,-170.5645448580421,46.18969745482159,0.0,60.40973775561621,437.96718944075326,4.764652252197266,525.8941751192367,999.9999999999998,2026-07-16 00:00:00,0.03190432868059201
96000,999,-155.82939038415032,99.7169799692514,0.0,73.36026231765369,327.01820373666413,4.70153284072876,494.9268711494291,999.9999999999998,2026-07-08 00:00:00,0.835624064197926
96096,1000,-171.33356425187338,115.85757115088245,0.0,73.62174695859734,389.7684915523119,4.789543628692627,466.65026429202203,999.9999999999998,2026-06-04 00:00:00,0.3378117551470746
96192,1001,0.0,0.0,0.0,0.0,0.0,4.773128986358643,440.79547337990874,999.9999999999998,2026-07-04 00:00:00,0.31818942798720706
96288,1002,-159.5725403006008,245.59202780998916,0.0,66.14530869914394,368.9105063517494,4.825499534606934,416.8723898258639,999.9999999999998,2026-06-29 00:00:00,0.3932601472436297
96384,1003,-156.66621215883816,145.33199573754047,2.0,72.26857284394346,332.62658664148984,4.937187671661377,394.86186421391676,999.9999999999998,2026-06-08 00:00:00,0.3865897130193262
96480,1004,-158.40358795230625,84.4245194572777,0.0,73.5916526032762,334.47538722823896,4.913947582244873,374.461430222951,999.9999999999998,2026-05-25 00:00:00,0.7210088138965202
96576,1005,0.0,0.0,0.0,0.0,0.0,4.884203910827637,355.48607338209996,980.4228016397452,2026-07-12 00:00:00,0.7100337035422474
96672,1006,-150.76848298253205,60.624703702022195,0.0,62.09717667861425,349.95319939342374,4.905307292938232,337.70729512764416,956.3822243217619,2026-06-09 00:00:00,0.32015773581995133
96768,1007,0.0,0.0,0.0,0.0,0.0,4.955462455749512,321.0637291288058,932.4693245313523,2026-06-20 00:00:00,0.994458368719507
96864,1008,-149.55661839424587,123.8625278864701,0.0,66.93922781595457,326.54283673158864,4.881380558013916,305.3348004328695,908.710130748727,2026-07-15 00:00:00,0.30417325163205133
96960,1009,-158.98445087175241,53.70736240161225,4.0,66.97420065149701,363.7533790699197,4.869494915008545,290.6120643072174,885.1296283370508,2026-06-09 00:00:00,0.23599593676135922
97056,1010,-162.09169391708323,97.23388026179248,0.0,61.68598420802851,400.07597823375824,4.852550029754639,276.7778190952491,889.4895226611415,2026-06-23 00:00:00,0.17451112954282266
97152,1011,0.0,0.0,0.0,0.0,0.0,4.818317413330078,263.7066691840454,897.1963908037807,2026-06-06 00:00:00,0.48549246488393916
97248,1012,-156.0489079452748,105.0788728223871,0.0,67.08318634309008,352.3436386459171,4.867928981781006,251.38178390667304,905.4235945522029,2026-06-02 00:00:00,0.747928273591203
97344,1013,-120.1139163917095,1947.9673809907663,0.0,30.112898547470188,355.34759538319474,5.000460147857666,239.77211447350868,914.2147610864698,2026-07-19 00:00:00,0.4930206279813715
97440,1014,-6.6808536332515684,16.886656300654845,0.0,1.4818326677572182,20.72757257619554,5.001830577850342,229.4464379510944,923.6183793225111,2026-07-11 00:00:00,0.8813787524530154
97536,1015,-156.2703110632523,111.49983731331633,0.0,66.81088423046738,355.04022673521337,5.087774276733398,219.60102654328867,933.6883281693961,2026-07-09 00:00:00,0.369720538807083
97632,1016,0.0,0.0,0.0,0.0,0.0,5.049991607666016,210.2589234307032,944.4846347062369,2026-06-27 00:00:00,0.7158321911528347
97728,1017,0.0,0.0,0.0,0.0,0.0,5.075252056121826,201.29186475476087,956.0743621598393,2026-07-04 00:00:00,0.6600354169921622
97824,1018,-135.84121986395505,390.13576338293865,0.0,55.32634804687696,318.4479419057009,5.025835990905762,192.71820433462332,968.5326538825561,2026-06-01 00:00:00,0.7954419604497741
97920,1019,-144.82832410879567,13533.911497437408,22.0,67.27891269007472,305.8752810555892,5.040096282958984,184.64776245635858,981.9439656367498,2026-05-22 00:00:00,0.8463633344649001
98016,1020,-157.69654695686842,115.05156182138779,0.0,75.28059558323534,328.2776376204619,5.140852451324463,180.7602680689402,999.9999999999998,2026-07-09 00:00:00,0.8341913519305689
98112,1021,-163.63911540290903,93.57625971174298,0.0,76.32277185966807,347.5955732790388,5.1372389793396,177.26165333646657,999.9999999999998,2026-07-15 00:00:00,0.7530108987448375
98208,1022,-159.84790067663997,235.1689108863243,0.0,67.07504493032205,366.815582487999,5.007223129272461,173.76797541867407,999.9999999999998,2026-07-14 00:00:00,0.21575006961195375
98304,1023,-164.43529406889374,112.79859450646765,0.0,72.1995287025343,366.02014431547695,4.8174028396606445,170.25429519861527,999.9999999999998,2026-06-24 00:00:00,0.5332912287912753
98400,1024,0.0,0.0,0.0,0.0,0.0,4.644284725189209,166.71488064045212,999.9999999999998,2026-07-12 00:00:00,0.3887345550826232
98496,1025,0.0,0.0,0.0,0.0,0.0,4.535117149353027,163.13806465494898,999.9999999999998,2026-06-07 00:00:00,0.1748248326288142
98592,1026,-164.63900055250738,120.72101088104087,0.0,74.09764317644616,360.6969418832952,4.433055877685547,159.55267829926407,999.9999999999998,2026-06-24 00:00:00,0.30733605636048045
98688,1027,-158.7723797914087,166.31010872541913,0.0,70.51554961956978,347.85391107783187,4.379685401916504,155.9834175091678,999.9999999999998,2026-06-22 00:00:00,0.7125170499628001
98784,1028,0.0,0.0,0.0,0.0,0.0,4.274292469024658,152.46689019101206,999.9999999999998,2026-07-29 00:00:00,0.3646877719983197
98880,1029,0.0,0.0,0.0,0.0,0.0,4.277455806732178,148.92140584802155,999.9999999999998,2026-06-06 00:00:00,0.5481852307352776
98976,1030,-152.1556902145297,202.5114471248012,0.0,68.9407558019892,328.8343328894043,4.2743144035339355,145.36488108699479,999.9999999999998,2026-07-07 00:00:00,0.5978540851377117
99072,1031,0.0,0.0,0.0,0.0,0.0,4.277790546417236,141.8515005704589,999.9999999999998,2026-06-20 00:00:00,0.5453386846504944
99168,1032,0.0,0.0,0.0,0.0,0.0,4.3626627922058105,138.35712713020084,999.9999999999998,2026-07-26 00:00:00,0.026332876605204336
99264,1033,-156.90864055475265,104.2831257531406,0.0,66.74378409259087,355.9627456633882,4.36306095123291,134.85162860257304,999.9999999999998,2026-07-27 00:00:00,0.9698392000912253
99360,1034,0.0,0.0,0.0,0.0,0.0,4.320957183837891,130.83776419897168,999.9999999999998,2026-06-03 00:00:00,0.6669809447959959
99456,1035,0.0,0.0,0.0,0.0,0.0,4.214382648468018,126.83629588268396,999.9999999999998,2026-06-27 00:00:00,0.4217762904463185
99552,1036,-155.27211097820057,73.67965714471741,0.0,71.81830476578408,331.32308974073777,4.06376314163208,122.88086922348951,999.9999999999998,2026-05-29 00:00:00,0.9143481446759999
99648,1037,-167.69142590866008,117.21804412272351,0.0,74.09222928385466,372.912499304612,3.9292914867401123,119.02408620410566,999.9999999999998,2026-06-24 00:00:00,0.3954753005784891
99744,1038,-160.6983910704373,288.9930004261379,0.0,69.89873555676094,358.83696931301745,3.9058730602264404,115.2818056876964,999.9999999999998,2026-07-13 00:00:00,0.7292383546112449
99840,1039,-160.94979069159953,110.1586090504062,0.0,72.49662795293204,349.4542808465127,3.849428653717041,111.59616324775598,999.9999999999998,2026-07-27 00:00:00,0.9265280946178682
99936,1040,-175.42918798534288,49.557128466272445,0.0,66.91870730342521,431.3562014649775,3.7977516651153564,104.74170513975714,978.1307326766337,2026-07-16 00:00:00,0.06094489917548729
100032,1041,-170.57037456888722,123.48360353077287,0.0,67.69655917864438,410.28233367301976,3.6761844158172607,98.21937884478903,949.7549062587046,2026-06-04 00:00:00,0.2399535816092503
100128,1042,-170.64997542566297,200.62059286426617,0.0,68.8415374410139,401.8153834133197,3.6161587238311768,92.31647456537807,921.8228340954404,2026-07-06 00:00:00,0.086964835508756
100224,1043,-207.61546138486918,62.65819982132466,0.0,64.90049542529576,567.558646642306,3.602689743041992,86.93395287827268,894.3538326262544,2026-07-10 00:00:00,0.01959077522180852
100320,1044,-177.28685842455997,86.57532919664797,0.0,67.55108765342894,436.7878530935945,3.5415632724761963,81.99923590475335,867.3649399525742,2026-07-15 00:00:00,0.04822326615066086
100416,1045,0.0,0.0,0.0,0.0,0.0,3.489234209060669,77.47670673660829,840.8714148964096,2026-07-04 00:00:00,0.9076067166271999
100512,1046,-102.14356833109048,22444.182267738877,15.0,49.73476268236988,205.95444972982176,3.463980197906494,73.30473823795155,814.886749985969,2026-05-20 00:00:00,0.691397813924276
100608,1047,0.0,0.0,0.0,0.0,0.0,3.49753475189209,72.41427084351888,860.8224346145729,2026-06-07 00:00:00,0.7082386653792412
100704,1048,-144.50283092992447,49.05095370437694,0.0,69.65034538056854,296.6359906211509,3.452357053756714,71.80638764724533,922.7459476647971,2026-06-12 00:00:00,0.5127074069968428
100800,1049,-130.70107310950658,13573.67120665641,20.0,59.347946239774366,280.00758683774495,3.5177810192108154,71.18448060451296,995.7768728242162,2026-05-22 00:00:00,0.7338618298001738
100896,1050,0.0,0.0,0.0,0.0,0.0,3.517425060272217,72.67417054552656,999.9999999999998,2026-07-04 00:00:00,0.9496041591500665
100992,1051,0.0,0.0,0.0,0.0,0.0,3.5552334785461426,74.50742097791327,999.9999999999998,2026-07-29 00:00:00,0.44994032426390596
101088,1052,-146.74075396953612,72.44885187253753,0.0,66.86964912170434,317.3852284292409,3.485037326812744,76.52142100142089,999.9999999999998,2026-05-29 00:00:00,0.993093507336952
101184,1053,-171.16733707166463,55.65346367481944,0.0,70.25268471705564,402.61958523766594,3.4068503379821777,78.76089557021346,999.9999999999998,2026-05-28 00:00:00,0.227495430665685
101280,1054,-160.94879687827088,82.77693317439633,0.0,68.60092685694651,366.67644851696906,3.361560583114624,81.23344003086687,999.9999999999998,2026-05-25 00:00:00,0.17401861089131254
101376,1055,-121.61852875200121,1956.8357024512766,0.0,30.0903634704947,361.22670751437863,3.2826123237609863,84.00480441662023,999.9999999999998,2026-07-19 00:00:00,0.7325281981834695
101472,1056,-140.38478788762748,409.70326978049206,0.0,60.09611765181841,319.7634586126858,3.227452039718628,87.68853006254166,999.9999999999998,2026-06-01 00:00:00,0.3641722198930284
101568,1057,-158.90818225348005,29.963966482137465,6.0,68.25142183649668,359.1398270746797,3.22955060005188,92.05079634692538,999.9999999999998,2026-06-26 00:00:00,0.13793604048988373
101664,1058,-164.75160578632222,132.83669077356802,0.0,74.21475811870104,358.54346475883176,3.191358804702759,97.02488979131186,999.9999999999998,2026-06-08 00:00:00,0.2149945841641474
101760,1059,-161.24882560993294,19.959262905139997,0.0,73.5986081256098,347.1214522796888,3.140153646469116,102.68146822906414,999.9999999999998,2026-05-26 00:00:00,0.3148222088305356
101856,1060,-151.3217519770697,239.88028748043877,0.0,72.60947325706958,313.06372236044194,3.108959436416626,109.1820616704698,999.9999999999998,2026-06-29 00:00:00,0.5470032587487795
101952,1061,-144.46593928559787,28.94201476575633,0.0,71.87645985455228,287.10921687029895,3.06797456741333,116.87730396228518,999.9999999999998,2026-05-26 00:00:00,0.9564205187700829
102048,1062,-164.40788958661926,142.14938982236842,0.0,76.89319139306566,349.21278122021164,2.941225528717041,125.88241007774033,999.9999999999998,2026-07-23 00:00:00,0.6197525041359616
102144,1063,-164.77558375513192,96.42379239899824,0.0,76.20449513028971,353.5942543649438,2.911388397216797,136.50844987883747,999.9999999999998,2026-07-22 00:00:00,0.4727437423969819
102240,1064,-161.0068505387102,89.20291114387653,0.0,69.68440046129555,363.12586361096095,2.900784969329834,149.24596204802583,999.9999999999998,2026-07-01 00:00:00,0.27575340980855945
102336,1065,0.0,0.0,0.0,0.0,0.0,2.893719434738159,164.62352150569893,999.9999999999998,2026-05-24 00:00:00,0.280549203634579
102432,1066,-126.10775697754784,25030.09600118603,31.0,54.348798860952805,282.26641578570894,2.843231201171875,183.34176377951482,999.9999999999998,2026-05-21 00:00:00,0.15858734410931352
102528,1067,0.0,0.0,0.0,0.0,0.0,2.816056966781616,210.9881653937227,999.9999999999998,2026-07-05 00:00:00,0.14335406234177894
102624,1068,-148.43353972855937,92.53528469664664,0.0,67.70680289208768,321.8666168554684,2.849355697631836,246.1388453989073,999.9999999999998,2026-07-15 00:00:00,0.7169698377031986
102720,1069,0.0,0.0,0.0,0.0,0.0,2.9012980461120605,290.4624928316273,999.9999999999998,2026-07-25 00:00:00,0.3154390215830206
102816,1070,-151.05079608529527,13534.963026035504,34.0,71.13666761119059,316.36528101018376,2.900566339492798,297.88216400294124,999.9999999999998,2026-05-22 00:00:00,0.6101727904046804
102912,1071,-156.30498093463683,96.35017427092139,0.0,72.23875698836224,333.1376767392708,2.89656400680542,352.8359170062828,999.9999999999998,2026-05-25 00:00:00,0.5849612776876891
103008,1072,-163.98779327182115,135.04093882798776,0.0,70.63021916886296,371.03172074335373,2.877967596054077,428.3223087943885,999.9999999999998,2026-07-23 00:00:00,0.16024756522021988
103104,1073,-149.98681453123157,35.56589431730493,0.0,64.33621053494832,340.3654226749795,2.9644057750701904,523.8306532135009,999.9999999999998,2026-05-27 00:00:00,0.970556008745914
103200,1074,0.0,0.0,0.0,0.0,0.0,2.949476957321167,643.9077019496615,999.9999999999998,2026-05-31 00:00:00,0.8966006048475819
103296,1075,0.0,0.0,0.0,0.0,0.0,2.95969295501709,794.0873427783247,999.9999999999998,2026-06-20 00:00:00,0.11707011913119969
103392,1076,-152.07685118124945,279.0340474642096,0.0,71.95587418675525,317.63483086212193,3.0473358631134033,960.7063175963127,999.9999999999998,2026-07-21 00:00:00,0.6423139785454532
103488,1077,-161.85762935865452,76.07346876769097,0.0,70.75530715297258,361.1255164416308,3.1613576412200928,999.9999999999998,999.9999999999998,2026-05-28 00:00:00,0.3930109338617598
103584,1078,-179.03992966810236,178.22777172820054,0.0,63.85366816328491,457.0179828329149,3.2962300777435303,999.9999999999998,999.9999999999998,2026-06-22 00:00:00,0.04697198040968886
103680,1079,-156.71873503619037,83.38455377022669,0.0,69.13851379494761,345.8849801226639,3.2602899074554443,999.9999999999998,999.9999999999998,2026-06-25 00:00:00,0.13405805051514075
103776,1080,-136.51436783125956,13584.762321715361,4.0,64.83722848320609,281.96501289875704,3.3318324089050293,999.9999999999998,999.9999999999998,2026-05-22 00:00:00,0.8239316235299607
103872,1081,-5.469519552650875,16.886656300654845,0.0,1.3506839537057804,16.377473613498506,3.523808002471924,999.9999999999998,999.9999999999998,2026-07-11 00:00:00,0.8327194648232719
103968,1082,-134.2518826649508,1040.1914337663225,0.0,31.775232552410536,404.0617612939706,3.6075804233551025,999.9999999999998,999.9999999999998,2026-07-18 00:00:00,0.5206750795212592
104064,1083,0.0,0.0,0.0,0.0,0.0,3.8077523708343506,999.9999999999998,999.9999999999998,2026-07-26 00:00:00,0.3035989223206852
104160,1084,-146.6119225672171,30.112910394333674,0.0,64.25894118596483,325.56761124412157,3.929032802581787,999.9999999999998,999.9999999999998,2026-05-26 00:00:00,0.3613846824793192
104256,1085,0.0,0.0,0.0,0.0,0.0,4.037746429443359,999.9999999999998,999.9999999999998,2026-06-21 00:00:00,0.26595666208061075
104352,1086,0.0,0.0,0.0,0.0,0.0,4.056065082550049,999.9999999999998,999.9999999999998,2026-06-20 00:00:00,0.1252106940573806
104448,1087,-144.1970196116428,88.54136562690994,0.0,65.2505026403197,312.23125488596185,4.132106304168701,999.9999999999998,999.9999999999998,2026-05-29 00:00:00,0.9859511298389776
104544,1088,0.0,0.0,0.0,0.0,0.0,4.281711578369141,999.9999999999998,999.9999999999998,2026-07-25 00:00:00,0.4762690140179363
104640,1089,-148.7362164500708,279.3912741156931,0.0,66.74836112532938,323.1680987639719,4.361820220947266,999.9999999999998,999.9999999999998,2026-06-30 00:00:00,0.4154815176424308
104736,1090,-155.26373596027358,215.35148327931114,0.0,61.04737620740997,371.61932507073186,4.469114303588867,999.9999999999998,999.9999999999998,2026-07-21 00:00:00,0.22582303514956703
104832,1091,-178.7981723796807,26.53565413925286,0.0,66.5646164227192,445.29240001810797,4.5916571617126465,938.482329221401,998.8446601692575,2026-07-24 00:00:00,0.07909173155809412
104928,1092,-150.31798286605058,120.66287697538903,0.0,68.3928614501043,322.1156323205297,4.752004623413086,876.3323233348923,996.7273957301544,2026-07-27 00:00:00,0.9103915527907491
105024,1093,0.0,0.0,0.0,0.0,0.0,4.824942111968994,820.5465016529882,994.5153703721212,2026-07-26 00:00:00,0.05564694315889274
105120,1094,-161.78567995307986,68.88112569198566,0.0,66.75008218555912,377.7590436591185,4.962095737457275,770.0726477041545,992.2050911290842,2026-07-10 00:00:00,0.6332811579546735
105216,1095,-177.06442580458133,98.16353551276153,0.0,63.36284884954349,451.09762518777984,5.037885665893555,724.481520551634,989.7927116618044,2026-06-23 00:00:00,0.058201867173269695
105312,1096,-158.05028459464378,310.82910759544876,0.0,71.71549547595714,340.17858593375195,5.098304748535156,683.1720731620649,987.2742846159489,2026-07-20 00:00:00,0.5387904828682586
105408,1097,0.0,0.0,0.0,0.0,0.0,5.102263927459717,645.3544784119576,984.6457639608577,2026-06-28 00:00:00,0.19708665486439236
105504,1098,-116.8160969485428,25100.208198563592,43.0,49.218648184838486,266.50857778477075,5.131171226501465,610.289039039771,981.9030079510808,2026-05-21 00:00:00,0.8984305596934954
105600,1099,-140.75166485563267,24.66413075964515,0.0,72.3471504719057,271.6065872397966,5.213741779327393,644.4777729876013,999.9999999999998,2026-05-26 00:00:00,0.9428458243325697
105696,1100,-155.55407467760443,101.98395140692358,0.0,64.84955800201543,359.5444491895116,5.330346584320068,692.2285812513951,999.9999999999998,2026-06-17 00:00:00,0.3636440869307196
105792,1101,0.0,0.0,0.0,0.0,0.0,5.549951553344727,696.5278523610283,999.9999999999998,2026-06-27 00:00:00,0.20198099935145675
105888,1102,-98.9106007843078,76.61581794844504,1.0,49.8227095270214,193.35842968618493,5.5971856117248535,695.7780106542378,999.9999999999998,2026-06-16 00:00:00,0.5828956419180034
105984,1103,-162.72312335554977,76.77735904001784,0.0,67.18279920417811,380.8919954882751,5.67447566986084,691.1115731136789,999.9999999999998,2026-05-28 00:00:00,0.31063468625942636
106080,1104,-156.6018174245519,47.72645393284434,0.0,70.33865380388906,341.0680360803093,5.793990135192871,686.1971634408058,999.9999999999998,2026-05-29 00:00:00,0.17192210503802752
106176,1105,-128.5053339381093,36.919291654972895,0.0,63.64830354730744,255.23877669581867,5.813804626464844,681.2253675001364,999.9999999999998,2026-06-12 00:00:00,0.4055554275759341
106272,1106,0.0,0.0,0.0,0.0,0.0,5.831603050231934,676.2581675144945,999.9999999999998,2026-07-12 00:00:00,0.6560457474813491
106368,1107,-164.30706599042526,320.6053014200602,0.0,71.50825964102582,367.7756574683201,5.875030994415283,671.1423030939537,999.9999999999998,2026-07-20 00:00:00,0.23018155819476338
106464,1108,-153.10441129152525,249.86014460859326,0.0,65.75765314523113,344.32141510788875,5.865667343139648,666.9544471841459,999.9999999999998,2026-07-21 00:00:00,0.9538306989822231
106560,1109,0.0,0.0,0.0,0.0,0.0,5.774794101715088,663.9584249029593,999.9999999999998,2026-07-26 00:00:00,0.36201016584814494
106656,1110,-9.168225816913866,16.886656300654845,0.0,1.4625428344811966,30.77268379301956,5.679388523101807,659.5486637880927,999.9999999999998,2026-07-11 00:00:00,0.16155103133519277
106752,1111,-142.1925829356382,105.58298316745618,0.0,63.71422729219426,309.4273589271513,5.688717842102051,653.793603774774,999.9999999999998,2026-07-15 00:00:00,0.7017363992875665
106848,1112,-140.61395042591815,72.92234528241002,0.0,66.25938066839032,293.7225455235111,5.706347465515137,648.1831176413027,999.9999999999998,2026-05-29 00:00:00,0.6594352039099526
106944,1113,-97.79373996594617,22724.853898980728,11.0,46.49026280779484,198.4045928543697,5.688332557678223,642.1800997514889,999.9999999999998,2026-05-20 00:00:00,0.4497362048347785
107040,1114,0.0,0.0,0.0,0.0,0.0,5.58939790725708,774.2662677294605,999.9999999999998,2026-05-24 00:00:00,0.10143334981276286
107136,1115,0.0,0.0,0.0,0.0,0.0,5.476531028747559,955.1691887055838,999.9999999999998,2026-05-23 00:00:00,0.4127274883859786
107232,1116,-148.17365136443374,69.58455022371848,0.0,69.46259575076934,310.24916648426694,5.53653621673584,999.9999999999998,999.9999999999998,2026-06-09 00:00:00,0.7137194271351475
107328,1117,0.0,0.0,0.0,0.0,0.0,5.447221755981445,999.9999999999998,999.9999999999998,2026-07-28 00:00:00,0.5100792734367483
107424,1118,-150.43572084124628,147.4335284427163,0.0,66.57388854816571,332.74824788717336,5.413395404815674,999.9999999999998,999.9999999999998,2026-07-23 00:00:00,0.9734418810138297
107520,1119,-160.1375626556002,108.70690851448515,0.0,66.3928430022679,372.57920772135395,5.33901309967041,981.1846507768977,999.9999999999998,2026-07-17 00:00:00,0.17757949407964335
107616,1120,-160.6714553595292,311.879243543862,0.0,72.65077731010331,348.5520998828437,5.328591346740723,955.6023521908444,999.9999999999998,2026-07-13 00:00:00,0.7839558553467969
107712,1121,0.0,0.0,0.0,0.0,0.0,5.3052778244018555,931.6311137674478,999.9999999999998,2026-05-24 00:00:00,0.04261976491512953
107808,1122,-163.80580038140602,70.73828313605006,0.0,72.26863901207925,364.7285198435681,5.308955192565918,907.953017534313,999.9999999999998,2026-05-28 00:00:00,0.23461648187392614
107904,1123,-117.30305210056957,23438.756568806,20.0,62.64088652065058,214.8896748536721,5.330643177032471,884.4127612035259,999.9999999999998,2026-05-19 00:00:00,0.6689061849201771
108000,1124,-141.89760934898456,136.0550585548135,0.0,65.92542614260209,298.6020768967579,5.2916107177734375,999.9999999999998,999.9999999999998,2026-06-23 00:00:00,0.7679018276157795
108096,1125,0.0,0.0,0.0,0.0,0.0,5.38587760925293,999.9999999999998,999.9999999999998,2026-07-25 00:00:00,0.10658045629809487
108192,1126,0.0,0.0,0.0,0.0,0.0,5.421939849853516,999.9999999999998,999.9999999999998,2026-07-25 00:00:00,0.30156879640739476
108288,1127,-145.5948672531638,83.97722127258073,0.0,59.44826361176301,342.22199274328193,5.363204479217529,999.9999999999998,999.9999999999998,2026-07-01 00:00:00,0.5300640543558127
108384,1128,-147.3849633949238,38.74435585775558,0.0,69.6447125276235,308.2311626163182,5.442838668823242,999.9999999999998,999.9999999999998,2026-07-24 00:00:00,0.7439541296072077
108480,1129,-142.5862894002474,13569.336866562384,11.0,75.11122751263134,266.2336800980735,5.647510051727295,999.9999999999998,999.9999999999998,2026-05-22 00:00:00,0.7379288021256107
108576,1130,-160.82989624824944,118.6761620349267,0.0,72.35577437254011,350.5891308171394,5.635129928588867,999.9999999999998,999.9999999999998,2026-07-09 00:00:00,0.15755407843592217
108672,1131,-148.24243056189172,66.50218995733727,0.0,65.92284261720835,323.89298775927773,5.564108371734619,999.9999999999998,999.9999999999998,2026-06-09 00:00:00,0.6784350290721959
108768,1132,0.0,0.0,0.0,0.0,0.0,5.577611446380615,999.9999999999998,999.9999999999998,2026-05-31 00:00:00,0.19852848946369417
108864,1133,-9.524447431797025,16.886656300654845,0.0,1.6943925667716768,31.21504218843725,5.563920974731445,999.9999999999998,999.9999999999998,2026-07-11 00:00:00,0.6012814788635379
108960,1134,0.0,0.0,0.0,0.0,0.0,5.622903347015381,999.9999999999998,999.9999999999998,2026-07-12 00:00:00,0.012859658856884448
109056,1135,-161.29691026453798,20.722613380181034,0.0,70.1200483899247,363.48594758094583,5.642366409301758,999.9999999999998,999.9999999999998,2026-06-18 00:00:00,0.35813209249142797
109152,1136,-133.72108102181448,1902.028617312665,0.0,30.10403022229742,409.901443139968,5.681741237640381,999.9999999999998,999.9999999999998,2026-07-19 00:00:00,0.0569573836372278
109248,1137,-145.69462499688257,202.90652374449897,0.0,60.328293246249096,336.39330888858296,5.728060722351074,999.9999999999998,999.9999999999998,2026-07-07 00:00:00,0.12774713503684754
109344,1138,-122.10121805350643,25202.349890544843,43.0,57.51747882246004,251.712503628756,5.788859844207764,999.9999999999998,999.9999999999998,2026-05-21 00:00:00,0.8640390961485759
109440,1139,-148.2801307243468,282.2191601559735,0.0,64.47516591334005,328.8446119100933,5.835087299346924,999.9999999999998,999.9999999999998,2026-07-21 00:00:00,0.30812951244344267
109536,1140,-149.2080988888482,327.87326772260155,0.0,69.1265886204643,315.64139762532193,5.945619583129883,999.9999999999998,999.9999999999998,2026-07-13 00:00:00,0.8998065533488114
109632,1141,-163.08423443498623,127.27184759594036,0.0,70.51043504071428,369.40501423724254,6.066383361816406,999.9999999999998,999.9999999999998,2026-06-04 00:00:00,0.5750563272865388
109728,1142,-149.03360466427984,116.83826518300673,0.0,62.536083769485664,344.20912345653176,5.968721389770508,999.9999999999998,999.9999999999998,2026-06-02 00:00:00,0.3874334289651239
109824,1143,-162.13650112284176,168.8342544135697,0.0,70.21809178227697,363.87281679994624,5.961291313171387,999.9999999999998,999.9999999999998,2026-06-22 00:00:00,0.7544630278045971
109920,1144,-180.6831312370071,260.9047160239556,0.0,60.414408747489425,476.68809533910655,5.928250312805176,999.9999999999998,999.9999999999998,2026-07-13 00:00:00,0.02402242036303781
110016,1145,0.0,0.0,0.0,0.0,0.0,5.907832145690918,999.9999999999998,999.9999999999998,2026-07-04 00:00:00,0.7001336046968829
110112,1146,0.0,0.0,0.0,0.0,0.0,5.957949638366699,999.9999999999998,999.9999999999998,2026-07-26 00:00:00,0.5982136367556716
110208,1147,0.0,0.0,0.0,0.0,0.0,6.086265563964844,999.9999999999998,999.9999999999998,2026-05-30 00:00:00,0.9887185421689709
110304,1148,-134.49435561852283,1053.7603835289988,0.0,38.66831758613457,379.96785910342373,6.043313026428223,999.9999999999998,999.9999999999998,2026-07-18 00:00:00,0.10026238873304016
110400,1149,0.0,0.0,0.0,0.0,0.0,5.964756965637207,999.9999999999998,999.9999999999998,2026-05-23 00:00:00,0.051571154282184506
110496,1150,-143.92679374483816,105.59201567345374,0.0,65.96127022663421,308.8504497413804,5.973476409912109,999.9999999999998,999.9999999999998,2026-07-03 00:00:00,0.6554423459346466
110592,1151,-154.16443878606975,102.37236045828334,0.0,69.35058471764377,336.2538624086338,5.9644269943237305,999.9999999999998,999.9999999999998,2026-07-03 00:00:00,0.27950191452966755
110688,1152,-160.7982755256021,152.87487768219407,0.0,71.75525508055375,353.4543885007384,5.991184711456299,999.9999999999998,999.9999999999998,2026-06-04 00:00:00,0.6931166792645952
110784,1153,-158.8711101678936,213.3815683508905,0.0,71.94977687217003,344.1729978691169,6.104705333709717,999.9999999999998,999.9999999999998,2026-07-06 00:00:00,0.2956522107572419
110880,1154,-153.59718117921292,83.67571100355553,0.0,68.35167995981965,338.5537486043222,6.0815839767456055,999.9999999999998,999.9999999999998,2026-07-01 00:00:00,0.5988928202464467
110976,1155,-127.42610195855565,255.68803300190172,1.0,58.03384933239899,273.9060495255871,6.063706398010254,999.9999999999998,999.9999999999998,2026-07-07 00:00:00,0.30677624383995417
111072,1156,-163.52752462271033,103.71756961841456,0.0,74.79891546743015,353.2321308429303,6.020615577697754,999.9999999999998,999.9999999999998,2026-06-17 00:00:00,0.7886878618467664
111168,1157,-140.78751716751833,256.43660875157394,0.0,70.94502576774227,274.60711636704417,5.911635875701904,999.9999999999998,999.9999999999998,2026-07-07 00:00:00,0.9332968922674335
111264,1158,0.0,0.0,0.0,0.0,0.0,5.868525981903076,999.9999999999998,999.9999999999998,2026-05-23 00:00:00,0.44344722389255853
111360,1159,-172.5609377022918,27.83201087101277,0.0,68.00579508054008,414.1797227186331,5.871851921081543,880.8378245804723,993.7276695754917,2026-05-26 00:00:00,0.05971577140540707
111456,1160,-143.33058225894987,17.924238589343457,0.0,65.3902207292081,309.0670572225219,5.8491034507751465,780.4483128715503,984.1835737383003,2026-06-19 00:00:00,0.5659025682357615
111552,1161,-150.25791862365529,85.21942818247102,0.0,66.76910370928536,331.17341872868684,5.842223644256592,701.106954054919,974.3692101610511,2026-07-08 00:00:00,0.43775177832619994
111648,1162,-155.5227571399954,119.39453947787499,0.0,70.52829532845695,337.43819572329875,5.8207783699035645,636.5957020139665,964.2853028042088,2026-07-09 00:00:00,0.2441974592270122
111744,1163,0.0,0.0,0.0,0.0,0.0,5.7076544761657715,582.7756214178314,953.9328639047302,2026-05-23 00:00:00,0.4020569149437623
111840,1164,-149.82021883866463,73.76162150918654,0.0,66.68187280856293,329.08340313021847,5.674568176269531,536.6594830032127,943.3136115993261,2026-06-09 00:00:00,0.6930038255553918
111936,1165,-154.0690183034062,51.38871400788868,0.0,70.53188953096652,331.89865804129215,5.684049129486084,496.49375451605965,932.4300006727397,2026-07-16 00:00:00,0.38006308020916646
112032,1166,-144.63708801825535,13.752246934150715,0.0,62.14797263868907,327.0076968170081,5.732457160949707,461.36675274544706,921.2852503622586,2026-06-19 00:00:00,0.610802043974713
112128,1167,-166.83925102511486,68.14547195053221,0.0,73.55375113598613,371.8540251553983,5.869667053222656,430.28725052355475,909.8833687488244,2026-07-08 00:00:00,0.19392464891661443
112224,1168,-160.71311703128112,274.341260713776,0.0,73.19017141090868,347.0489143198017,5.84987735748291,402.58284707197623,898.2291732509551,2026-06-29 00:00:00,0.9892658360081086
112320,1169,-193.6429845840318,24.78633097620633,0.0,66.77206482810746,503.86136642212114,5.780269622802734,376.9866224363278,886.3283067483277,2026-06-26 00:00:00,0.024232065998176844
112416,1170,0.0,0.0,0.0,0.0,0.0,5.866582870483398,353.8432156515369,874.1872488814387,2026-07-26 00:00:00,0.12102978852487478
112512,1171,-156.05031908752593,47.47227326027793,0.0,69.71959605425842,343.60559371135935,5.698034286499023,332.76239465150053,861.8133221032682,2026-07-16 00:00:00,0.5986102728821843
112608,1172,-147.73475339634328,45.197940387127645,0.0,65.1119487225923,327.4004705206645,5.7085676193237305,313.4919264726593,849.2146920979649,2026-07-02 00:00:00,0.5061540131261052
112704,1173,-164.40189461602995,293.0586852811872,0.0,71.50806346516255,367.194233596555,5.699638366699219,295.7718084318692,836.4003622309293,2026-06-29 00:00:00,0.9923645613622716
112800,1174,-6.41426067459284,16.886656300654845,1.0,1.4592301208297616,19.72759930779523,5.563756942749023,279.5151902717414,823.380161753943,2026-07-11 00:00:00,0.5354047619003647
112896,1175,-148.79208848288698,28.52514126338074,0.0,65.14053560301663,331.7052276298619,5.672099590301514,264.4781376403276,813.072606204131,2026-06-26 00:00:00,0.30547074620427916
112992,1176,-161.1981288176553,238.3681495129598,2.0,68.67634619738632,366.3321431031891,5.60788631439209,250.44726724904018,799.8713188276008,2026-07-06 00:00:00,0.08258756356630781
113088,1177,-174.73040251033976,74.09428086596516,0.0,71.0798257793483,412.03837548154604,5.507566452026367,237.4771026487578,792.227769583125,2026-07-10 00:00:00,0.12712575674469861
113184,1178,0.0,0.0,0.0,0.0,0.0,5.456547260284424,225.338107733884,785.0032705641393,2026-06-03 00:00:00,0.7631425893289507
113280,1179,-160.649955138484,86.55233507738946,0.0,72.21162046660623,351.94016023615154,5.486279487609863,214.01308872523327,777.5667710629899,2026-05-28 00:00:00,0.5053886732307933
113376,1180,-151.44383090508194,32.673394346036,0.0,70.22898719924466,321.1072541003001,5.330317497253418,203.45095755913243,769.9178337805456,2026-06-26 00:00:00,0.2039066515649327
113472,1181,-158.98132111924662,30.053736817241695,0.0,66.78263623153632,367.07046131134507,5.308952331542969,193.5653968697966,762.0565396929532,2026-07-24 00:00:00,0.7244156020943583
113568,1182,-151.00268161075755,253.29931615448928,0.0,73.40754766049949,307.2205273170003,5.35197114944458,184.27254812116382,753.9834894627952,2026-07-06 00:00:00,0.49371636529963114
113664,1183,0.0,0.0,0.0,0.0,0.0,5.395571231842041,175.57606456703465,745.699830168096,2026-07-28 00:00:00,0.2782684751794371
113760,1184,0.0,0.0,0.0,0.0,0.0,5.431453227996826,167.3901987329849,737.2072802419303,2026-05-30 00:00:00,0.6467821763052758
113856,1185,-186.86927871974416,96.22179233425263,0.0,70.37348505025213,461.61906950757174,5.408681869506836,159.65166561524524,728.5081522461177,2026-07-15 00:00:00,0.023935903638338196
113952,1186,-153.07873036488,43.77667173335864,0.0,73.18655988532153,317.6867605161669,5.408632278442383,152.35552540247016,719.605373097309,2026-05-27 00:00:00,0.6135756448611529
114048,1187,-146.6519644217189,51.1878586287293,0.0,67.48786201930871,315.3307845083922,5.521214008331299,145.4667300680283,710.5025013632876,2026-07-02 00:00:00,0.8203744791782926
114144,1188,-153.90474731357855,109.66096025964075,0.0,66.26876487146997,345.70220705390165,5.483859062194824,138.94420726361068,701.2037412530663,2026-07-27 00:00:00,0.8321104496520096
114240,1189,-151.69907416973876,137.99410001784145,0.0,67.13475093282904,335.93968013307546,5.358942031860352,132.73155925756942,691.713952937288,2026-07-23 00:00:00,0.6851676423360734
114336,1190,0.0,0.0,0.0,0.0,0.0,5.26815128326416,126.8631959450667,682.0386588556536,2026-07-04 00:00:00,0.9774073778936849
114432,1191,-149.2761307181833,11.994124613664777,0.0,65.30942054593066,333.04210268563696,5.196604251861572,121.29758695277562,672.1840456962018,2026-06-19 00:00:00,0.4352891895942608
114528,1192,0.0,0.0,0.0,0.0,0.0,5.125403881072998,116.00642714365436,662.1569617671088,2026-05-23 00:00:00,0.05114230216833637
114624,1193,-169.18792726702452,81.01166954544732,0.0,70.81440373850732,391.18955452069,5.0724568367004395,110.97085267694037,651.9649095255846,2026-05-28 00:00:00,0.15836224237053242
114720,1194,0.0,0.0,0.0,0.0,0.0,5.02564001083374,106.14954234609334,641.6160330796768,2026-06-03 00:00:00,0.6346138140138197
114816,1195,-155.47215660195346,134.40920611389055,0.0,73.0941843958736,326.99678324631407,5.04111909866333,101.56074082600833,626.6362810456441,2026-06-02 00:00:00,0.4207209986981125
114912,1196,0.0,0.0,0.0,0.0,0.0,4.89229154586792,97.21121033215603,611.2460603127208,2026-07-29 00:00:00,0.7125653928929248
115008,1197,-154.9593660943615,121.47755935913453,0.0,68.77813162819317,340.734629342022,4.78305721282959,93.0393897303006,587.2933513698371,2026-06-23 00:00:00,0.9888701436316079
115104,1198,0.0,0.0,0.0,0.0,0.0,4.709020137786865,89.07148832867999,563.4564797674485,2026-07-25 00:00:00,0.6456407517983149
115200,1199,-153.58558411601413,70.89624880638274,0.0,72.23694953002033,324.49607825039254,4.63999605178833,85.29278787891641,540.6368661973405,2026-06-25 00:00:00,0.33325235978235646
115296,1200,-164.03394046774721,345.1266077453135,0.0,52.03409496394076,442.13232990949115,4.514380931854248,81.68986450089676,518.7863859746816,2026-06-01 00:00:00,0.0445334534115881
115392,1201,-157.69254053987072,108.27246890723113,0.0,65.8528447486777,360.9711736273419,4.4889655113220215,78.2895449278898,497.8596039452228,2026-07-27 00:00:00,0.4029713365669211
115488,1202,-163.4297439790996,243.7355725432654,0.0,70.359156018682,367.6893644054699,4.590905666351318,75.05442212299164,477.81361888049025,2026-06-30 00:00:00,0.10326842112705226
115584,1203,-155.87279735192345,118.61071530366596,0.0,68.22261308466207,349.61986352482955,4.549205303192139,71.96280192378629,458.60788530622733,2026-06-24 00:00:00,0.8811906323175354
115680,1204,-163.0396724424913,117.56108358704378,0.0,59.89789407148555,408.13407152409127,4.435885906219482,69.01902755448991,440.20405102169,2026-07-27 00:00:00,0.03223479123483841
115776,1205,-157.9830769413347,112.7019406071823,0.0,69.70350289143893,351.6807154323887,4.479375839233398,66.21523445850112,422.56580866571556,2026-07-17 00:00:00,0.8707171385371276
115872,1206,-169.65687446115675,140.041943309634,0.0,72.63638686321801,386.68673364184843,4.489116191864014,63.53388665502581,405.6587598805672,2026-06-04 00:00:00,0.31155563067118586
115968,1207,-149.5787636561701,12.527954836099568,0.0,73.19866723074955,303.47239796991744,4.420316696166992,60.97479367655974,389.45029079505224,2026-06-19 00:00:00,0.6225796881924195
116064,1208,-7.827865475075301,16.886656300654845,0.0,1.4880431735799944,25.235932906580896,4.4383368492126465,58.52068287334746,373.9094576965952,2026-07-11 00:00:00,0.4422938473405694
116160,1209,0.0,0.0,0.0,0.0,0.0,4.5332136154174805,56.16172042875968,359.0068818910411,2026-06-20 00:00:00,0.48119747066402574
116256,1210,-165.00956905892158,90.47123296488587,0.0,71.19398865054049,374.44075055999195,4.529428958892822,53.890758494842515,344.7146528615338,2026-06-17 00:00:00,0.6904841187568393
116352,1211,-140.76995725685754,13604.976243490251,33.0,70.66443792554755,277.8345069378265,4.496819019317627,51.72143000102954,331.006238936396,2026-05-22 00:00:00,0.9807208382571196
116448,1212,-7.374975555340638,16.886656300654845,0.0,1.3066489919920663,24.027610626062554,4.4455437660217285,50.60800189100423,400.6969890427479,2026-07-11 00:00:00,0.03177706293276816
116544,1213,-175.50771466706988,108.47967913833317,0.0,72.72293524260508,405.5680937596792,4.299838066101074,49.5949197201222,497.4308344122657,2026-07-27 00:00:00,0.07599215585615793
116640,1214,0.0,0.0,0.0,0.0,0.0,4.364496231079102,48.57896815338825,618.6594822989542,2026-06-21 00:00:00,0.9700412999728596
116736,1215,0.0,0.0,0.0,0.0,0.0,4.449014186859131,47.55927258902503,770.4902115999838,2026-06-06 00:00:00,0.16227466559407966
116832,1216,0.0,0.0,0.0,0.0,0.0,4.451332092285156,46.52688682211866,960.5564520712222,2026-07-26 00:00:00,0.4570874758483684
116928,1217,-114.4078215692103,61.598823651227306,0.0,52.79588025924226,245.45426577801757,4.380448818206787,45.49235219045611,999.9999999999998,2026-06-16 00:00:00,0.9935900965457911
117024,1218,-166.67512642959306,134.17811741938343,0.0,71.41158159270604,377.2793179024937,4.378005027770996,44.45351034552104,999.9999999999998,2026-06-22 00:00:00,0.5794056905687811
117120,1219,-177.16885880644443,146.79113724811342,0.0,72.53738582000229,414.3607020875507,4.338127136230469,43.42560016706285,999.9999999999998,2026-06-22 00:00:00,0.1801984968600312
117216,1220,-172.58482208865607,24757.445018857677,0.0,71.32786946413063,400.66267748239784,4.3768229484558105,42.40643401850569,999.9999999999998,2026-05-21 00:00:00,0.08259368792032262
117312,1221,-162.7881929771381,104.28747442981664,0.0,66.94682303792897,380.88413244539987,4.4163055419921875,43.252906675994495,999.9999999999998,2026-07-22 00:00:00,0.15499659637098373
117408,1222,-165.77703373783575,239.6804611951535,0.0,73.65320142844729,365.74914339854536,4.4112229347229,44.390163144854185,999.9999999999998,2026-06-29 00:00:00,0.6606724107153082
117504,1223,-158.91057282098308,45.16919395223672,0.0,72.63510149956822,343.5762892017404,4.426880836486816,45.6439182174137,999.9999999999998,2026-05-27 00:00:00,0.46721121066962634
117600,1224,-166.5506903745127,100.16832273809257,2.0,71.21351910290905,378.111934213599,4.482246398925781,47.02338598686124,999.9999999999998,2026-07-27 00:00:00,0.35727574034921705
117696,1225,-134.18529351545732,1005.4915762189695,0.0,26.72038286853218,427.79871850292295,4.535512447357178,48.55205793567152,999.9999999999998,2026-07-18 00:00:00,0.5097976979898426
117792,1226,0.0,0.0,0.0,0.0,0.0,4.600819110870361,50.37366348609178,999.9999999999998,2026-07-25 00:00:00,0.6776100986914017
117888,1227,-166.70917118258743,230.96937839968973,0.0,71.40040233232735,378.3059872990569,4.5641188621521,52.41317006184677,999.9999999999998,2026-06-29 00:00:00,0.6024435405037739
117984,1228,-123.18053116679894,23327.175943036076,34.0,58.85720067996971,254.79007626631935,4.535393238067627,54.750385553027016,999.9999999999998,2026-05-19 00:00:00,0.781077828967118
118080,1229,-156.18783827620692,103.41191232341225,0.0,69.60646103299582,344.1623319523741,4.47495174407959,61.9473937927822,999.9999999999998,2026-07-03 00:00:00,0.6323554393227736
118176,1230,-153.95602412769495,97.11417139837341,0.0,68.00262587188661,342.4990582447177,4.396872520446777,71.44134720875222,999.9999999999998,2026-07-22 00:00:00,0.4837389923119201
118272,1231,-154.45710868516423,58.28139457814487,0.0,67.08423979156049,345.98174232315637,4.331552028656006,83.34172241742907,999.9999999999998,2026-06-09 00:00:00,0.30190873868885093
118368,1232,-154.3150280598961,66.94141396078795,0.0,69.04493268046784,337.90306761786815,4.234016418457031,93.19308511338829,999.9999999999998,2026-06-09 00:00:00,0.8980057973064306
118464,1233,0.0,0.0,0.0,0.0,0.0,4.27007532119751,104.74136325314534,999.9999999999998,2026-05-23 00:00:00,0.755960423601307
118560,1234,-167.6801053196151,28.162943541467893,2.0,69.55677367579162,389.1180160294375,4.295202732086182,118.95286220015751,999.9999999999998,2026-06-26 00:00:00,0.08990247100651005
118656,1235,-151.01823247560066,42.82256058771357,0.0,68.10844881418247,329.8950287994662,4.344622611999512,136.64310784068326,999.9999999999998,2026-05-27 00:00:00,0.6851665664370673
118752,1236,-139.95419393400087,36.694567679476485,0.0,68.85011527439607,281.4828540685209,4.29310941696167,158.81278150426851,999.9999999999998,2026-06-12 00:00:00,0.4732737037669168
118848,1237,-162.17602121282684,129.37721330645908,0.0,73.97503866672244,350.24484558100875,4.236176490783691,186.70811404630032,999.9999999999998,2026-06-08 00:00:00,0.29660296401116615
118944,1238,-147.63211982475835,1018.9771873619662,0.0,31.74480164507283,460.6998968593227,4.247865676879883,221.94205453939801,999.9999999999998,2026-07-18 00:00:00,0.0492037887161062
119040,1239,0.0,0.0,0.0,0.0,0.0,4.309892654418945,267.87642192203106,999.9999999999998,2026-07-26 00:00:00,0.018764539285555992
119136,1240,0.0,0.0,0.0,0.0,0.0,4.331432342529297,325.6496318019493,999.9999999999998,2026-06-20 00:00:00,0.3345336555272106
119232,1241,-5.378386498119869,16.886656300654845,0.0,1.14615250157146,16.77689246955774,4.3199968338012695,329.00816183587204,999.9999999999998,2026-07-11 00:00:00,0.8127657418296063
119328,1242,-160.7301193073927,26.533544346413358,0.0,73.67855733484164,346.3342047876023,4.281486988067627,325.59743939182874,999.9999999999998,2026-06-18 00:00:00,0.5563651057395697
119424,1243,0.0,0.0,0.0,0.0,0.0,4.286081790924072,321.477710559946,999.9999999999998,2026-07-04 00:00:00,0.304204376411065
119520,1244,-145.5759250146406,117.82392189381186,0.0,72.16400075342092,290.9936295941965,4.261136054992676,317.0799780341647,999.9999999999998,2026-07-17 00:00:00,0.42091167643347827
119616,1245,0.0,0.0,0.0,0.0,0.0,4.198450088500977,312.63544000935826,999.9999999999998,2026-06-28 00:00:00,0.1725619399805366
119712,1246,-157.62599038401504,32.20780111687354,0.0,67.0388648915839,360.0398043903706,4.231991767883301,305.18933630267713,999.9999999999998,2026-05-27 00:00:00,0.37291068725399146
119808,1247,0.0,0.0,0.0,0.0,0.0,4.196994304656982,297.57068414285055,999.9999999999998,2026-07-26 00:00:00,0.5063774899841498
119904,1248,-104.5564017498989,60.35597777064342,0.0,52.16192410671648,206.59738985560566,4.206637859344482,289.35491469360437,999.9999999999998,2026-06-16 00:00:00,0.9467170809810725
120000,1249,-154.51600370645528,144.69498329682875,0.0,66.9609093319975,348.1275563363819,4.341102123260498,235.18262186236612,993.9246115197149,2026-06-04 00:00:00,0.9918416166325352
120096,1250,-153.9106073901846,53.878883545695146,0.0,73.6400061841714,318.85888776854637,4.406993389129639,199.60747354918246,984.6125768498763,2026-07-02 00:00:00,0.36887801817186194
120192,1251,0.0,0.0,0.0,0.0,0.0,4.479740619659424,174.8050762261232,975.0319860719683,2026-06-06 00:00:00,0.8992908239506571
120288,1252,-134.51831647646264,470.68289041239996,0.0,58.743733009991736,299.63358760766204,4.5416669845581055,155.97110447225575,965.1831501924676,2026-06-01 00:00:00,0.47757860122338613
120384,1253,-157.27785797038476,116.96338521144166,0.0,67.13965276729454,358.1767847293383,4.503476619720459,141.14507113966656,955.066633487218,2026-06-24 00:00:00,0.5040163948438231
120480,1254,-155.83313831609232,89.17689166437889,0.0,68.1059665414799,349.5798360644045,4.478334426879883,128.94506893376598,944.6836805967716,2026-07-08 00:00:00,0.37306016109973716
120576,1255,-155.70007093071675,29.738829412731754,0.0,73.20381444083901,328.17863755810293,4.563320159912109,118.62820181390856,927.8599327383122,2026-06-26 00:00:00,0.8781353502737103
120672,1256,0.0,0.0,0.0,0.0,0.0,4.604516983032227,109.72222675595266,910.2409262657218,2026-05-23 00:00:00,0.7065218108877035
120768,1257,-166.7405527529418,69.90247658665125,0.0,70.43559007509096,382.80182904171744,4.754096984863281,101.92054687969551,892.4936281943502,2026-07-10 00:00:00,0.43596613974661436
120864,1258,-162.79035379472023,89.06704108727489,0.0,71.49056483483456,363.7625307913225,4.896936893463135,95.00590650001897,874.6375724832689,2026-07-01 00:00:00,0.18728374909183132
120960,1259,-152.26495780824783,93.05871864634543,0.0,68.64953085658148,332.2025426180511,5.0062713623046875,88.64776458063893,856.6927266665382,2026-07-01 00:00:00,0.3146705202140694
121056,1260,-144.69765855040012,217.6675756402612,0.0,70.6828199937468,292.51626300546445,4.907490253448486,82.95991414288181,838.6794263506672,2026-07-07 00:00:00,0.4889793005442815
121152,1261,-160.91992394342765,106.95948188065871,0.0,68.3463581460629,365.6080175850036,4.711485862731934,77.871261063519,820.6182785527039,2026-07-27 00:00:00,0.6621082694167744
121248,1262,0.0,0.0,0.0,0.0,0.0,4.646326065063477,73.2677542269749,802.5300623616155,2026-06-20 00:00:00,0.9398701563468141
121344,1263,-161.02748552819966,238.87866101445218,0.0,70.15504915971184,360.19816482066585,4.668481349945068,69.06115264405008,784.4356279735033,2026-07-06 00:00:00,0.13045172058581334
121440,1264,-133.15827011660016,42.14502622271359,0.0,72.40166404941685,240.68709267410722,4.6412858963012695,65.23187662552854,766.355795180405,2026-06-12 00:00:00,0.34775820138829716
121536,1265,0.0,0.0,0.0,0.0,0.0,4.626550674438477,61.69514572064189,748.3112524027197,2026-07-25 00:00:00,0.7201415429433076
121632,1266,-154.85178798912852,48.82702171642473,0.0,72.473088386316,327.28365369659684,4.5736870765686035,58.42289277298314,730.322457344872,2026-07-16 00:00:00,0.4416898009194362
121728,1267,-157.3017254038819,50.67025639820288,0.0,70.87732513647198,344.07413696749046,4.6400275230407715,55.3885610333524,712.4095403230896,2026-07-16 00:00:00,0.36968636318943937
121824,1268,0.0,0.0,0.0,0.0,0.0,4.761986255645752,52.57021690396065,694.5922112639854,2026-07-05 00:00:00,0.09628111768910597
121920,1269,-131.99696318916315,24943.784232968024,43.0,57.2320103206225,293.59850260306956,4.645196914672852,49.9360775957258,676.8896713043723,2026-05-21 00:00:00,0.28816420944215626
122016,1270,-156.5038054134309,117.32244174512327,0.0,69.86697307570236,344.4655787663714,4.57416296005249,49.60449806261549,803.5412248812005,2026-07-09 00:00:00,0.8609275292760877
122112,1271,-159.12217657168938,105.11711121130773,0.0,66.64012220110914,365.55437492346016,4.543656826019287,49.504339219857464,979.4727186542739,2026-07-27 00:00:00,0.5959361380808568
122208,1272,0.0,0.0,0.0,0.0,0.0,4.605423450469971,49.41067035910818,999.9999999999998,2026-06-06 00:00:00,0.8773217192239792
122304,1273,-148.64983751363738,402.469611008107,1.0,57.82125496327515,360.39620794974445,4.651461124420166,49.26551806550152,999.9999999999998,2026-06-01 00:00:00,0.29614215110749087
122400,1274,-172.83069203540705,265.7993748144053,0.0,67.30210384336381,417.4677104432482,4.63686466217041,49.1396074192826,999.9999999999998,2026-07-20 00:00:00,0.2158546744608778
122496,1275,-154.31775118803856,110.24665233436606,0.0,67.67764491815565,342.0925702585253,4.655953884124756,49.031183705264546,999.9999999999998,2026-07-17 00:00:00,0.5550263287628114
122592,1276,0.0,0.0,0.0,0.0,0.0,4.728702068328857,48.929441704589955,999.9999999999998,2026-07-26 00:00:00,0.9038745706279009
122688,1277,-149.1962930653225,1004.0472375210509,0.0,35.36935439461575,451.363643697508,4.687795162200928,48.82414489502959,999.9999999999998,2026-07-18 00:00:00,0.1893694872308842
122784,1278,0.0,0.0,0.0,0.0,0.0,4.646059513092041,48.83357638414816,999.9999999999998,2026-06-27 00:00:00,0.619694518168241
122880,1279,-196.05630454320357,94.96765226361586,0.0,72.57543899074567,490.8016766977863,4.741139888763428,48.84422186490884,999.9999999999998,2026-06-05 00:00:00,0.06520543487893027
122976,1280,0.0,0.0,0.0,0.0,0.0,4.752896785736084,48.85439302161575,999.9999999999998,2026-06-07 00:00:00,0.7434324577730208
123072,1281,0.0,0.0,0.0,0.0,0.0,4.775847911834717,48.83286443540452,999.9999999999998,2026-07-25 00:00:00,0.46082249479323323
123168,1282,0.0,0.0,0.0,0.0,0.0,4.876823425292969,48.79029245759878,999.9999999999998,2026-07-04 00:00:00,0.10045776392047989
123264,1283,0.0,0.0,0.0,0.0,0.0,4.942776679992676,48.743947227459415,999.9999999999998,2026-06-03 00:00:00,0.46117188132634
123360,1284,0.0,0.0,0.0,0.0,0.0,4.751062393188477,48.65484245355512,999.9999999999998,2026-05-30 00:00:00,0.4308727466613469
123456,1285,-157.48181615335363,62.81984676213095,1.0,72.1965010147151,338.2361654043865,4.601441383361816,48.54993922301708,999.9999999999998,2026-05-29 00:00:00,0.4835941871251589
123552,1286,0.0,0.0,0.0,0.0,0.0,4.528084754943848,48.45120712760931,999.9999999999998,2026-07-05 00:00:00,0.8887330907982078
123648,1287,-145.8989379591077,13.343871130298037,0.0,69.70961371089739,301.7402723260863,4.433875560760498,48.3398323258379,999.9999999999998,2026-06-19 00:00:00,0.5405120332351286
123744,1288,-155.88209227660843,115.16343436588352,0.0,67.73239951416457,349.76174123611685,4.347267150878906,48.214990541632375,999.9999999999998,2026-07-09 00:00:00,0.47172075816929504
123840,1289,-142.75384985741366,65.44701431247843,0.0,67.06268964975833,299.3748710704981,4.382785797119141,48.10818645009315,999.9999999999998,2026-05-29 00:00:00,0.25404959365239566
123936,1290,-148.959820523701,68.80551079198537,0.0,66.49100832504433,325.83766010299456,4.31109619140625,43.22075619797584,994.613899484428,2026-05-29 00:00:00,0.3297681483096705
124032,1291,-167.56330512526924,76.46389271639568,0.0,72.51007009179658,378.51127599299554,4.279136657714844,38.918007262886135,986.0525369182117,2026-07-08 00:00:00,0.201796225471768
124128,1292,-153.27386727244652,72.34938024598209,0.0,70.17130542785152,327.98532240171306,4.267806529998779,35.402398601913546,977.2297953941159,2026-06-09 00:00:00,0.980408805283522
124224,1293,-153.87658494421905,125.7144032710704,0.0,71.78614355164751,325.73610757405135,4.2039384841918945,32.4618829741497,968.1447790166809,2026-07-09 00:00:00,0.66071180727408
124320,1294,0.0,0.0,0.0,0.0,0.0,4.324863433837891,29.92396330010962,956.0698342514111,2026-06-07 00:00:00,0.1630866743986623
124416,1295,0.0,0.0,0.0,0.0,0.0,4.443927764892578,27.701794031772152,943.4485554066131,2026-06-27 00:00:00,0.41658152973577955
124512,1296,0.0,0.0,0.0,0.0,0.0,4.4167327880859375,25.74469811890311,930.5711802512458,2026-05-24 00:00:00,0.10693386529225846
124608,1297,-149.26163165995882,40.306100670961946,0.0,67.14927330626156,325.0234640222113,4.378335475921631,24.010922442108594,917.4454068394173,2026-07-24 00:00:00,0.5773020718797875
124704,1298,0.0,0.0,0.0,0.0,0.0,4.393225193023682,22.41414043664312,904.079817707046,2026-06-21 00:00:00,0.379652807860279
124800,1299,-165.14098410682666,228.68866496721637,0.0,68.65520978594127,382.16085407111717,4.352160453796387,20.9798032864196,890.4838867049832,2026-07-14 00:00:00,0.228747636142399
124896,1300,-168.97822259481285,39.28887699765191,0.0,70.58803887220397,390.8790781690569,4.39029598236084,19.692007805340626,876.6679671921986,2026-05-27 00:00:00,0.16200414628734283
124992,1301,-149.48062732492275,80.67376210068119,0.0,66.66942990603287,328.66627537813184,4.411098957061768,18.524834576480966,862.6432733898266,2026-07-08 00:00:00,0.5774771043463902
125088,1302,0.0,0.0,0.0,0.0,0.0,4.407079696655273,17.46216209191382,848.4218547485168,2026-06-27 00:00:00,0.47972540475461056
125184,1303,0.0,0.0,0.0,0.0,0.0,4.348728179931641,16.487452729422504,834.0165632702337,2026-05-31 00:00:00,0.5963498405055305
125280,1304,-161.9213847357187,199.07539495417475,0.0,70.31594572461887,360.61507032297453,4.273550987243652,15.589587942319435,819.4410138216333,2026-07-06 00:00:00,0.36615561467166724
125376,1305,-152.44413424960868,12.53180643937354,0.0,68.37661771996554,333.00390746545213,4.242096424102783,14.764841980941195,804.7095375771953,2026-06-19 00:00:00,0.2539638135297331
125472,1306,-146.67492032674406,55.7630971435425,0.0,72.31703957203187,294.9466597348095,4.149610996246338,13.998640892908188,786.600658203035,2026-07-02 00:00:00,0.7442620451317218
125568,1307,-160.15787401681624,34.74199535836169,0.0,66.64435375279699,370.8478495109468,4.059858798980713,13.28682614266934,768.1778498760879,2026-07-24 00:00:00,0.1832327004958454
125664,1308,-155.49650262014544,220.6617786982119,0.0,69.15287986213151,340.0949404498899,3.9895894527435303,12.623268391052903,749.8066736426674,2026-07-06 00:00:00,0.3842614810964814
125760,1309,-159.28569188633026,107.29850912886401,0.0,68.11932801023794,361.3517395262537,4.043055057525635,12.004878487288988,731.507777429724,2026-06-23 00:00:00,0.7822669707828097
125856,1310,-221.04126796318812,13.993044092186937,0.0,71.20624372127963,596.7344566195123,4.112274169921875,11.426160169283985,713.3013891377575,2026-06-19 00:00:00,0.008074929829197441
125952,1311,-136.85549296436682,23261.824827133074,0.0,71.77724196255043,257.8095898705774,4.093526363372803,10.88167576266361,695.2072397737925,2026-05-19 00:00:00,0.7842998921154631
126048,1312,-152.81510689955212,89.8625131978378,0.0,71.19848603057429,323.8316768829303,4.090904712677002,10.77372295766015,677.2444773333096,2026-06-25 00:00:00,0.5662521686202254
126144,1313,-160.31889397849298,110.77979389461579,0.0,68.15794943144773,364.5006304248043,4.139286041259766,10.70748003732414,659.4315868202741,2026-06-02 00:00:00,0.17016861305024011
126240,1314,-155.10935707302818,57.928799022913715,0.0,65.16767242819392,356.02816451488854,4.105493545532227,10.638605852339428,641.786317086357,2026-06-09 00:00:00,0.5917088713803135
126336,1315,-122.40276052629841,13632.270289308894,3.0,68.02790296972906,216.3982595719805,4.000614166259766,10.568442604780914,624.3256150517085,2026-05-22 00:00:00,0.6529459294861076
126432,1316,-146.1608755115744,107.65687074046276,0.0,69.69172625228923,302.3649979239545,4.0247344970703125,10.787710399130004,616.2040981827977,2026-07-03 00:00:00,0.7427307847827671
126528,1317,-152.31878330732934,124.42409736337518,0.0,72.7097340092496,314.658018023697,4.090606689453125,11.062758825106558,608.8794584792043,2026-07-17 00:00:00,0.4887720744707008
126624,1318,0.0,0.0,0.0,0.0,0.0,4.1688642501831055,11.368178379279815,601.3847964051471,2026-07-25 00:00:00,0.5839951863152342
126720,1319,-131.30904637326256,47.73054087964481,0.0,66.07522965397527,257.4318632455798,4.212918758392334,11.706014288580375,593.7231639670891,2026-06-12 00:00:00,0.9395671014557733
126816,1320,-149.75038715868703,23241.793587977292,0.0,72.26335685965155,306.9319464321841,4.264919281005859,12.074895585515554,585.8981973288032,2026-05-19 00:00:00,0.163679086120033
126912,1321,-163.21966142342916,271.5274784025485,0.0,71.84207332309619,361.28053881372585,4.3208699226379395,13.346679794487356,577.9140836658335,2026-07-20 00:00:00,0.9087295812052485
127008,1322,-143.65613264492146,120.38784962537697,0.0,71.85724299804853,283.5809195664923,4.258228302001953,15.010029842864206,569.7755657168149,2026-07-03 00:00:00,0.798582131796312
127104,1323,-159.80480255190258,135.59123189941164,0.0,74.29394309113205,339.4270790260168,4.184206485748291,17.074250571685674,561.4879426587273,2026-06-08 00:00:00,0.14616475701824372
127200,1324,-160.0022157169152,250.1171088715163,0.0,68.89740112836067,360.54784729219097,4.267050266265869,19.65438813893003,553.057067077382,2026-06-29 00:00:00,0.7432723241908519
127296,1325,0.0,0.0,0.0,0.0,0.0,4.294034481048584,22.89028478515663,544.4893378442862,2026-06-03 00:00:00,0.11899015058753426
127392,1326,-157.04702228291282,25.19919340946105,0.0,71.35990503418103,339.67839867217543,4.341914653778076,26.956962181248155,535.791688755246,2026-06-18 00:00:00,0.3350150160871592
127488,1327,-154.40157937847937,81.05523877631589,0.0,66.38968372748784,349.1570347863612,4.332730293273926,32.07661409946714,526.9715728362488,2026-07-01 00:00:00,0.4859306754059036
127584,1328,-177.1128822412288,108.61388891910414,0.0,76.34662854578957,399.60819008338797,4.369786739349365,38.54093296476523,518.0369422772176,2026-06-08 00:00:00,0.24213592328484157
127680,1329,-168.86715661411844,161.94838919648768,0.0,73.32045395242646,379.02290043671474,4.419198989868164,46.6716958530403,508.99622401375507,2026-06-22 00:00:00,0.11795438483598308
127776,1330,-134.26269843239126,25148.866360767905,0.0,66.70529537054149,266.89991399412526,4.442129611968994,56.930938816550515,499.85829103945383,2026-05-21 00:00:00,0.39687111376229656
127872,1331,0.0,0.0,0.0,0.0,0.0,4.450434684753418,76.66519036617281,490.63242959576803,2026-06-03 00:00:00,0.24091225607761857
127968,1332,-141.60908604264105,219.9823125034646,0.0,66.06529005005005,298.3115635116528,4.454509735107422,92.98232200584674,481.3283024514137,2026-07-07 00:00:00,0.8655551209639709
128064,1333,-151.11802829878755,15.260390022233818,0.0,68.42421659371612,327.12501588350995,4.4057722091674805,112.6618678782993,471.9559085470577,2026-06-19 00:00:00,0.12447017080314782
128160,1334,-154.5646620437857,88.14516663645476,0.0,66.69651055164337,348.96661474660505,4.407654762268066,137.41455570387464,462.52553934245407,2026-07-15 00:00:00,0.3113190826787583
128256,1335,-167.04056730872034,260.34607648756224,0.0,69.57640203760567,387.4537378786657,4.348484039306641,168.59349346511428,453.04773226038014,2026-07-13 00:00:00,0.9550173690478285
128352,1336,-164.50658068967172,281.79957037559967,0.0,75.520524999607,353.3348387486325,4.246068954467773,194.87457960579783,431.70602923790483,2026-07-20 00:00:00,0.6619570021637213
128448,1337,-114.43972450496346,22237.932248632555,0.0,54.95835126319968,236.01445731012623,4.282869815826416,226.5051345215675,410.514373696727,2026-05-20 00:00:00,0.2031143638159827
128544,1338,-103.57370672270015,22373.59534693498,0.0,53.25644665876432,198.21151241057672,4.196156978607178,296.4558062823245,390.6533449286431,2026-05-20 00:00:00,0.9695550487501415
128640,1339,-148.77288121653575,1004.1406637486414,0.0,35.772886067216575,450.38072434679606,4.1337385177612305,411.93128622552945,372.00605133027,2026-07-18 00:00:00,0.8292419429925
128736,1340,-153.1111989126405,105.47009463298805,0.0,73.24340661866232,316.67397401389445,4.128018856048584,549.7715939944035,354.4696582462507,2026-07-15 00:00:00,0.5826732545574036
128832,1341,-162.58926196805933,92.40219686419286,0.0,67.34830121876693,378.0737216146201,4.3769426345825195,669.293707471154,337.95328214327236,2026-07-27 00:00:00,0.3798680338366882
128928,1342,0.0,0.0,0.0,0.0,0.0,4.39506721496582,813.8439028410846,322.3762244251592,2026-07-28 00:00:00,0.9546466136415293
129024,1343,-157.38285504911337,100.3733571613675,0.0,63.14741213986972,374.12068211842,4.482964515686035,995.4581788142156,307.6665170868238,2026-06-02 00:00:00,0.3225954570320262
129120,1344,0.0,0.0,0.0,0.0,0.0,4.772181510925293,999.9999999999998,293.75971682465797,2026-05-23 00:00:00,0.4954684299847879
129216,1345,-146.00805160790955,126.13092806368438,0.0,68.1172831044907,308.79551059441326,4.982326984405518,999.9999999999998,280.59789869767843,2026-07-17 00:00:00,0.26318514659317327
129312,1346,0.0,0.0,0.0,0.0,0.0,5.093456745147705,999.9999999999998,268.1288112611584,2026-07-25 00:00:00,0.4716664065826389
129408,1347,-138.61462768743758,23138.56055803818,0.0,64.94480658142815,291.41862889342116,5.3171257972717285,999.9999999999998,256.3051632732079,2026-05-19 00:00:00,0.6801304996561635
129504,1348,-169.51797287475893,22.345952699971487,0.0,62.373726108689034,426.2525004992857,5.417992115020752,999.9999999999998,245.08401831087778,2026-06-18 00:00:00,0.06650956466615676
129600,1349,-125.75337773472555,56.00940329299009,19.0,48.367277880388585,306.2381699159439,5.65778923034668,999.9999999999998,234.42627842913802,2026-06-12 00:00:00,0.11626936516792119
129696,1350,-150.29334404378278,17.895197327047317,0.0,68.08011410704442,325.77276144832814,5.934440612792969,999.9999999999998,261.2449239029164,2026-05-26 00:00:00,0.7220365290592751
129792,1351,-105.79308303431118,2027.5409548401688,0.0,26.76373136066205,313.72546811178876,6.064439296722412,999.9999999999998,298.8484021032668,2026-07-19 00:00:00,0.3370124228367033
129888,1352,-146.82246089630365,82.799761739076,0.0,63.15805308361668,332.3148835412947,6.197881698608398,999.9999999999998,345.7999789820287,2026-07-08 00:00:00,0.786143639291982
129984,1353,-159.71340144848372,298.61126254518365,0.0,68.17178233700795,363.2975222488139,6.402266979217529,999.9999999999998,404.6998179554787,2026-07-13 00:00:00,0.6272179852339268
130080,1354,0.0,0.0,0.0,0.0,0.0,6.502500534057617,999.9999999999998,478.825343774582,2026-06-27 00:00:00,0.14779266028633686
130176,1355,-121.24130537164702,1936.1353590104504,0.0,25.227041084001225,381.37368461487773,6.678062438964844,999.9999999999998,572.2762087373742,2026-07-19 00:00:00,0.10211289500691156
130272,1356,-151.5975398710403,84.03301848975052,0.0,64.5249634389969,345.1856495097341,6.824765682220459,999.9999999999998,690.1531008107461,2026-07-01 00:00:00,0.5960377061308068
130368,1357,-133.34988178074198,84.97747268223793,0.0,66.54053450213881,263.05033120489907,6.971685409545898,999.9999999999998,838.785138086421,2026-05-29 00:00:00,0.972185554595781
130464,1358,-192.30575386631602,113.59637037893096,0.0,63.881780375810095,509.8661045652608,7.132177352905273,999.9999999999998,999.9999999999998,2026-06-08 00:00:00,0.025829260089421324
130560,1359,0.0,0.0,0.0,0.0,0.0,7.132005214691162,999.9999999999998,999.9999999999998,2026-06-07 00:00:00,0.6133529837586883
130656,1360,-143.73147025606693,131.25426449025517,0.0,66.30331471946322,304.98194333005637,7.185598373413086,999.9999999999998,999.9999999999998,2026-07-17 00:00:00,0.8698993023226627
130752,1361,-147.8895555742376,155.23368752996097,0.0,67.69711241496934,318.6638388234809,7.244772434234619,999.9999999999998,999.9999999999998,2026-06-05 00:00:00,0.9970795596857566
130848,1362,-144.51114012718753,141.14032963099476,0.0,71.76918067058172,287.0671971758929,7.319766521453857,999.9999999999998,999.9999999999998,2026-07-09 00:00:00,0.7651861689958176
130944,1363,0.0,0.0,0.0,0.0,0.0,7.605703830718994,999.9999999999998,999.9999999999998,2026-07-12 00:00:00,0.7108707924953697
131040,1364,0.0,0.0,0.0,0.0,0.0,7.734886646270752,999.9999999999998,999.9999999999998,2026-06-03 00:00:00,0.09779560540972299
131136,1365,0.0,0.0,0.0,0.0,0.0,7.796700954437256,999.9999999999998,999.9999999999998,2026-05-24 00:00:00,0.003756659565903986
131232,1366,-150.24095259352532,103.04408762748963,0.0,68.7573537588967,321.15588032714425,8.008967399597168,999.9999999999998,999.9999999999998,2026-07-01 00:00:00,0.1669239392914018
131328,1367,-157.7035607354502,83.45560059227539,14.0,67.30477697277159,356.751730607679,8.18205451965332,999.9999999999998,999.9999999999998,2026-05-25 00:00:00,0.5054016828033913
131424,1368,-172.05721108632267,78.04948317047875,0.0,65.0387517623883,424.34642962721625,8.434526443481445,933.3287905892123,999.9999999999998,2026-05-28 00:00:00,0.07996718281454362
131520,1369,-118.8537175613801,1054.6015239246985,0.0,25.18672723755308,371.21830890907984,8.62261962890625,868.1278713444732,999.9999999999998,2026-07-18 00:00:00,0.1768099480597065
131616,1370,-171.2167982472546,100.53763742297096,0.0,67.22143087196356,412.3649750038052,8.631819725036621,812.4311053275854,999.9999999999998,2026-06-24 00:00:00,0.17906007518673672
131712,1371,0.0,0.0,0.0,0.0,0.0,8.795790672302246,762.6002693772082,999.9999999999998,2026-06-07 00:00:00,0.8311967131869966
131808,1372,0.0,0.0,0.0,0.0,0.0,8.835247039794922,713.7697014075005,999.9999999999998,2026-07-04 00:00:00,0.8770196330955674
131904,1373,-179.748134529153,238.0556759088477,0.0,57.33560643112659,485.0567428103466,8.785338401794434,669.2888864034355,999.9999999999998,2026-07-07 00:00:00,0.004525596941502785
132000,1374,0.0,0.0,0.0,0.0,0.0,8.977596282958984,628.9074840981438,999.9999999999998,2026-07-25 00:00:00,0.3719059134956232
132096,1375,-161.87477718513105,77.20856963621216,0.0,73.03153109655943,352.75903398560393,8.9649019241333,592.1381391700446,999.9999999999998,2026-05-28 00:00:00,0.6114614544536084
132192,1376,-138.92322883895304,72.14372805483669,0.0,64.74803700098202,292.66238293258215,8.845775604248047,556.2592451612796,999.9999999999998,2026-05-29 00:00:00,0.9538138738408336
132288,1377,0.0,0.0,0.0,0.0,0.0,8.703470230102539,523.3991453357672,999.9999999999998,2026-06-28 00:00:00,0.2046754873639952
132384,1378,0.0,0.0,0.0,0.0,0.0,8.789103507995605,493.2993692792027,999.9999999999998,2026-07-04 00:00:00,0.5075623323674903
132480,1379,-152.03023762348505,37.567356811902734,0.0,71.36373174232256,319.74847827971416,8.788309097290039,465.58182758518154,999.9999999999998,2026-05-27 00:00:00,0.7975678215305944
132576,1380,-156.92728319606306,82.12421016707421,0.0,72.22386126332115,335.20261226722573,8.752930641174316,440.09604559294496,999.9999999999998,2026-07-08 00:00:00,0.8334542306256918
132672,1381,-153.31844143534795,47.98374410709839,0.0,68.02217049345879,338.20626566075634,8.665580749511719,416.51825660632943,999.9999999999998,2026-05-27 00:00:00,0.9060990998285279
132768,1382,0.0,0.0,0.0,0.0,0.0,8.5566987991333,394.5911373334169,999.9999999999998,2026-06-20 00:00:00,0.25910722312961754
132864,1383,-175.13164964565453,126.14283658519903,0.0,70.85467683531321,413.70554875171507,8.633495330810547,374.12351758760593,999.9999999999998,2026-07-23 00:00:00,0.04973149073676342
132960,1384,-163.48733682022183,51.33253768213656,2.0,65.49198617686214,387.4371429710113,8.612013816833496,355.14720636553255,999.9999999999998,2026-06-09 00:00:00,0.14312223097257293
133056,1385,-154.26247636964536,242.10251368901302,4.0,68.57751354465587,337.78224530248997,8.501120567321777,337.4741034662327,999.9999999999998,2026-07-06 00:00:00,0.8641207936995676
133152,1386,0.0,0.0,0.0,0.0,0.0,8.535080909729004,321.07593275620445,999.9999999999998,2026-06-20 00:00:00,0.6735103768867153
133248,1387,-154.15438730598777,112.1244912873772,0.0,63.99800897248693,355.88695135156553,8.456096649169922,305.6473047228034,999.9999999999998,2026-06-23 00:00:00,0.5607142756486503
133344,1388,-161.64735086966888,132.8331400838817,0.0,71.89860242210608,356.5957510602693,8.661916732788086,291.1584116118524,999.9999999999998,2026-06-04 00:00:00,0.765327088576239
133440,1389,0.0,0.0,0.0,0.0,0.0,8.59400749206543,277.54793426587383,999.9999999999998,2026-05-30 00:00:00,0.7750702796143819
133536,1390,-146.76150515104902,22.433955602732865,2.0,66.81527807839542,315.7179620277159,8.659919738769531,264.26137322655615,999.9999999999998,2026-05-26 00:00:00,0.4555402660732525
133632,1391,-157.3252720502871,231.02443912652703,3.0,68.20155353620542,352.1712475129738,8.890543937683105,251.69518563298698,999.9999999999998,2026-07-06 00:00:00,0.34825484502555626
133728,1392,-156.54618322274592,42.760925301773966,0.0,73.6308781392867,329.7921407536292,8.97737979888916,239.9577221394087,999.9999999999998,2026-07-02 00:00:00,0.4865908935810579
133824,1393,-154.49139230634975,26.160632387451233,1.0,74.18721816258623,318.0911231489467,8.73666000366211,228.91287712500184,999.9999999999998,2026-05-26 00:00:00,0.6492497847954373
133920,1394,-126.50781323313996,13649.177865499421,0.0,62.129503572244566,251.6084970309089,8.664544105529785,218.41035324864683,999.9999999999998,2026-05-22 00:00:00,0.1922425876591548
134016,1395,-167.10636026283728,164.96618368097887,2.0,69.47045395911063,387.67440477906405,8.492158889770508,213.0150286884441,999.9999999999998,2026-06-22 00:00:00,0.5119208476985211
134112,1396,0.0,0.0,0.0,0.0,0.0,8.447418212890625,208.1531890757832,999.9999999999998,2026-06-03 00:00:00,0.6754527496260367
134208,1397,-123.13050469848501,22078.809200253174,4.0,51.63574491450698,281.2583444382638,8.38546371459961,203.2768860333742,999.9999999999998,2026-05-20 00:00:00,0.06424472757576571
134304,1398,-161.05490121654418,93.56357005922236,0.0,72.60160326147651,351.2148398805825,8.227882385253906,206.1816504183128,999.9999999999998,2026-07-03 00:00:00,0.48428146409281425
134400,1399,-165.1547540348363,119.1694036188677,0.0,65.32721529034355,396.59252067939815,8.057957649230957,210.23638231101765,999.9999999999998,2026-06-05 00:00:00,0.5641482423617641
134496,1400,0.0,0.0,0.0,0.0,0.0,8.061479568481445,214.69481352238938,999.9999999999998,2026-05-23 00:00:00,0.11485183459422321
134592,1401,0.0,0.0,0.0,0.0,0.0,7.951513767242432,219.53254537526996,999.9999999999998,2026-06-06 00:00:00,0.9554453909699967
134688,1402,-168.64842352109477,248.71625814721432,0.0,69.94211006667179,391.15000422153304,7.8406453132629395,224.80320007779417,999.9999999999998,2026-07-20 00:00:00,0.4120303497900438
134784,1403,0.0,0.0,0.0,0.0,0.0,7.719002723693848,230.73137315105777,999.9999999999998,2026-06-28 00:00:00,0.2500870472347754
134880,1404,-121.90367329615883,1940.5901860406293,0.0,27.045160930841494,376.1015971503497,7.656410217285156,237.2062459118928,999.9999999999998,2026-07-19 00:00:00,0.8099505748148431
134976,1405,-167.7993833525546,85.70613373722601,0.0,68.45009426412292,394.41302727525004,7.623882293701172,245.68045247473705,999.9999999999998,2026-06-23 00:00:00,0.40988595906142
135072,1406,-147.02361715798563,131.27594104634696,0.0,72.28817033752078,296.9190305408919,7.457973957061768,255.20179085456502,999.9999999999998,2026-07-09 00:00:00,0.8160906069621138
135168,1407,-175.97374108669965,45.74085523070853,0.0,60.037549929351286,460.5886940536892,7.340123176574707,266.025331561752,999.9999999999998,2026-07-02 00:00:00,0.0015005489242511105
135264,1408,0.0,0.0,0.0,0.0,0.0,7.317573070526123,278.22920037175794,999.9999999999998,2026-06-06 00:00:00,0.3341247973800795
135360,1409,-138.42964202137514,45.20417525267372,0.0,65.93108410283986,286.22128317862405,7.304474830627441,291.96333504577444,999.9999999999998,2026-06-12 00:00:00,0.43104078023594217
135456,1410,-163.43383458856093,190.9628082109775,0.0,69.30205675210269,372.89191725396626,7.265618801116943,307.723097587293,999.9999999999998,2026-07-06 00:00:00,0.14925404254034624
135552,1411,-159.4982327390188,108.45475816801817,0.0,75.89856632621189,331.19808442204743,7.250149726867676,326.1417437495184,999.9999999999998,2026-06-02 00:00:00,0.7733062275250527
135648,1412,-146.7723655038104,55.25851311024465,0.0,66.3681475723613,317.953371211319,7.207533359527588,347.346870059492,999.9999999999998,2026-06-09 00:00:00,0.4226074625682007
135744,1413,-162.35868883125866,246.43258312184287,0.0,68.91624367405225,369.946775210644,7.104791641235352,372.142932873105,999.9999999999998,2026-07-21 00:00:00,0.3008633590571391
135840,1414,-163.97633144845918,221.43288009772147,1.0,68.39723816267238,378.6157438142906,7.014345645904541,401.90626230012697,999.9999999999998,2026-06-29 00:00:00,0.2812049998640249
135936,1415,0.0,0.0,0.0,0.0,0.0,7.281164169311523,399.9249696375897,999.9999999999998,2026-07-25 00:00:00,0.1971986178226356
136032,1416,-139.0639340877747,25016.095623653346,2.0,63.64238648345011,295.9636547183256,7.196436405181885,393.8075335774809,999.4450481198834,2026-05-21 00:00:00,0.7645931214090707
136128,1417,-163.0706171380759,257.9156356569476,0.0,69.4836860476714,370.0076595198858,7.090907573699951,460.66951781000654,999.9999999999998,2026-07-21 00:00:00,0.15024187272872336
136224,1418,-157.6616708257111,96.7490807919335,0.0,74.78632396001834,328.73359086179363,6.934360027313232,472.44978545962505,976.2202915559412,2026-06-23 00:00:00,0.40581176150328613
136320,1419,-134.61729282457404,37.117224098440296,0.0,61.29237494447101,290.4074959962618,7.034903526306152,477.1367780420048,948.2980046109304,2026-06-12 00:00:00,0.2821705122372521
136416,1420,0.0,0.0,0.0,0.0,0.0,7.035286903381348,481.8186861480946,920.7863154069396,2026-05-30 00:00:00,0.19566094910223675
136512,1421,-159.4876973424745,310.71476938856443,0.0,74.54229719225238,336.2847391052942,7.19017219543457,486.7916103237665,893.7053990261638,2026-07-13 00:00:00,0.9119407540434933
136608,1422,0.0,0.0,0.0,0.0,0.0,7.084082126617432,493.57293437159467,867.0734971938441,2026-05-23 00:00:00,0.9412118032254424
136704,1423,-151.3662180736053,23.998256306194392,0.0,67.36966891943825,332.2915215937508,7.016624450683594,499.78597451216547,840.9071255668766,2026-05-26 00:00:00,0.40149195228287016
136800,1424,0.0,0.0,0.0,0.0,0.0,6.956234931945801,506.46269895305244,815.2210747151523,2026-05-24 00:00:00,0.3674063419494934
136896,1425,-162.9456926173854,85.26635069718841,0.0,73.3607044164013,357.68095502973773,7.122439384460449,502.51170778593547,790.0284227163437,2026-07-01 00:00:00,0.1954501354142001
136992,1426,-6.667086229392164,16.886656300654845,0.0,1.188524754711014,21.717029327751206,7.223081588745117,497.2924231859412,765.3405585236364,2026-07-11 00:00:00,0.7284419916579626
137088,1427,0.0,0.0,0.0,0.0,0.0,7.236763954162598,491.2559756941621,741.167215179151,2026-05-23 00:00:00,0.5806585236835872
137184,1428,-165.76092181052397,263.2119647631408,0.0,67.04483782436894,391.36168688098,7.118897914886475,484.73589376450667,717.5165118905087,2026-07-20 00:00:00,0.49752454567513205
137280,1429,-159.49775901628405,78.65738717214896,0.0,70.83207915338504,354.3343722955486,7.006850719451904,479.68343636721187,694.3950039535711,2026-07-01 00:00:00,0.6825552345575718
137376,1430,-102.03308308402812,2056.5471366631846,0.0,22.748642370830648,314.2311943042644,6.928295612335205,474.88064232890247,671.8077394897238,2026-07-19 00:00:00,0.17290580576615133
137472,1431,-153.8924215827172,302.66769649118817,0.0,66.35476687572213,344.0002437307354,6.874874591827393,482.4843869603057,649.7583219693605,2026-07-13 00:00:00,0.79432047863306
137568,1432,-155.835294128129,25.522514244503494,0.0,63.65352528228565,363.8706833372956,6.738550662994385,493.5741498367594,628.2489775126464,2026-06-26 00:00:00,0.18188621406036443
137664,1433,-158.117622819608,20.678100428928413,0.0,73.97180488924123,334.54255341256135,6.812180519104004,505.64921166122406,607.2806259919009,2026-06-18 00:00:00,0.9608716921342926
137760,1434,-168.14923330577403,262.3270507553749,3.0,68.71874521018225,393.3363585363043,6.818636417388916,516.8586220210377,586.8529550049766,2026-07-13 00:00:00,0.18056789263781203
137856,1435,0.0,0.0,0.0,0.0,0.0,6.801990985870361,529.3099872550157,584.2894609915173,2026-07-26 00:00:00,0.6367225917999292
137952,1436,-160.21069542755586,251.88991899255882,0.0,67.48532961595114,365.86989464063083,6.772792339324951,543.033060816797,583.5203666829854,2026-07-21 00:00:00,0.8039404340440615
138048,1437,0.0,0.0,0.0,0.0,0.0,6.912524700164795,406.09332818055196,563.8149083395997,2026-06-07 00:00:00,0.7939478487340683
138144,1438,-159.42387905725792,205.02492937689215,0.0,65.07573818536541,371.2188113532766,7.0268659591674805,333.704974479301,542.8472841472814,2026-07-06 00:00:00,0.15924538193980098
138240,1439,-152.6601479993424,253.43868502047712,0.0,65.82931792097504,341.2852994396547,7.1245317459106445,287.64631708221316,522.6070362753337,2026-07-14 00:00:00,0.28987440161405076
138336,1440,-142.2375254941318,296.87784314009514,0.0,68.07469263149544,291.5063692186659,6.990159034729004,254.43209346126147,503.07358096664876,2026-06-30 00:00:00,0.6001771253848104
138432,1441,0.0,0.0,0.0,0.0,0.0,6.893482685089111,228.84382069417072,484.2264304384415,2026-06-27 00:00:00,0.5261220445843835
138528,1442,0.0,0.0,0.0,0.0,0.0,6.957045078277588,207.8230346876725,466.0453173970402,2026-07-26 00:00:00,0.9875184980242085
138624,1443,0.0,0.0,0.0,0.0,0.0,6.690751552581787,190.26020409892013,448.51023016075595,2026-07-04 00:00:00,0.50531505990676
138720,1444,-158.9978660543279,96.50457954310865,0.0,67.39070928311644,364.97195045685214,6.661429405212402,175.28017174380446,431.6014435822718,2026-07-22 00:00:00,0.1804502438736495
138816,1445,-152.30870260260593,71.1599122938734,0.0,63.89827190658156,349.5244857922798,6.561044216156006,162.34796083637704,415.29954605484903,2026-07-10 00:00:00,0.8782210040759673
138912,1446,-150.22112527980693,53.31879974416797,0.0,67.24351453404944,327.05421052453767,6.564236164093018,150.9912352752808,399.5854628773338,2026-06-09 00:00:00,0.2633497944961407
139008,1447,-203.59412625039974,101.99939895515368,0.0,65.91754989376993,546.6590311756939,6.509753704071045,140.92743064322715,384.4404762452445,2026-07-09 00:00:00,0.011640611781066457
139104,1448,-198.69811679506032,87.5153437627594,0.0,67.12190182425617,520.4665837158725,6.437872409820557,131.95226921702894,369.8462421262473,2026-07-27 00:00:00,0.02700616956408919
139200,1449,-151.83455087827275,12.341007071509823,0.0,65.79879063400884,341.03042875277896,6.270216464996338,123.80598879718264,355.78480426814633,2026-06-19 00:00:00,0.29839043773795837
139296,1450,0.0,0.0,0.0,0.0,0.0,6.219690799713135,116.39521079714295,342.2386055765218,2026-06-27 00:00:00,0.9572302895955136
139392,1451,-158.97866561088895,104.50274502468068,6.0,67.62100579394867,361.9108454817275,6.260142803192139,109.14647064525879,329.1904970877153,2026-07-27 00:00:00,0.5433012703670228
139488,1452,-157.73165575995222,124.82860831482843,0.0,67.43592557069995,358.1347578764789,6.3688883781433105,102.49337518296564,351.3461217850684,2026-06-05 00:00:00,0.8074808797687838
139584,1453,0.0,0.0,0.0,0.0,0.0,6.370573043823242,96.46219824178202,381.6954194341747,2026-07-05 00:00:00,0.1785783889910696
139680,1454,-158.90408023632827,84.29370241161575,0.0,67.9428764416551,362.5967035238744,6.4440155029296875,90.94827794584205,418.06817162537413,2026-05-28 00:00:00,0.8823092756633379
139776,1455,0.0,0.0,0.0,0.0,0.0,6.510678768157959,85.85689645720292,430.9802327668393,2026-06-06 00:00:00,0.9795677743611765
139872,1456,0.0,0.0,0.0,0.0,0.0,6.5126848220825195,81.16611735464087,442.0198967808744,2026-06-07 00:00:00,0.024656500927034974
139968,1457,-154.11787618354228,46.39177572863497,0.0,69.17671405027308,337.403799957321,6.374072074890137,76.79622548766342,454.179960320384,2026-07-16 00:00:00,0.6698447264221603
140064,1458,0.0,0.0,0.0,0.0,0.0,6.321690082550049,72.75290747314835,467.61852158900086,2026-07-25 00:00:00,0.2596277196814961
140160,1459,-158.1846505779317,228.13173628311887,0.0,70.45591116164853,347.1667613175767,6.5358195304870605,68.9733223826517,482.52307939717736,2026-07-06 00:00:00,0.916659681901612
140256,1460,0.0,0.0,0.0,0.0,0.0,6.505789279937744,65.4515719399673,499.11753289904584,2026-06-21 00:00:00,0.5603608436531017
140352,1461,-155.34505007222876,274.8133693608109,0.0,68.22633575175892,344.1192708881803,6.3376054763793945,62.135718951282726,517.6709637579667,2026-06-30 00:00:00,0.8934845084447756
140448,1462,0.0,0.0,0.0,0.0,0.0,6.282742977142334,59.064729097687085,538.508924193159,2026-07-04 00:00:00,0.9320335706093664
140544,1463,-159.62369178720067,288.2800282525936,4.0,69.02543691279077,359.92276304763107,6.415674686431885,56.19162812931797,562.0280421019437,2026-06-29 00:00:00,0.4001650058746823
140640,1464,0.0,0.0,0.0,0.0,0.0,6.6513285636901855,53.52109555991645,694.1298089574415,2026-06-28 00:00:00,0.5204286139543614
140736,1465,-151.91981612843773,48.493524943567586,0.0,71.9496050277465,317.23133192290084,6.531594276428223,51.00280911107317,870.4180622350199,2026-07-02 00:00:00,0.9091939605919024
140832,1466,0.0,0.0,0.0,0.0,0.0,6.53062629699707,48.62795312963513,999.9999999999998,2026-06-07 00:00:00,0.8710958399281296
140928,1467,-206.3966351689798,21.781764893183293,0.0,68.92706557772354,547.3601523924384,6.544145107269287,46.383907460187636,999.9999999999998,2026-06-18 00:00:00,0.028249125835520528
141024,1468,-194.07190083365404,295.14467467139724,0.0,67.38030084873951,502.03466334365504,6.558802127838135,44.25917755409545,999.9999999999998,2026-07-20 00:00:00,0.028522585974410042
141120,1469,-160.87180497173412,105.16970478243144,0.0,64.45304371139008,382.56265963794186,6.600707530975342,42.264378012324556,999.9999999999998,2026-07-17 00:00:00,0.1652891736492187
141216,1470,-160.00938411436172,94.0057084697806,0.0,71.42022561569647,351.1094811389668,6.614240646362305,40.3828974248601,999.9999999999998,2026-06-23 00:00:00,0.7192696465341465
141312,1471,-146.70594101757465,95.07716481666563,0.0,73.96106326961117,289.325894995692,6.546307563781738,38.6052537861487,999.9999999999998,2026-05-25 00:00:00,0.3060866008851051
141408,1472,-127.01816751672285,1928.3000513733941,0.0,31.93097000077576,378.40353580766913,6.455550193786621,36.91787825104525,978.1730588710093,2026-07-19 00:00:00,0.7626676937554462
141504,1473,0.0,0.0,0.0,0.0,0.0,6.364665508270264,35.41109937402178,948.9402943782662,2026-06-20 00:00:00,0.789960888855049
141600,1474,0.0,0.0,0.0,0.0,0.0,6.289358615875244,33.978844572885514,920.2237143096634,2026-07-29 00:00:00,0.08665684575398225
141696,1475,-154.98122208864976,97.41482733457187,0.0,74.44215930353182,320.11215959971025,6.144918441772461,32.603100608601736,892.0398516846171,2026-06-25 00:00:00,0.6973717168988338
141792,1476,-161.6570487748763,85.93087384325436,0.0,68.2296670298308,372.63177561912005,6.05585241317749,31.28992418030969,864.4026955377059,2026-06-17 00:00:00,0.45380314022266355
141888,1477,-197.06070917317712,107.37732822233674,0.0,70.50585456643594,503.92512977190194,6.133648872375488,30.036151719506663,837.3243808531039,2026-07-22 00:00:00,0.02636244325578796
141984,1478,0.0,0.0,0.0,0.0,0.0,6.254957675933838,28.837371484214756,810.8152274932813,2026-06-03 00:00:00,0.9646457524383278
142080,1479,0.0,0.0,0.0,0.0,0.0,6.312882900238037,27.688101099605827,784.8837886162551,2026-05-23 00:00:00,0.31054705041097874
142176,1480,-113.04223553450069,1968.4179299737802,0.0,26.488426785310608,342.54453723656576,6.518599510192871,26.5768280042902,759.5369074832839,2026-07-19 00:00:00,0.730356256171587
142272,1481,-161.22823889883026,88.29506504631867,0.0,67.54593592215426,373.3462149030961,6.499809741973877,25.58612711262851,734.7797815192808,2026-07-01 00:00:00,0.2502511362167179
142368,1482,-158.42943139963378,289.6680595290934,0.0,68.99736705220211,353.88982312582203,6.20220947265625,24.630518368681294,710.6160324961401,2026-07-13 00:00:00,0.26930773626916116
142464,1483,0.0,0.0,0.0,0.0,0.0,6.005422115325928,23.71809219428717,687.0477817341617,2026-06-27 00:00:00,0.1377598049288269
142560,1484,0.0,0.0,0.0,0.0,0.0,5.969614028930664,22.82808656415708,600.5442209277113,2026-05-24 00:00:00,0.6216505722316924
142656,1485,0.0,0.0,0.0,0.0,0.0,6.014162540435791,21.968682927109565,531.2252750866257,2026-07-29 00:00:00,0.32064818185749977
142752,1486,-113.24643512512496,2035.990914795719,0.0,31.494330327414442,324.7717004051587,6.142053127288818,21.138463593655764,477.25261533623376,2026-07-19 00:00:00,0.8441930217383491
142848,1487,0.0,0.0,0.0,0.0,0.0,6.097837448120117,20.401200186153464,433.4631105778394,2026-07-26 00:00:00,0.6857290617881681
142944,1488,-161.670874336836,115.80888241057636,0.0,72.32239958175724,354.9500236541636,6.088320732116699,19.691136575845082,396.9053883943625,2026-07-09 00:00:00,0.6484332793609002
143040,1489,-113.43735131273554,2009.3772141888658,0.0,30.611854960739002,328.52278964685115,6.3007493019104,18.996424227270417,365.73462916355766,2026-07-19 00:00:00,0.1601330053042671
143136,1490,-151.75748125791452,31.861280905535157,0.0,64.48298257668314,346.92901809449245,6.311303615570068,18.37651680329235,338.7219815419795,2026-06-26 00:00:00,0.3847731814481772
143232,1491,-162.56936610562673,122.4673703642643,0.0,64.17562497693308,391.16412578729387,6.2717132568359375,17.775201787324576,315.0088473416711,2026-06-05 00:00:00,0.7061316656661801
143328,1492,-179.2306310854027,239.0071094029352,0.0,75.82498472236078,410.6806091320202,6.162600517272949,17.189051004294825,293.97251211410384,2026-07-20 00:00:00,0.31505110379969636
143424,1493,-118.27085377054205,1065.260361978175,0.0,26.492009713871646,363.4480730508394,6.000308990478516,16.572805193666298,275.1475703149697,2026-07-18 00:00:00,0.8390819199983155
143520,1494,-170.00281656999272,137.29356893807008,0.0,73.51971942387041,382.76229043672447,5.983086585998535,15.998881796037415,258.1774750254946,2026-06-22 00:00:00,0.7413459496237809
143616,1495,0.0,0.0,0.0,0.0,0.0,5.921047687530518,15.44755893513871,242.78334730609276,2026-07-04 00:00:00,0.339327327364102
143712,1496,-180.79295267158878,35.35568812643658,0.0,66.46556487005418,453.0530912457274,5.9379682540893555,14.909825806656983,228.7431654833474,2026-07-24 00:00:00,0.05057040220811715
143808,1497,-154.2387564317085,99.92047337805027,0.0,65.69214608875541,351.75066133420376,5.878971099853516,14.386336107321856,215.877454278557,2026-07-03 00:00:00,0.4250772572776912
143904,1498,-160.0825120489784,218.8329216381549,0.0,68.43137395005797,364.37284482408563,6.072511672973633,13.878175694654557,204.03918582666623,2026-07-06 00:00:00,0.25736614282139114
144000,1499,0.0,0.0,0.0,0.0,0.0,6.004446506500244,13.390244369862648,193.10649143513362,2026-07-28 00:00:00,0.9798708950498917
144096,1500,-166.83672423682495,92.05674196494752,0.0,74.43593982328413,369.00581736782965,6.026937484741211,12.91740075039168,182.97729758362428,2026-06-17 00:00:00,0.38012665456797745
144192,1501,0.0,0.0,0.0,0.0,0.0,5.769249439239502,12.420041982336711,173.56530912922636,2026-07-25 00:00:00,0.22016021081165893
144288,1502,0.0,0.0,0.0,0.0,0.0,5.541614532470703,11.935934068780407,164.7969546200376,2026-06-03 00:00:00,0.30998666814530274
144384,1503,-161.99367752055866,154.30048135847483,0.0,74.71096630810004,345.63691971977545,5.446195602416992,11.464968805779385,156.6090309603177,2026-06-22 00:00:00,0.8881604787788396
144480,1504,-167.57654537624458,199.33893642012632,0.0,68.79833820270471,391.1630812048413,5.341259002685547,11.015131071935023,148.94686456408965,2026-07-21 00:00:00,0.5967670976780657
144576,1505,-156.16212658741225,198.78881093692604,0.0,69.26282452852972,344.37705264233625,5.266819000244141,10.586836780277228,141.7628594527844,2026-07-07 00:00:00,0.15960194968448926
144672,1506,0.0,0.0,0.0,0.0,0.0,5.226822853088379,10.178804815829734,135.0153390379713,2026-06-07 00:00:00,0.7309170522548817
144768,1507,-157.4386502154306,143.3694246127086,0.0,66.01287857201736,362.1200516824326,5.1285176277160645,9.75358467416596,128.66761346449488,2026-06-05 00:00:00,0.97226188045988
144864,1508,0.0,0.0,0.0,0.0,0.0,5.091884136199951,9.3467184365199,122.68722208188059,2026-07-12 00:00:00,0.13508532681578767
144960,1509,-154.72196309809576,79.16895221657555,0.0,65.92960746393027,351.5283314526712,5.259762287139893,8.956809255570581,117.04531325052004,2026-07-10 00:00:00,0.8212077198051217
145056,1510,0.0,0.0,0.0,0.0,0.0,5.175014972686768,8.55745205152866,111.71613284023448,2026-07-26 00:00:00,0.5287819333533097
145152,1511,-195.54638241628246,107.16195724551856,0.0,71.8667256682206,490.481661128632,5.128704071044922,8.175896990005421,106.67659948761973,2026-06-05 00:00:00,0.03879788824622299
145248,1512,-160.51449097555337,67.1987692772164,0.0,65.95467262506833,375.85331887863526,5.221454620361328,7.813995771819461,101.90594965370782,2026-07-10 00:00:00,0.8595839097242837
145344,1513,0.0,0.0,0.0,0.0,0.0,5.181055068969727,7.468623717206159,97.38543925247458,2026-05-23 00:00:00,0.7178287300855078
145440,1514,-162.98562586349667,125.37749212113576,0.0,74.97810991318694,349.0879135006564,5.2631754875183105,7.128778776380712,93.09809144353193,2026-06-08 00:00:00,0.20704226452896846
145536,1515,0.0,0.0,0.0,0.0,0.0,5.239621162414551,6.806106564232433,89.02848233898173,2026-06-03 00:00:00,0.44688642624273645
145632,1516,0.0,0.0,0.0,0.0,0.0,5.165457248687744,6.500755257646334,85.16255803637627,2026-07-28 00:00:00,0.6326850332014087
145728,1517,0.0,0.0,0.0,0.0,0.0,5.076277732849121,6.21118209122575,81.4874776808988,2026-06-03 00:00:00,0.6539407833923807
145824,1518,-158.62361143681446,250.99946220423158,0.0,71.22618890856018,347.32938697277154,5.004003524780273,5.935738189708472,77.99147827058819,2026-06-30 00:00:00,0.9496008210193106
145920,1519,-143.381716875439,75.55930416625034,0.0,67.86556383887677,299.2882776185974,5.032066345214844,5.67468086565687,74.66375771529991,2026-05-29 00:00:00,0.9268375001872067
146016,1520,-158.82335640981944,76.87202867659597,0.0,74.22436711814197,337.28671991751446,4.996194839477539,5.427495124221271,71.49437329258313,2026-07-08 00:00:00,0.41485910305937757
146112,1521,-153.43687930895314,117.92600347574104,0.0,65.32501601412015,348.6249941248226,5.037252902984619,5.192533416380957,68.4741531488819,2026-07-17 00:00:00,0.20325318583761032
146208,1522,0.0,0.0,0.0,0.0,0.0,5.05344295501709,4.969952775880028,65.59461890046744,2026-05-31 00:00:00,0.4061376711872905
146304,1523,-155.4467766950643,86.03071952397596,0.0,71.36066264561728,335.44676445977865,5.005887031555176,4.758150753360536,62.84791771662507,2026-07-08 00:00:00,0.5069862625473469
146400,1524,-171.23245340439826,78.68921235198994,0.0,75.63855466181252,378.7466775554715,5.022047996520996,4.555945404029248,60.22676253424357,2026-05-25 00:00:00,0.10145919740588127
146496,1525,-189.68003429455842,66.92158607298211,0.0,74.66044040198574,457.24692933228926,4.9044952392578125,4.362468435519775,57.72437927069453,2026-05-25 00:00:00,0.06727872924000344
146592,1526,-153.8348291250494,124.7269179626535,0.0,70.14275797663487,332.00889509751045,4.848563194274902,4.177232641296154,55.33446008061252,2026-07-09 00:00:00,0.548653795736512
146688,1527,0.0,0.0,0.0,0.0,0.0,4.707926273345947,4.001362655139349,53.051121849535114,2026-06-21 00:00:00,0.5514409653182945
146784,1528,-164.14941369972556,236.75486805645548,0.0,67.2771358146289,384.9639877632998,4.671076774597168,3.8329064677881046,50.868869239404134,2026-07-14 00:00:00,0.2158214886296984
146880,1529,-150.040863416373,196.57255542302423,0.0,67.45297901237944,328.69596515635084,4.70306921005249,3.673406987707853,48.78256170241894,2026-07-07 00:00:00,0.5455885684271858
146976,1530,-187.10788755952342,96.30259919639585,0.0,69.80658789820848,466.8293639871136,4.626733779907227,3.5218104745462684,46.78738396449877,2026-07-22 00:00:00,0.052887155853045376
147072,1531,-165.5235391909905,155.17731418141904,0.0,69.97685832471552,379.5666539194434,4.57772159576416,3.377446730058494,44.87881955064915,2026-06-22 00:00:00,0.2367509172761456
147168,1532,-164.07010711592034,35.719018709675794,0.0,76.35201580155825,350.48248144090803,4.543821334838867,3.2396469625048967,43.05262698431251,2026-05-27 00:00:00,0.8693369124555456
147264,1533,-165.4248755253272,126.80005646909612,0.0,75.81239350371231,355.3542102381536,4.504975318908691,3.1076800711464974,41.3048183432548,2026-06-08 00:00:00,0.3869912702165412
147360,1534,-120.44449950982654,13629.901844044889,9.0,61.93507320632766,231.0870271040963,4.550871849060059,2.981911222513241,39.631639897300126,2026-05-22 00:00:00,0.5839841445041016
147456,1535,-156.89018008298956,75.13703531004266,0.0,74.71047552041719,327.2002409124283,4.5902276039123535,2.917295723312049,40.67070645499633,2026-06-25 00:00:00,0.6755650766200686
147552,1536,0.0,0.0,0.0,0.0,0.0,4.512754917144775,2.858750198340277,42.13139774980689,2026-06-07 00:00:00,0.9973588549839318
147648,1537,-162.10240443608566,213.7801583675774,0.0,67.44530945106888,375.861809184302,4.38635778427124,2.7999545252861346,43.768619608313756,2026-07-21 00:00:00,0.3771731811667336
147744,1538,-199.5464710054354,13417.780989341747,0.0,69.82949719027118,515.5887974062412,4.286933422088623,2.7418558450828217,45.612420063304924,2026-05-22 00:00:00,0.006808645368360011
147840,1539,-152.79081301286195,151.59543238171025,0.0,73.03163787916164,315.69813161476515,4.227577209472656,2.741427515583697,47.699568604846746,2026-06-08 00:00:00,0.7144097613281226
147936,1540,0.0,0.0,0.0,0.0,0.0,4.223304271697998,2.7476314002817137,50.07537411988399,2026-06-06 00:00:00,0.541158603486452
148032,1541,-149.30960800613036,85.41008549470081,0.0,65.3099920106425,332.8374799205912,4.207564353942871,2.7538267138405175,52.79608896156803,2026-06-25 00:00:00,0.6803031436904609
148128,1542,-157.83520117563418,60.757728645474316,0.0,65.68874335481938,365.49828356475433,4.25100564956665,2.760145445928659,55.93208416601587,2026-05-29 00:00:00,0.2267003040497686
148224,1543,-159.59300776770004,303.91757503905103,0.0,75.3485756133964,334.2165255372459,4.206340789794922,2.7671235687941387,59.57205935603811,2026-07-13 00:00:00,0.9845180677948812
148320,1544,-158.3956466852746,72.10641451583525,0.0,68.56029277868092,355.69872250636183,4.289200782775879,2.7757890923834494,63.82863709470823,2026-07-10 00:00:00,0.40389287401402396
148416,1545,0.0,0.0,0.0,0.0,0.0,4.337684631347656,2.785034100294823,68.84579745012275,2026-05-30 00:00:00,0.7302119894980994
148512,1546,-158.75661104567715,107.81291510993177,0.0,68.52948688856631,357.25880055101004,4.448716163635254,2.7943597395147393,74.80872998328185,2026-07-27 00:00:00,0.17253944803448806
148608,1547,0.0,0.0,0.0,0.0,0.0,4.533260822296143,2.804047937552739,81.95680339480684,2026-07-26 00:00:00,0.6794652160606591
148704,1548,-167.94288841162881,30.134950256842526,0.0,64.87868616190204,409.0868181294073,4.576554775238037,2.814271941705895,90.60044924640825,2026-06-26 00:00:00,0.07038515460709749
148800,1549,-146.52531071529182,95.66169460732367,0.0,66.89850818005154,317.3107998852314,4.4805169105529785,2.823492474336524,101.14278141897945,2026-07-15 00:00:00,0.8070342093876937
148896,1550,-157.16188760602222,104.67261551161936,0.0,73.69712666429115,332.4997716813844,4.398118495941162,2.8322441716958693,114.10668002115258,2026-07-22 00:00:00,0.5918840524992963
148992,1551,-154.7933964270592,155.4004334565546,0.0,68.285568445531,343.8565946856305,4.400172233581543,2.841468547695476,130.16784664607414,2026-06-04 00:00:00,0.329748792852921
149088,1552,-138.39637124020726,23126.649890987515,18.0,56.103797975277,325.31097940572045,4.3762993812561035,2.8512204687366633,150.19408299540427,2026-05-19 00:00:00,0.7176276139855098
149184,1553,0.0,0.0,0.0,0.0,0.0,4.45525598526001,3.092650007427408,227.64867354979455,2026-06-20 00:00:00,0.045177447685640915
149280,1554,-132.25933891319556,25119.733882342156,23.0,61.81846701586942,277.68981870176896,4.437272548675537,3.408161592296794,312.7044482800961,2026-05-21 00:00:00,0.8125788971045124
149376,1555,-158.9334813980555,250.16001216150332,0.0,74.85761278543701,332.3500281979838,4.370550155639648,3.961598577696408,448.0436305647985,2026-07-06 00:00:00,0.192741767727993
149472,1556,0.0,0.0,0.0,0.0,0.0,4.378827095031738,4.679421765620495,603.5618738682056,2026-05-30 00:00:00,0.2564097526518626
149568,1557,-160.5691273248568,10.834531984740263,0.0,67.07231983707422,370.82222006600284,4.399296760559082,5.584578838648536,789.2594493488849,2026-06-19 00:00:00,0.1368529958883209
149664,1558,-156.46084197464103,39.14521635234018,0.0,67.01171192488262,356.82681263231524,4.512344837188721,6.72064906743585,999.9999999999998,2026-05-27 00:00:00,0.45676652781519467
149760,1559,-162.98257706906077,91.85824831482232,0.0,68.47798785945317,377.444185067699,4.599722862243652,7.664398270353948,999.9999999999998,2026-06-17 00:00:00,0.3882284664198088
149856,1560,-156.57454377111142,333.32751760314045,0.0,72.31472244623544,334.2022069265284,4.605603218078613,8.77994567491423,999.9999999999998,2026-07-13 00:00:00,0.34764763830844625
149952,1561,0.0,0.0,0.0,0.0,0.0,4.707202911376953,10.19262290419661,999.9999999999998,2026-06-27 00:00:00,0.3901116119008663
