timestamp,hz,kw,cube,mask_on-hours,mask_outage,mask_override,mask_settling,in_evaluation,in_analysis,in_no_settling,in_all_usable
2026-05-18 12:00:00+07:00,38.4967,3.63333,0.4564156158620723,True,True,True,True,True,True,True,True
2026-05-18 12:15:00+07:00,38.0327,3.51538,0.4401102266722062,True,True,True,True,True,True,True,True
2026-05-18 12:30:00+07:00,37.1627,3.20385,0.410593212160551,True,True,True,True,True,True,True,True
2026-05-18 12:45:00+07:00,36.7621,3.21071,0.3974577074977924,True,True,True,True,True,True,True,True
2026-05-18 13:00:00+07:00,36.2068,3.05455,0.37971732798382746,True,True,True,True,True,True,True,True
2026-05-18 13:15:00+07:00,35.3757,2.89286,0.35416457065351287,True,True,True,True,True,True,True,True
2026-05-18 13:30:00+07:00,36.2733,3.09333,0.3818134211654946,True,True,True,True,True,True,True,True
2026-05-18 13:45:00+07:00,36.9527,3.25333,0.40367189706692946,True,True,True,True,True,True,True,True
2026-05-18 14:00:00+07:00,36.758,3.21333,0.39732473945209607,True,True,True,True,True,True,True,True
2026-05-18 14:15:00+07:00,36.716,3.21333,0.39596433527756797,True,True,True,True,True,True,True,True
2026-05-18 14:30:00+07:00,36.984,3.21333,0.40469853129523203,True,True,True,True,True,True,True,True
2026-05-18 14:45:00+07:00,36.3787,3.15333,0.3851514287142753,True,True,True,True,True,True,True,True
2026-05-18 15:00:00+07:00,36.2393,3.08,0.3807407733464997,True,True,True,True,True,True,True,True
2026-05-18 15:15:00+07:00,36.4,3.08,0.385828352,True,True,True,True,True,True,True,True
2026-05-18 15:30:00+07:00,35.8547,2.96667,0.3687468051050666,True,True,True,True,True,True,True,True
2026-05-18 15:45:00+07:00,36.1953,3.06667,0.3793556255589615,True,True,True,True,True,True,True,True
2026-05-18 16:00:00+07:00,35.892,3.02,0.36989883561830406,True,True,True,True,True,True,True,True
2026-05-18 16:15:00+07:00,36.33,3.04,0.38360669709599987,True,True,True,True,True,True,True,True
2026-05-18 16:30:00+07:00,36.4547,3.15333,0.3875703746871626,True,True,True,True,True,True,True,True
2026-05-18 16:45:00+07:00,36.2007,3.06,0.37952543981771464,True,True,True,True,True,True,True,True
2026-05-18 17:00:00+07:00,36.0407,2.98667,0.37451536454671325,True,True,True,True,True,True,True,True
2026-05-18 17:15:00+07:00,34.9033,2.79333,0.3401648675137516,True,True,True,True,True,True,True,True
2026-05-18 17:30:00+07:00,34.2287,2.62,0.32081982830587125,True,True,True,True,True,True,True,True
2026-05-18 17:45:00+07:00,34.076,2.07333,0.31654526072780803,True,True,True,True,True,True,True,True
2026-05-19 07:15:00+07:00,46.0207,7.29333,0.7797397019239178,True,True,True,False,False,False,True,True
2026-05-19 07:30:00+07:00,48.5713,6.96667,0.9167040905148968,True,True,True,False,False,False,True,True
2026-05-19 07:45:00+07:00,43.31,4.85333,0.6499119735280002,True,True,True,False,False,False,True,True
2026-05-19 08:00:00+07:00,40.264,3.98667,0.5222046553579522,True,True,True,True,True,True,True,True
2026-05-19 08:15:00+07:00,38.594,3.59333,0.459885127108672,True,True,True,True,True,True,True,True
2026-05-19 08:30:00+07:00,36.7327,3.16667,0.3965048853823583,True,True,True,True,True,True,True,True
2026-05-19 08:45:00+07:00,35.6233,2.94,0.36165329965841075,True,True,True,True,True,True,True,True
2026-05-19 09:00:00+07:00,36.3,3.12667,0.382657176,True,True,True,False,False,False,True,True
2026-05-19 09:15:00+07:00,37.86,3.52,0.43414201324799995,True,True,True,False,False,False,True,True
2026-05-19 09:30:00+07:00,38.704,3.66667,0.46382861710131196,True,True,True,False,False,False,True,True
2026-05-19 09:45:00+07:00,38.426,3.62667,0.45390558058220815,True,True,True,False,False,False,True,True
2026-05-19 10:00:00+07:00,38.316,3.6,0.450018617107968,True,True,True,True,True,True,True,True
2026-05-19 10:15:00+07:00,38.0527,3.54667,0.4408049052593855,True,True,True,False,False,False,True,True
2026-05-19 10:30:00+07:00,38.002,3.55333,0.4390453156480641,True,True,True,False,False,False,True,True
2026-05-19 10:45:00+07:00,37.9653,3.48667,0.43777453459582466,True,True,True,False,False,False,True,True
2026-05-19 11:00:00+07:00,36.8593,3.28,0.4006187178001907,True,True,True,False,False,False,True,True
2026-05-19 11:15:00+07:00,34.4207,2.72667,0.3262489190803019,True,True,True,False,False,False,True,True
2026-05-19 11:30:00+07:00,33.3653,2.59333,0.29714955849628855,True,True,True,False,False,False,True,True
2026-05-19 11:45:00+07:00,33.5687,2.58,0.30261716302470165,True,True,True,False,False,False,True,True
2026-05-19 12:00:00+07:00,33.6433,2.6,0.304639175792758,True,True,True,True,True,True,True,True
2026-05-19 12:15:00+07:00,33.1833,2.55833,0.2923133883902924,True,True,True,False,False,False,True,True
2026-05-19 12:30:00+07:00,33.6713,2.57333,0.30540042673935286,True,True,True,False,False,False,True,True
2026-05-19 12:45:00+07:00,33.4113,2.55333,0.29838027423984714,True,True,True,False,False,False,True,True
2026-05-19 13:00:00+07:00,33.1887,2.52,0.2924561182438488,True,True,True,True,True,True,True,True
2026-05-19 13:15:00+07:00,32.9667,2.45333,0.2866265491454718,True,True,True,True,True,True,True,True
2026-05-19 13:30:00+07:00,33.1333,2.50667,0.29099402070962427,True,True,True,True,True,True,True,True
2026-05-19 13:45:00+07:00,33.0687,2.50667,0.2892952837884216,True,True,True,True,True,True,True,True
2026-05-19 14:00:00+07:00,33.0373,2.51333,0.28847197511684103,True,True,True,True,True,True,True,True
2026-05-19 14:15:00+07:00,33.0307,2.48,0.2882991218835556,True,True,True,True,True,True,True,True
2026-05-19 14:30:00+07:00,33.4627,2.54667,0.2997594799819991,True,True,True,True,True,True,True,True
2026-05-19 14:45:00+07:00,33.412,2.52667,0.2983990287242239,True,True,True,False,False,False,True,True
2026-05-19 15:00:00+07:00,33.436,2.56667,0.299042515086848,True,True,True,False,False,False,True,True
2026-05-19 15:15:00+07:00,33.4723,2.59231,0.30001754493112853,True,True,True,False,False,False,True,True
2026-05-19 15:30:00+07:00,33.0287,2.47333,0.2882467557515992,True,True,True,True,True,True,True,True
2026-05-19 15:45:00+07:00,33.5507,2.56667,0.30213062151655073,True,True,True,True,True,True,True,True
2026-05-19 16:00:00+07:00,33.196,2.52667,0.29264914170828793,True,True,True,True,True,True,True,True
2026-05-19 16:15:00+07:00,32.844,2.44667,0.283438027740672,True,True,True,True,True,True,True,True
2026-05-19 16:30:00+07:00,33.026,2.47333,0.28817607153260816,True,True,True,True,True,True,True,True
2026-05-19 16:45:00+07:00,33.1573,2.46667,0.2916268206226362,True,True,True,True,True,True,True,True
2026-05-19 17:00:00+07:00,32.6527,2.42,0.2785141609706015,True,True,True,True,True,True,True,True
2026-05-19 17:15:00+07:00,32.9953,2.44,0.2873731782944494,True,True,True,True,True,True,True,True
2026-05-19 17:30:00+07:00,33.5407,2.55333,0.30186054615731317,True,True,True,True,True,True,True,True
2026-05-19 17:45:00+07:00,30.888,1.99333,0.2357541534965761,True,True,True,True,True,True,True,True
2026-05-20 09:15:00+07:00,32.92,2.525,0.285410184704,True,True,True,True,True,True,True,True
2026-05-20 09:30:00+07:00,33.098,2.74,0.290064941897536,True,True,True,True,True,True,True,True
2026-05-20 09:45:00+07:00,34.328,2.65333,0.32362010284441606,True,True,True,True,True,True,True,True
2026-05-20 10:00:00+07:00,33.2973,2.50667,0.2953364457540106,True,True,True,True,True,True,True,True
2026-05-20 10:15:00+07:00,32.6913,2.45333,0.279503055644244,True,True,True,True,True,True,True,True
2026-05-20 10:30:00+07:00,32.7567,2.45333,0.2811838783359461,True,True,True,True,True,True,True,True
2026-05-20 10:45:00+07:00,32.8307,2.47333,0.28309383707160357,True,True,True,True,True,True,True,True
2026-05-20 11:00:00+07:00,33.1147,2.49333,0.2905042308953081,True,True,True,True,True,True,True,True
2026-05-20 11:15:00+07:00,32.576,2.41333,0.276556108791808,True,True,True,True,True,True,True,True
2026-05-20 11:30:00+07:00,32.3067,2.34667,0.26975393183313406,True,True,True,True,True,True,True,True
2026-05-20 11:45:00+07:00,32.6067,2.44667,0.27733873493234196,True,True,True,True,True,True,True,True
2026-05-20 12:00:00+07:00,33.266,2.56,0.2945043653207679,True,True,True,True,True,True,True,True
2026-05-20 12:15:00+07:00,33.5487,2.59333,0.3020765935627704,True,True,True,True,True,True,True,True
2026-05-20 12:30:00+07:00,33.3473,2.54,0.29666889681675845,True,True,True,True,True,True,True,True
2026-05-20 12:45:00+07:00,32.8467,2.5,0.2835079350833885,True,True,True,True,True,True,True,True
2026-05-20 13:00:00+07:00,33.21,2.48667,0.293019561288,True,True,True,True,True,True,True,True
2026-05-20 13:15:00+07:00,33.3067,2.55333,0.2955866413904941,True,True,True,True,True,True,True,True
2026-05-20 13:30:00+07:00,32.5827,2.42,0.2767267841710743,True,True,True,True,True,True,True,True
2026-05-20 13:45:00+07:00,32.674,2.48667,0.2790595574241919,True,True,True,True,True,True,True,True
2026-05-20 14:00:00+07:00,33.0933,2.48,0.2899413895702098,True,True,True,True,True,True,True,True
2026-05-20 14:15:00+07:00,33.4453,2.57333,0.29929211453102156,True,True,True,True,True,True,True,True
2026-05-20 14:30:00+07:00,32.9867,2.49333,0.28714853127805884,True,True,True,True,True,True,True,True
2026-05-20 14:45:00+07:00,33.1333,2.52,0.29099402070962427,True,True,True,True,True,True,True,True
2026-05-20 15:00:00+07:00,32.8867,2.46,0.28454494638152283,True,True,True,True,True,True,True,True
2026-05-20 15:15:00+07:00,32.7347,2.46,0.28061771401608726,True,True,True,True,True,True,True,True
2026-05-20 15:30:00+07:00,32.7713,2.46667,0.2815600256276487,True,True,True,True,True,True,True,True
2026-05-20 15:45:00+07:00,32.916,2.52,0.28530615961036787,True,True,True,True,True,True,True,True
2026-05-20 16:00:00+07:00,33.444,2.58,0.29925721593907206,True,True,True,True,True,True,True,True
2026-05-20 16:15:00+07:00,32.9507,2.45333,0.2862094191894947,True,True,True,True,True,True,True,True
2026-05-20 16:30:00+07:00,32.9547,2.52,0.28631366371160266,True,True,True,True,True,True,True,True
2026-05-20 16:45:00+07:00,33.7573,2.58,0.3077464819180122,True,True,True,True,True,True,True,True
2026-05-20 17:00:00+07:00,33.48,2.56,0.300224641536,True,True,True,True,True,True,True,True
2026-05-20 17:15:00+07:00,33.13,2.50667,0.2909070823760001,True,True,True,True,True,True,True,True
2026-05-20 17:30:00+07:00,33.0087,2.51333,0.2877234431517479,True,True,True,True,True,True,True,True
2026-05-20 17:45:00+07:00,31.012,2.04667,0.238604875149824,True,True,True,True,True,True,True,True
2026-05-21 07:15:00+07:00,9.73733,2.22667,0.00738600594249139,True,True,True,False,False,False,True,True
2026-05-21 07:30:00+07:00,46.9013,6.49333,0.8253623017342816,True,True,True,False,False,False,True,True
2026-05-21 07:45:00+07:00,40.462,4.04,0.5299464951290241,True,True,True,False,False,False,True,True
2026-05-21 08:00:00+07:00,38.504,3.64667,0.45667531078451196,True,True,True,False,False,False,True,True
2026-05-21 08:15:00+07:00,36.7533,3.24667,0.39717234915526767,True,True,True,False,False,False,True,True
2026-05-21 08:30:00+07:00,35.2053,2.84,0.349071293619623,True,True,True,False,False,False,True,True
2026-05-21 08:45:00+07:00,33.3709,2.60909,0.2972992035017586,True,True,True,True,True,True,True,True
2026-05-21 09:00:00+07:00,33.3364,2.56429,0.29637808159786033,True,True,True,False,False,False,True,True
2026-05-21 09:15:00+07:00,33.0327,2.53333,0.2883514943574062,True,True,True,False,False,False,True,True
2026-05-21 09:30:00+07:00,33.51,2.61333,0.3010324204079999,True,True,True,False,False,False,True,True
2026-05-21 09:45:00+07:00,33.9507,2.62,0.31306620312125477,True,True,True,True,True,True,True,True
2026-05-21 10:00:00+07:00,35.3987,2.98,0.3548558148438064,True,True,True,True,True,True,True,True
2026-05-21 10:15:00+07:00,36.0167,3.05333,0.37376767779821973,True,True,True,True,True,True,True,True
2026-05-21 10:30:00+07:00,36.0013,3.06,0.37328843666017764,True,True,True,True,True,True,True,True
2026-05-21 10:45:00+07:00,36.128,3.04667,0.377243484553216,True,True,True,True,True,True,True,True
2026-05-21 11:00:00+07:00,35.7567,2.96667,0.36573142596802616,True,True,True,True,True,True,True,True
2026-05-21 11:15:00+07:00,35.0747,2.89333,0.3452008706102617,True,True,True,True,True,True,True,True
2026-05-21 11:30:00+07:00,35.1167,2.88667,0.3464424325821957,True,True,True,True,True,True,True,True
2026-05-21 11:45:00+07:00,34.6807,2.8,0.33369795966415966,True,True,True,True,True,True,True,True
2026-05-21 12:00:00+07:00,34.198,2.68667,0.319957364563136,True,True,True,True,True,True,True,True
2026-05-21 12:15:00+07:00,33.5693,2.57333,0.3026333900644604,True,True,True,True,True,True,True,True
2026-05-21 12:30:00+07:00,34.2267,2.68667,0.32076359460438525,True,True,True,True,True,True,True,True
2026-05-21 12:45:00+07:00,33.9323,2.63846,0.3125574686823301,True,True,True,True,True,True,True,True
2026-05-21 13:00:00+07:00,33.714,2.48,0.306563774386752,True,True,True,True,True,True,True,True
2026-05-21 13:15:00+07:00,33.7433,2.60667,0.30736375010849387,True,True,True,True,True,True,True,True
2026-05-21 13:30:00+07:00,33.8133,2.6,0.309280586359989,True,True,True,True,True,True,True,True
2026-05-21 13:45:00+07:00,33.816,2.60667,0.309354680659968,True,True,True,True,True,True,True,True
2026-05-21 14:00:00+07:00,33.9933,2.60667,0.31424615182783383,True,True,True,True,True,True,True,True
2026-05-21 14:15:00+07:00,33.966,2.63333,0.31348964698156806,True,True,True,True,True,True,True,True
2026-05-21 14:30:00+07:00,34.1693,2.65333,0.31915248661231654,True,True,True,True,True,True,True,True
2026-05-21 14:45:00+07:00,33.8147,2.58,0.30931900414962027,True,True,True,True,True,True,True,True
2026-05-21 15:00:00+07:00,34.168,2.64667,0.31911606071705595,True,True,True,True,True,True,True,True
2026-05-21 15:15:00+07:00,34.3113,2.66667,0.3231480252139512,True,True,True,True,True,True,True,True
2026-05-21 15:30:00+07:00,34.1513,2.61333,0.3186483745271416,True,True,True,True,True,True,True,True
2026-05-21 15:45:00+07:00,33.7693,2.58,0.3080747905244125,True,True,True,True,True,True,True,True
2026-05-21 16:00:00+07:00,33.8467,2.6,0.3101979927047484,True,True,True,True,True,True,True,True
2026-05-21 16:15:00+07:00,34.1327,2.58667,0.31812801667466223,True,True,True,True,True,True,True,True
2026-05-21 16:30:00+07:00,33.892,2.60667,0.31144515574630416,True,True,True,True,True,True,True,True
2026-05-21 16:45:00+07:00,33.918,2.60667,0.31216247437305594,True,True,True,True,True,True,True,True
2026-05-21 17:00:00+07:00,34.0113,2.6,0.3147456114065832,True,True,True,True,True,True,True,True
2026-05-21 17:15:00+07:00,33.9747,2.59333,0.31373059898388567,True,True,True,True,True,True,True,True
2026-05-21 17:30:00+07:00,33.4467,2.51333,0.29932970066420456,True,True,True,True,True,True,True,True
2026-05-21 17:45:00+07:00,33.4607,1.85333,0.2997057350843725,True,True,True,True,True,True,True,True
2026-05-22 07:15:00+07:00,9.75733,2.06,0.007431610970713263,True,True,True,False,False,False,True,True
2026-05-22 07:30:00+07:00,47.8233,6.6,0.8750011214326028,True,True,True,False,False,False,True,True
2026-05-22 07:45:00+07:00,40.8327,4.18,0.5446459528004944,True,True,True,False,False,False,True,True
2026-05-22 08:00:00+07:00,38.712,3.64,0.4641162924810241,True,True,True,False,False,False,True,True
2026-05-22 08:15:00+07:00,36.8853,3.18667,0.40146708733589176,True,True,True,True,True,True,True,True
2026-05-22 08:30:00+07:00,34.968,2.82,0.34206005989785615,True,True,True,True,True,True,True,True
2026-05-22 08:45:00+07:00,33.416,2.56,0.2985062122823679,True,True,True,True,True,True,True,True
2026-05-22 09:00:00+07:00,33.0253,2.47333,0.28815774788083426,True,True,True,False,False,False,True,True
2026-05-22 09:15:00+07:00,32.6833,2.42667,0.2792979114036124,True,True,True,False,False,False,True,True
2026-05-22 09:30:00+07:00,32.526,2.40667,0.2752846274206081,True,True,True,False,False,False,True,True
2026-05-22 09:45:00+07:00,32.832,2.46,0.283127467474944,True,True,True,True,True,True,True,True
2026-05-22 10:00:00+07:00,32.9147,2.44667,0.28527235689807623,True,True,True,True,True,True,True,True
2026-05-22 10:15:00+07:00,33.2713,2.52,0.2946451506719287,True,True,True,False,False,False,True,True
2026-05-22 10:30:00+07:00,32.9307,2.48667,0.2856885761095796,True,True,True,False,False,False,True,True
2026-05-22 10:45:00+07:00,32.736,2.39333,0.28065114803404795,True,True,True,False,False,False,True,True
2026-05-22 11:00:00+07:00,32.1847,2.37333,0.26670943722809937,True,True,True,True,True,True,True,True
2026-05-22 11:15:00+07:00,32.9867,2.45333,0.28714853127805884,True,True,True,True,True,True,True,True
2026-05-22 11:30:00+07:00,33.1687,2.48667,0.29192772168367764,True,True,True,True,True,True,True,True
2026-05-22 11:45:00+07:00,32.524,2.32667,0.2752338493905921,True,True,True,True,True,True,True,True
2026-05-22 12:00:00+07:00,32.18,2.37333,0.2665926098559999,True,True,True,True,True,True,True,True
2026-05-22 12:15:00+07:00,32.556,2.42667,0.2760470474849279,True,True,True,True,True,True,True,True
2026-05-22 12:30:00+07:00,32.8913,2.46667,0.284664364551556,True,True,True,True,True,True,True,True
2026-05-22 12:45:00+07:00,32.966,2.46,0.28660829123756804,True,True,True,True,True,True,True,True
2026-05-22 13:00:00+07:00,32.6493,2.40667,0.2784271682059612,True,True,True,True,True,True,True,True
2026-05-22 13:15:00+07:00,32.6,2.42,0.277167808,True,True,True,True,True,True,True,True
2026-05-22 13:30:00+07:00,32.5947,2.44,0.2770326469044251,True,True,True,True,True,True,True,True
2026-05-22 13:45:00+07:00,32.558,2.45333,0.27609792548089596,True,True,True,True,True,True,True,True
2026-05-22 14:00:00+07:00,32.8153,2.46667,0.2826956487523007,True,True,True,True,True,True,True,True
2026-05-22 14:15:00+07:00,32.3993,2.29333,0.2720801564130212,True,True,True,True,True,True,True,True
2026-05-22 14:30:00+07:00,31.9093,2.22,0.2599212687751789,True,True,True,True,True,True,True,True
2026-05-22 14:45:00+07:00,31.5293,2.22667,0.25074539941967006,True,True,True,False,False,False,True,True
2026-05-22 15:00:00+07:00,31.5033,2.2,0.25012559443312754,True,True,True,False,False,False,True,True
2026-05-22 15:15:00+07:00,30.878,2.01333,0.235525251169216,True,True,True,False,False,False,True,True
2026-05-22 15:30:00+07:00,30.8273,2.08,0.23436699600913938,True,True,True,False,False,False,True,True
2026-05-22 15:45:00+07:00,31.5153,2.17333,0.25041153120069265,True,True,True,True,True,True,True,True
2026-05-22 16:00:00+07:00,31.51,2.13333,0.250285215608,True,True,True,True,True,True,True,True
2026-05-22 16:15:00+07:00,30.8631,2.06923,0.2351844616320287,True,True,True,True,True,True,True,True
2026-05-22 16:30:00+07:00,31.9,2.28077,0.259694072,True,True,True,True,True,True,True,True
2026-05-22 16:45:00+07:00,32.0096,2.25,0.2623800003859579,True,True,True,True,True,True,True,True
2026-05-22 17:00:00+07:00,30.9754,2.10714,0.2377610757199446,True,True,True,True,True,True,True,True
2026-05-22 17:15:00+07:00,31.5908,2.21154,0.25221555013674657,True,True,True,True,True,True,True,True
2026-05-22 17:30:00+07:00,31.3158,2.13462,0.24568606200912246,True,True,True,True,True,True,True,True
2026-05-22 17:45:00+07:00,31.0265,1.57308,0.23893971862287702,True,True,True,True,True,True,True,True
2026-05-25 06:45:00+07:00,9.94,2.25333,0.007856862271999998,True,True,True,False,False,False,True,True
2026-05-25 07:00:00+07:00,49.5393,7.64,0.9726119111397075,True,True,True,False,False,False,True,True
2026-05-25 07:15:00+07:00,45.8613,5.66667,0.7716654762636191,True,True,True,False,False,False,True,True
2026-05-25 07:30:00+07:00,39.0467,3.61333,0.47625877892782054,True,True,True,False,False,False,True,True
2026-05-25 07:45:00+07:00,36.6246,3.1,0.39301457591563954,True,True,True,False,False,False,True,True
2026-05-25 08:00:00+07:00,35.4487,2.86,0.3563616213198344,True,True,True,False,False,False,True,True
2026-05-25 08:15:00+07:00,33.6333,2.60667,0.3043676073363043,True,True,True,False,False,False,True,True
2026-05-25 08:30:00+07:00,34.1793,2.78,0.3194327784816339,True,True,True,False,False,False,True,True
2026-05-25 08:45:00+07:00,35.356,2.94,0.3535732191841281,True,True,True,False,False,False,True,True
2026-05-25 09:00:00+07:00,36.1333,3.11333,0.37740953446970416,True,True,True,False,False,False,True,True
2026-05-25 09:15:00+07:00,36.6887,3.26,0.3950817398898087,True,True,True,False,False,False,True,True
2026-05-25 09:30:00+07:00,37.0667,3.41333,0.4074194481882476,True,True,True,False,False,False,True,True
2026-05-25 09:45:00+07:00,38.252,3.57333,0.4477673556720641,True,True,True,True,True,True,True,True
2026-05-25 10:00:00+07:00,38.722,3.73333,0.464476053944384,True,True,True,True,True,True,True,True
2026-05-25 10:15:00+07:00,38.0933,3.59333,0.4422173501570098,True,True,True,False,False,False,True,True
2026-05-25 10:30:00+07:00,38.1227,3.63333,0.4432420364027528,True,True,True,False,False,False,True,True
2026-05-25 10:45:00+07:00,37.7507,3.46667,0.4303928164939429,True,True,True,False,False,False,True,True
2026-05-25 11:00:00+07:00,37.9253,3.57333,0.43639228250741824,True,True,True,True,True,True,True,True
2026-05-25 11:15:00+07:00,37.2627,3.30667,0.4139166982596472,True,True,True,True,True,True,True,True
2026-05-25 11:30:00+07:00,36.6887,3.24667,0.3950817398898087,True,True,True,True,True,True,True,True
2026-05-25 11:45:00+07:00,36.976,3.33333,0.40443596737740795,True,True,True,True,True,True,True,True
2026-05-25 12:00:00+07:00,36.9333,3.36667,0.4030364530403924,True,True,True,True,True,True,True,True
2026-05-25 12:15:00+07:00,36.2193,3.08,0.38011074348482443,True,True,True,True,True,True,True,True
2026-05-25 12:30:00+07:00,35.2967,2.88,0.3517971348977206,True,True,True,True,True,True,True,True
2026-05-25 12:45:00+07:00,34.4593,2.70667,0.3273477348343668,True,True,True,True,True,True,True,True
2026-05-25 13:00:00+07:00,33.8793,2.61333,0.3110951730205061,True,True,True,True,True,True,True,True
2026-05-25 13:15:00+07:00,34.88,2.85333,0.339484082176,True,True,True,True,True,True,True,True
2026-05-25 13:30:00+07:00,35.95,2.99333,0.3716949590000001,True,True,True,True,True,True,True,True
2026-05-25 13:45:00+07:00,35.6307,2.93333,0.3618787243429315,True,True,True,True,True,True,True,True
2026-05-25 14:00:00+07:00,35.676,2.91333,0.36326073116620805,True,True,True,True,True,True,True,True
2026-05-25 14:15:00+07:00,34.7387,2.78,0.33537499053191683,True,True,True,True,True,True,True,True
2026-05-25 14:30:00+07:00,35.348,2.90667,0.353333264513536,True,True,True,True,True,True,True,True
2026-05-25 14:45:00+07:00,34.9527,2.81333,0.3416112584770094,True,True,True,True,True,True,True,True
2026-05-25 15:00:00+07:00,35.0987,2.82667,0.3459099707116384,True,True,True,True,True,True,True,True
2026-05-25 15:15:00+07:00,34.6513,2.76667,0.33285001782742163,True,True,True,True,True,True,True,True
2026-05-25 15:30:00+07:00,34.1727,2.66667,0.31924776744326067,True,True,True,True,True,True,True,True
2026-05-25 15:45:00+07:00,34.4907,2.76,0.32824340780728506,True,True,True,True,True,True,True,True
2026-05-25 16:00:00+07:00,34.242,2.68667,0.32119394960390385,True,True,True,True,True,True,True,True
2026-05-25 16:15:00+07:00,34.6233,2.73333,0.3320437907890507,True,True,True,True,True,True,True,True
2026-05-25 16:30:00+07:00,35.0147,2.81333,0.34343236154101214,True,True,True,True,True,True,True,True
2026-05-25 16:45:00+07:00,34.6087,2.77333,0.33162391786624396,True,True,True,True,True,True,True,True
2026-05-25 17:00:00+07:00,34.4453,2.72667,0.3269489159411814,True,True,True,False,False,False,True,True
2026-05-25 17:15:00+07:00,34.054,2.60667,0.315932556715712,True,True,True,False,False,False,True,True
2026-05-25 17:30:00+07:00,33.7087,2.56667,0.3064192172953401,True,True,True,False,False,False,True,True
2026-05-25 17:45:00+07:00,31.7947,1.94,0.25713084770909694,True,True,True,False,False,False,True,True
2026-05-26 07:15:00+07:00,39.3093,6.66,0.48593246775180293,True,True,True,False,False,False,True,True
2026-05-26 07:30:00+07:00,47.0927,6.35333,0.8355082828039038,True,True,True,False,False,False,True,True
2026-05-26 07:45:00+07:00,39.976,3.88667,0.511078952849408,True,True,True,False,False,False,True,True
2026-05-26 08:00:00+07:00,39.048,3.73333,0.47630634942873595,True,True,True,False,False,False,True,True
2026-05-26 08:15:00+07:00,38.4607,3.62,0.45513636842317245,True,True,True,False,False,False,True,True
2026-05-26 08:30:00+07:00,37.6033,3.44667,0.4253709876194233,True,True,True,False,False,False,True,True
2026-05-26 08:45:00+07:00,38.0153,3.52,0.4395064503187327,True,True,True,False,False,False,True,True
2026-05-26 09:00:00+07:00,37.8373,3.56667,0.433361576161449,True,True,True,False,False,False,True,True
2026-05-26 09:15:00+07:00,39.38,3.86667,0.48855911737600016,True,True,True,False,False,False,True,True
2026-05-26 09:30:00+07:00,40.4327,4.12667,0.5287960682313102,True,True,True,False,False,False,True,True
2026-05-26 09:45:00+07:00,40.5253,4.26667,0.5324375820970343,True,True,True,True,True,True,True,True
2026-05-26 10:00:00+07:00,40.2427,4.10667,0.5213763415250278,True,True,True,True,True,True,True,True
2026-05-26 10:15:00+07:00,39.994,4.02,0.5117696345582721,True,True,True,False,False,False,True,True
2026-05-26 10:30:00+07:00,39.1247,3.75333,0.4791186191970096,True,True,True,False,False,False,True,True
2026-05-26 10:45:00+07:00,38.3447,3.64667,0.4510306129508451,True,True,True,False,False,False,True,True
2026-05-26 11:00:00+07:00,37.6813,3.44,0.4280235053951984,True,True,True,True,True,True,True,True
2026-05-26 11:15:00+07:00,37.8967,3.54667,0.43540575823325667,True,True,True,True,True,True,True,True
2026-05-26 11:30:00+07:00,38.5267,3.7,0.4574834846626332,True,True,True,True,True,True,True,True
2026-05-26 11:45:00+07:00,38.4373,3.65333,0.454306140740025,True,True,True,True,True,True,True,True
2026-05-26 12:00:00+07:00,37.6153,3.43333,0.42577835194346847,True,True,True,True,True,True,True,True
2026-05-26 12:15:00+07:00,36.3033,3.04,0.3827615465356555,True,True,True,True,True,True,True,True
2026-05-26 12:30:00+07:00,35.6253,2.95333,0.36171421601445036,True,True,True,True,True,True,True,True
2026-05-26 12:45:00+07:00,35.3667,2.86667,0.35389432834553575,True,True,True,True,True,True,True,True
2026-05-26 13:00:00+07:00,34.6587,2.75333,0.3330633099270721,True,True,True,True,True,True,True,True
2026-05-26 13:15:00+07:00,34.68,2.77333,0.333677753856,True,True,True,True,True,True,True,True
2026-05-26 13:30:00+07:00,35.1307,2.84667,0.3468569471530515,True,True,True,True,True,True,True,True
2026-05-26 13:45:00+07:00,34.9153,2.83333,0.34051584137443675,True,True,True,True,True,True,True,True
2026-05-26 14:00:00+07:00,34.6953,2.74,0.33411958104372147,True,True,True,True,True,True,True,True
2026-05-26 14:15:00+07:00,34.684,2.74,0.33379322660403193,True,True,True,True,True,True,True,True
2026-05-26 14:30:00+07:00,34.7013,2.78667,0.33429295301544965,True,True,True,True,True,True,True,True
2026-05-26 14:45:00+07:00,35.2747,2.88,0.3511397323066939,True,True,True,True,True,True,True,True
2026-05-26 15:00:00+07:00,35.2233,2.88,0.34960699390266675,True,True,True,True,True,True,True,True
2026-05-26 15:15:00+07:00,34.8607,2.8,0.3389208581472363,True,True,True,True,True,True,True,True
2026-05-26 15:30:00+07:00,34.6693,2.74,0.33336899516219637,True,True,True,True,True,True,True,True
2026-05-26 15:45:00+07:00,33.904,2.67333,0.311776089178112,True,True,True,True,True,True,True,True
2026-05-26 16:00:00+07:00,33.728,2.6,0.30694584195481606,True,True,True,True,True,True,True,True
2026-05-26 16:15:00+07:00,34.0593,2.64,0.3160800903240628,True,True,True,True,True,True,True,True
2026-05-26 16:30:00+07:00,34.0873,2.62,0.3168602754953489,True,True,True,True,True,True,True,True
2026-05-26 16:45:00+07:00,34.3353,2.7,0.3238266044611837,True,True,True,True,True,True,True,True
2026-05-26 17:00:00+07:00,33.676,2.59333,0.30552833231820803,True,True,True,True,True,True,True,True
2026-05-26 17:15:00+07:00,33.2113,2.46,0.29305397324293514,True,True,True,True,True,True,True,True
2026-05-26 17:30:00+07:00,32.4973,2.34667,0.27455656068604256,True,True,True,True,True,True,True,True
2026-05-26 17:45:00+07:00,30.1093,1.82667,0.21836949191881086,True,True,True,True,True,True,True,True
2026-05-27 07:15:00+07:00,42.5373,6.7,0.615743374530961,True,True,True,False,False,False,True,True
2026-05-27 07:30:00+07:00,46.3973,6.01333,0.7990392483099866,True,True,True,False,False,False,True,True
2026-05-27 07:45:00+07:00,40.0593,3.95333,0.5142804974986228,True,True,True,False,False,False,True,True
2026-05-27 08:00:00+07:00,38.4207,3.48667,0.4537177883753418,True,True,True,False,False,False,True,True
2026-05-27 08:15:00+07:00,36.466,3.06,0.38793089634156797,True,True,True,False,False,False,True,True
2026-05-27 08:30:00+07:00,35.8513,3.00667,0.36864191339609365,True,True,True,False,False,False,True,True
2026-05-27 08:45:00+07:00,34.8013,2.78,0.33719132185950546,True,True,True,False,False,False,True,True
2026-05-27 09:00:00+07:00,34.4933,2.72,0.3283176449665139,True,True,True,False,False,False,True,True
2026-05-27 09:15:00+07:00,35.434,2.93333,0.35591847301203194,True,True,True,True,True,True,True,True
2026-05-27 09:30:00+07:00,35.8827,3.04,0.3696113759148423,True,True,True,True,True,True,True,True
2026-05-27 09:45:00+07:00,36.1533,3.09333,0.3780365767904515,True,True,True,True,True,True,True,True
2026-05-27 10:00:00+07:00,37.4207,3.41333,0.4192042806515818,True,True,True,True,True,True,True,True
2026-05-27 10:15:00+07:00,37.62,3.39333,0.42593797382399995,True,True,True,True,True,True,True,True
2026-05-27 10:30:00+07:00,37.426,3.38667,0.4193824251582081,True,True,True,True,True,True,True,True
2026-05-27 10:45:00+07:00,37.82,3.50667,0.43276742214399994,True,True,True,True,True,True,True,True
2026-05-27 11:00:00+07:00,37.8647,3.53333,0.43430371853956823,True,True,True,True,True,True,True,True
2026-05-27 11:15:00+07:00,38.0433,3.56,0.44047831534914195,True,True,True,True,True,True,True,True
2026-05-27 11:30:00+07:00,37.422,3.38667,0.419247971803584,True,True,True,True,True,True,True,True
2026-05-27 11:45:00+07:00,36.8847,3.26667,0.4014474960894515,True,True,True,True,True,True,True,True
2026-05-27 12:00:00+07:00,36.7893,3.24,0.39834058827576757,True,True,True,True,True,True,True,True
2026-05-27 12:15:00+07:00,36.2187,3.04,0.3800918533349856,True,True,True,True,True,True,True,True
2026-05-27 12:30:00+07:00,36.33,3.06667,0.38360669709599987,True,True,True,True,True,True,True,True
2026-05-27 12:45:00+07:00,35.2747,2.86,0.3511397323066939,True,True,True,True,True,True,True,True
2026-05-27 13:00:00+07:00,34.838,2.74667,0.33825921094777606,True,True,True,True,True,True,True,True
2026-05-27 13:15:00+07:00,33.996,2.72667,0.3143210370554881,True,True,True,True,True,True,True,True
2026-05-27 13:30:00+07:00,33.8933,2.6,0.311480995552098,True,True,True,True,True,True,True,True
2026-05-27 13:45:00+07:00,33.8927,2.64667,0.3114644537616318,True,True,True,True,True,True,True,True
2026-05-27 14:00:00+07:00,34.4027,2.68667,0.32573735974678153,True,True,True,True,True,True,True,True
2026-05-27 14:15:00+07:00,34.082,2.64,0.31671249919494404,True,True,True,True,True,True,True,True
2026-05-27 14:30:00+07:00,34.078,2.62667,0.31660100034041605,True,True,True,True,True,True,True,True
2026-05-27 14:45:00+07:00,34.2627,2.67333,0.3217768070467671,True,True,True,True,True,True,True,True
2026-05-27 15:00:00+07:00,34.1273,2.61333,0.31797705122010733,True,True,True,True,True,True,True,True
2026-05-27 15:15:00+07:00,33.9247,2.62667,0.31234750017777785,True,True,True,True,True,True,True,True
2026-05-27 15:30:00+07:00,33.898,2.59333,0.31161059317433615,True,True,True,True,True,True,True,True
2026-05-27 15:45:00+07:00,34.312,2.69333,0.32316780367462394,True,True,True,True,True,True,True,True
2026-05-27 16:00:00+07:00,33.672,2.57333,0.3054194742435839,True,True,True,True,True,True,True,True
2026-05-27 16:15:00+07:00,33.3727,2.54667,0.29734731434969264,True,True,True,True,True,True,True,True
2026-05-27 16:30:00+07:00,33.8213,2.62667,0.30950015943863673,True,True,True,True,True,True,True,True
2026-05-27 16:45:00+07:00,34.25,2.65333,0.3214191250000001,True,True,True,True,True,True,True,True
2026-05-27 17:00:00+07:00,33.4647,2.5,0.29981323130446424,True,True,True,True,True,True,True,True
2026-05-27 17:15:00+07:00,33.1207,2.46667,0.2906621675114139,True,True,True,True,True,True,True,True
2026-05-27 17:30:00+07:00,33.3193,2.50667,0.29592223159952036,True,True,True,True,True,True,True,True
2026-05-27 17:45:00+07:00,31.1433,1.84667,0.24164837269935793,True,True,True,True,True,True,True,True
2026-05-28 07:15:00+07:00,9.906,2.64,0.007776513995328002,True,True,True,False,False,False,True,True
2026-05-28 07:30:00+07:00,49.2687,7.35333,0.9567606308358939,True,True,True,False,False,False,True,True
2026-05-28 07:45:00+07:00,42.828,4.81333,0.6284538179804162,True,True,True,False,False,False,True,True
2026-05-28 08:00:00+07:00,39.0387,3.65333,0.47596610710152476,True,True,True,False,False,False,True,True
2026-05-28 08:15:00+07:00,37.508,3.36,0.4221450576040961,True,True,True,False,False,False,True,True
2026-05-28 08:30:00+07:00,36.9873,3.28667,0.4048068720091328,True,True,True,False,False,False,True,True
2026-05-28 08:45:00+07:00,37.0233,3.22,0.40599002698751463,True,True,True,False,False,False,True,True
2026-05-28 09:00:00+07:00,37.1413,3.3,0.40988430490193595,True,True,True,False,False,False,True,True
2026-05-28 09:15:00+07:00,36.6187,3.17333,0.39282466974800956,True,True,True,False,False,False,True,True
2026-05-28 09:30:00+07:00,37.28,3.34667,0.4144934748160001,True,True,True,False,False,False,True,True
2026-05-28 09:45:00+07:00,38.2715,3.67143,0.4484524896750071,True,True,True,False,False,False,True,True
2026-05-28 10:00:00+07:00,38.4786,3.60833,0.4557721394766373,True,True,True,True,True,True,True,True
2026-05-28 10:15:00+07:00,37.1167,3.35333,0.40907040148891577,True,True,True,True,True,True,True,True
2026-05-28 10:30:00+07:00,36.8,3.26667,0.39868825599999996,True,True,True,True,True,True,True,True
2026-05-28 10:45:00+07:00,37.2673,3.37333,0.41407000855668163,True,True,True,True,True,True,True,True
2026-05-28 11:00:00+07:00,37.126,3.28667,0.40937796989100794,True,True,True,True,True,True,True,True
2026-05-28 11:15:00+07:00,36.736,3.25333,0.3966117588500479,True,True,True,False,False,False,True,True
2026-05-28 11:30:00+07:00,37.244,3.33333,0.413293848182272,True,True,True,False,False,False,True,True
2026-05-28 11:45:00+07:00,36.704,3.20667,0.3955762195333121,True,True,True,False,False,False,True,True
2026-05-28 12:00:00+07:00,36.5107,3.15333,0.3893592221030404,True,True,True,True,True,True,True,True
2026-05-28 12:15:00+07:00,36.092,3.05333,0.3761168871255039,True,True,True,True,True,True,True,True
2026-05-28 12:30:00+07:00,35.1473,2.85333,0.3473488712916866,True,True,True,True,True,True,True,True
2026-05-28 12:45:00+07:00,34.412,2.75333,0.32600159858022393,True,True,True,True,True,True,True,True
2026-05-28 13:00:00+07:00,34.0773,2.67333,0.31658149073175934,True,True,True,True,True,True,True,True
2026-05-28 13:15:00+07:00,34.2473,2.7,0.32134311654222264,True,True,True,True,True,True,True,True
2026-05-28 13:30:00+07:00,34.73,2.76667,0.3351230785359998,True,True,True,True,True,True,True,True
2026-05-28 13:45:00+07:00,34.4213,2.67333,0.3262659802757729,True,True,True,True,True,True,True,True
2026-05-28 14:00:00+07:00,33.7873,2.60667,0.30856769111006105,True,True,True,True,True,True,True,True
2026-05-28 14:15:00+07:00,33.8667,2.62667,0.3107482052654957,True,True,True,True,True,True,True,True
2026-05-28 14:30:00+07:00,34.3453,2.73333,0.3241096259521654,True,True,True,True,True,True,True,True
2026-05-28 14:45:00+07:00,34.1927,2.63333,0.31980862680932,True,True,True,True,True,True,True,True
2026-05-28 15:00:00+07:00,33.7507,2.56667,0.3075660116469027,True,True,True,True,True,True,True,True
2026-05-28 15:15:00+07:00,33.8247,2.56667,0.3095935094575618,True,True,True,True,True,True,True,True
2026-05-28 15:30:00+07:00,33.822,2.60667,0.30951937702598403,True,True,True,True,True,True,True,True
2026-05-28 15:45:00+07:00,33.7413,2.55333,0.30730910005363204,True,True,True,True,True,True,True,True
2026-05-28 16:00:00+07:00,33.254,2.52667,0.294185771768512,True,True,True,True,True,True,True,True
2026-05-28 16:15:00+07:00,33.15,2.46667,0.2914342469999999,True,True,True,True,True,True,True,True
2026-05-28 16:30:00+07:00,33.0253,2.45333,0.28815774788083426,True,True,True,True,True,True,True,True
2026-05-28 16:45:00+07:00,33.3787,2.52667,0.2975077213285952,True,True,True,True,True,True,True,True
2026-05-28 17:00:00+07:00,33.5507,2.50667,0.30213062151655073,True,True,True,False,False,False,True,True
2026-05-28 17:15:00+07:00,32.6433,2.38667,0.27827369575539795,True,True,True,False,False,False,True,True
2026-05-28 17:30:00+07:00,33.218,2.44667,0.2932313698898561,True,True,True,False,False,False,True,True
2026-05-28 17:45:00+07:00,32.95,1.94,0.286191179,True,True,True,True,True,True,True,True
2026-05-29 07:15:00+07:00,6.52667,2.23333,0.0022241544928289993,True,True,True,False,False,False,True,True
2026-05-29 07:30:00+07:00,49.2273,7.39333,0.9543507875292034,True,True,True,False,False,False,True,True
2026-05-29 07:45:00+07:00,41.324,4.25333,0.5645430244817919,True,True,True,False,False,False,True,True
2026-05-29 08:00:00+07:00,37.5573,3.32667,0.4238118314660601,True,True,True,False,False,False,True,True
2026-05-29 08:15:00+07:00,35.6373,2.84667,0.3620798578053371,True,True,True,False,False,False,True,True
2026-05-29 08:30:00+07:00,33.8593,2.54667,0.3105445508529108,True,True,True,False,False,False,True,True
2026-05-29 08:45:00+07:00,32.2653,2.29333,0.26871821716431266,True,True,True,False,False,False,True,True
2026-05-29 09:00:00+07:00,31.1453,2.12667,0.24169493113565338,True,True,True,False,False,False,True,True
2026-05-29 09:15:00+07:00,32.1273,2.34,0.2652849869661873,True,True,True,False,False,False,True,True
2026-05-29 09:30:00+07:00,33.144,2.48667,0.2912760307998719,True,True,True,False,False,False,True,True
2026-05-29 09:45:00+07:00,33.0193,2.50667,0.28800071986959247,True,True,True,False,False,False,True,True
2026-05-29 10:00:00+07:00,33.274,2.55333,0.2947168887585921,True,True,True,True,True,True,True,True
2026-05-29 10:15:00+07:00,33.5747,2.59333,0.30277945952702184,True,True,True,True,True,True,True,True
2026-05-29 10:30:00+07:00,34.2213,2.69333,0.32061179643406074,True,True,True,True,True,True,True,True
2026-05-29 10:45:00+07:00,34.136,2.71333,0.31822029685964814,True,True,True,True,True,True,True,True
2026-05-29 11:00:00+07:00,34.2793,2.71333,0.3222447284300101,True,True,True,True,True,True,True,True
2026-05-29 11:15:00+07:00,34.2067,2.70667,0.32020161896011795,True,True,True,True,True,True,True,True
2026-05-29 11:30:00+07:00,33.9,2.63333,0.3116657519999999,True,True,True,True,True,True,True,True
2026-05-29 11:45:00+07:00,33.7107,2.61333,0.30647376180131247,True,True,True,True,True,True,True,True
2026-05-29 12:00:00+07:00,33.876,2.62667,0.31100427556300786,True,True,True,True,True,True,True,True
2026-05-29 12:15:00+07:00,34.168,2.67333,0.31911606071705595,True,True,True,True,True,True,True,True
2026-05-29 12:30:00+07:00,32.8567,2.43333,0.28376695129168195,True,True,True,True,True,True,True,True
2026-05-29 12:45:00+07:00,33.0267,2.48667,0.28819439596115326,True,True,True,True,True,True,True,True
2026-05-29 13:00:00+07:00,33.0433,2.43333,0.288629174362342,True,True,True,True,True,True,True,True
2026-05-29 13:15:00+07:00,32.6357,2.37692,0.27807937829297036,True,True,True,True,True,True,True,True
2026-05-29 13:30:00+07:00,32.3787,2.38,0.2715615074000353,True,True,True,False,False,False,True,True
2026-05-29 13:45:00+07:00,32.6287,2.4,0.2779004817321752,True,True,True,False,False,False,True,True
2026-05-29 14:00:00+07:00,32.3387,2.33333,0.2705563052249729,True,True,True,False,False,False,True,True
2026-05-29 14:15:00+07:00,32.7113,2.42667,0.28001635567065514,True,True,True,True,True,True,True,True
2026-05-29 14:30:00+07:00,33.0833,2.46,0.2896786290249563,True,True,True,True,True,True,True,True
2026-05-29 14:45:00+07:00,33.5007,2.54667,0.30078185419396275,True,True,True,True,True,True,True,True
2026-05-29 15:00:00+07:00,33.0187,2.44,0.2879850202067936,True,True,True,True,True,True,True,True
2026-05-29 15:15:00+07:00,32.4107,2.35333,0.2723674594052243,True,True,True,True,True,True,True,True
2026-05-29 15:30:00+07:00,32.7407,2.40667,0.280772047024705,True,True,True,True,True,True,True,True
2026-05-29 15:45:00+07:00,32.53,2.36,0.2753862022160001,True,True,True,True,True,True,True,True
2026-05-29 16:00:00+07:00,32.8827,2.45333,0.2844411316459622,True,True,True,True,True,True,True,True
2026-05-29 16:15:00+07:00,32.7827,2.4,0.2818539627916662,True,True,True,True,True,True,True,True
2026-05-29 16:30:00+07:00,32.368,2.35333,0.27129237232025605,True,True,True,True,True,True,True,True
2026-05-29 16:45:00+07:00,32.0573,2.3,0.26355472787178014,True,True,True,True,True,True,True,True
2026-05-29 17:00:00+07:00,32.3993,2.34667,0.2720801564130212,True,True,True,True,True,True,True,True
2026-05-29 17:15:00+07:00,32.2433,2.34667,0.2681689176924538,True,True,True,True,True,True,True,True
2026-05-29 17:30:00+07:00,31.806,2.28,0.257405102036928,True,True,True,True,True,True,True,True
2026-05-29 17:45:00+07:00,30.1787,1.88667,0.21988295790920317,True,True,True,True,True,True,True,True
2026-06-01 08:00:00+07:00,49.774,7.58,0.9865011988545921,True,True,True,True,True,True,True,True
2026-06-01 08:15:00+07:00,49.9307,7.82,0.9958477603254996,True,True,True,True,True,True,True,True
2026-06-01 08:30:00+07:00,48.38,6.87333,0.9059152677760001,True,True,True,True,True,True,True,True
2026-06-01 08:45:00+07:00,44.78,5.43333,0.7183601868160001,True,True,True,True,True,True,True,True
2026-06-01 09:00:00+07:00,42.0,4.62,0.5927039999999999,True,True,True,False,False,False,True,True
2026-06-01 09:15:00+07:00,39.9247,3.98667,0.5091139198707378,True,True,True,False,False,False,True,True
2026-06-01 09:30:00+07:00,38.5313,3.68667,0.4576473716788744,True,True,True,False,False,False,True,True
2026-06-01 09:45:00+07:00,37.8973,3.54667,0.43542643926282654,True,True,True,True,True,True,True,True
2026-06-01 10:00:00+07:00,37.274,3.44,0.41429337605459204,True,True,True,True,True,True,True,True
2026-06-01 10:15:00+07:00,36.696,3.34,0.3953176166522879,True,True,True,False,False,False,True,True
2026-06-01 10:30:00+07:00,36.77,3.35333,0.3977139978640001,True,True,True,False,False,False,True,True
2026-06-01 10:45:00+07:00,36.39,3.20667,0.385510448952,True,True,True,False,False,False,True,True
2026-06-01 11:00:00+07:00,35.9307,3.10667,0.3710966394888597,True,True,True,True,True,True,True,True
2026-06-01 11:15:00+07:00,35.4467,3.00667,0.35630130742692445,True,True,True,True,True,True,True,True
2026-06-01 11:30:00+07:00,34.6367,2.79333,0.33242946538090284,True,True,True,True,True,True,True,True
2026-06-01 11:45:00+07:00,33.82,2.68,0.309464471744,True,True,True,True,True,True,True,True
2026-06-01 12:00:00+07:00,33.756,2.62,0.3077109291617281,True,True,True,True,True,True,True,True
2026-06-01 12:15:00+07:00,33.1133,2.56,0.29046738725223714,True,True,True,True,True,True,True,True
2026-06-01 12:30:00+07:00,32.7767,2.5,0.28169923353381326,True,True,True,True,True,True,True,True
2026-06-01 12:45:00+07:00,33.1107,2.54,0.29039897160865646,True,True,True,True,True,True,True,True
2026-06-01 13:00:00+07:00,32.3587,2.44,0.27105859566898405,True,True,True,False,False,False,True,True
2026-06-01 13:15:00+07:00,32.9613,2.49333,0.28648572250679516,True,True,True,False,False,False,True,True
2026-06-01 13:30:00+07:00,32.466,2.43333,0.273764001365568,True,True,True,False,False,False,True,True
2026-06-01 13:45:00+07:00,32.4687,2.42143,0.2738323089128856,True,True,True,True,True,True,True,True
2026-06-01 14:00:00+07:00,32.2627,2.37333,0.26865326090484704,True,True,True,True,True,True,True,True
2026-06-01 14:15:00+07:00,32.2413,2.40667,0.268119018528792,True,True,True,True,True,True,True,True
2026-06-01 14:30:00+07:00,31.84,2.3,0.25823146803200003,True,True,True,True,True,True,True,True
2026-06-01 14:45:00+07:00,32.404,2.39333,0.2721985814021121,True,True,True,True,True,True,True,True
2026-06-01 15:00:00+07:00,32.1513,2.35714,0.26587995732602154,True,True,True,True,True,True,True,True
2026-06-01 15:15:00+07:00,32.1833,2.4,0.26667463401693237,True,True,True,True,True,True,True,True
2026-06-01 15:30:00+07:00,32.0704,2.34615,0.2638779595221893,True,True,True,True,True,True,True,True
2026-06-01 15:45:00+07:00,32.0281,2.34615,0.2628351921979844,True,True,True,True,True,True,True,True
2026-06-01 16:00:00+07:00,32.2635,2.37692,0.268673246331183,True,True,True,True,True,True,True,True
2026-06-01 16:15:00+07:00,31.8208,2.3,0.2577645972708393,True,True,True,True,True,True,True,True
2026-06-01 16:30:00+07:00,31.0492,2.14231,0.2394645507089239,True,True,True,True,True,True,True,True
2026-06-01 16:45:00+07:00,31.5982,1.94643,0.2523928326651693,True,True,True,True,True,True,True,True
2026-06-02 06:15:00+07:00,13.2313,2.42,0.01853094369910637,True,True,True,True,True,True,True,True
2026-06-02 06:30:00+07:00,49.4293,7.59333,0.966147351178974,True,True,True,True,True,True,True,True
2026-06-02 06:45:00+07:00,45.9047,5.77333,0.7738583045031745,True,True,True,True,True,True,True,True
2026-06-02 07:00:00+07:00,39.3233,3.72,0.4864518469630429,True,True,True,False,False,False,True,True
2026-06-02 07:15:00+07:00,36.792,3.09333,0.3984282984407041,True,True,True,False,False,False,True,True
2026-06-02 07:30:00+07:00,34.8853,2.7,0.3396388590435719,True,True,True,False,False,False,True,True
2026-06-02 07:45:00+07:00,33.738,2.61333,0.307218941626176,True,True,True,False,False,False,True,True
2026-06-02 08:00:00+07:00,33.388,2.55333,0.29775646613657586,True,True,True,False,False,False,True,True
2026-06-02 08:15:00+07:00,34.2,2.63333,0.32001350400000006,True,True,True,False,False,False,True,True
2026-06-02 08:30:00+07:00,34.112,2.68667,0.3175495751434241,True,True,True,False,False,False,True,True
2026-06-02 08:45:00+07:00,35.4007,2.92667,0.3549159655043068,True,True,True,False,False,False,True,True
2026-06-02 09:00:00+07:00,36.542,3.21333,0.39036145385670407,True,True,True,False,False,False,True,True
2026-06-02 09:15:00+07:00,36.9753,3.27333,0.40441299843936623,True,True,True,False,False,False,True,True
2026-06-02 09:30:00+07:00,37.2527,3.41333,0.41358354556741744,True,True,True,False,False,False,True,True
2026-06-02 09:45:00+07:00,37.3193,3.4,0.41580571503856045,True,True,True,True,True,True,True,True
2026-06-02 10:00:00+07:00,37.986,3.56667,0.43849099473004793,True,True,True,True,True,True,True,True
2026-06-02 10:15:00+07:00,37.0527,3.28667,0.40695797860442545,True,True,True,False,False,False,True,True
2026-06-02 10:30:00+07:00,37.1207,3.32,0.409202670086454,True,True,True,False,False,False,True,True
2026-06-02 10:45:00+07:00,37.246,3.44,0.41336043330348804,True,True,True,False,False,False,True,True
2026-06-02 11:00:00+07:00,37.0553,3.31333,0.4070436537368191,True,True,True,True,True,True,True,True
2026-06-02 11:15:00+07:00,36.4253,3.12667,0.3866334270241782,True,True,True,True,True,True,True,True
2026-06-02 11:30:00+07:00,36.6487,3.17333,0.39379092994450643,True,True,True,True,True,True,True,True
2026-06-02 11:45:00+07:00,36.144,3.03333,0.37774491579187197,True,True,True,True,True,True,True,True
2026-06-02 12:00:00+07:00,36.5147,3.15333,0.3894872071202522,True,True,True,True,True,True,True,True
2026-06-02 12:15:00+07:00,35.6567,2.90667,0.36267149974829016,True,True,True,True,True,True,True,True
2026-06-02 12:30:00+07:00,35.0493,2.85333,0.3444514625701853,True,True,True,True,True,True,True,True
2026-06-02 12:45:00+07:00,35.7873,2.96667,0.36667119069198095,True,True,True,True,True,True,True,True
2026-06-02 13:00:00+07:00,35.2627,2.85333,0.3507814945177271,True,True,True,True,True,True,True,True
2026-06-02 13:15:00+07:00,35.484,2.94667,0.35742728207923213,True,True,True,True,True,True,True,True
2026-06-02 13:30:00+07:00,36.1053,3.05333,0.3765328406503671,True,True,True,True,True,True,True,True
2026-06-02 13:45:00+07:00,35.6847,2.90667,0.36352655181165927,True,True,True,True,True,True,True,True
2026-06-02 14:00:00+07:00,34.8187,2.80667,0.3376973428654017,True,True,True,True,True,True,True,True
2026-06-02 14:15:00+07:00,34.9453,2.77333,0.34139433204626146,True,True,True,True,True,True,True,True
2026-06-02 14:30:00+07:00,34.7387,2.76,0.33537499053191683,True,True,True,True,True,True,True,True
2026-06-02 14:45:00+07:00,34.262,2.7,0.32175708538182396,True,True,True,True,True,True,True,True
2026-06-02 15:00:00+07:00,34.9393,2.79333,0.3412185131824117,True,True,True,True,True,True,True,True
2026-06-02 15:15:00+07:00,34.7933,2.76667,0.33695883825772205,True,True,True,True,True,True,True,True
2026-06-02 15:30:00+07:00,34.2413,2.64667,0.32117425176191206,True,True,True,True,True,True,True,True
2026-06-02 15:45:00+07:00,33.336,2.49333,0.296367413096448,True,True,True,True,True,True,True,True
2026-06-02 16:00:00+07:00,33.024,2.44,0.2881237203025921,True,True,True,True,True,True,True,True
2026-06-02 16:15:00+07:00,32.7473,2.36667,0.2809418786797826,True,True,True,True,True,True,True,True
2026-06-02 16:30:00+07:00,32.654,2.36667,0.27854742769811214,True,True,True,True,True,True,True,True
2026-06-02 16:45:00+07:00,32.7227,2.39333,0.28030921768516875,True,True,True,True,True,True,True,True
2026-06-02 17:00:00+07:00,33.1813,2.40667,0.29226053726867846,True,True,True,True,True,True,True,True
2026-06-02 17:15:00+07:00,32.006,2.26667,0.26229148364972804,True,True,True,True,True,True,True,True
2026-06-02 17:30:00+07:00,32.378,2.29333,0.271543894993216,True,True,True,True,True,True,True,True
2026-06-02 17:45:00+07:00,29.936,1.82667,0.21462054702284802,True,True,True,True,True,True,True,True
2026-06-04 07:15:00+07:00,13.1373,2.16,0.01813879110873693,True,True,True,True,True,True,True,True
2026-06-04 07:30:00+07:00,49.7293,7.66667,0.9838457754961023,True,True,True,False,False,False,True,True
2026-06-04 07:45:00+07:00,48.3187,6.78,0.9024761024449615,True,True,True,False,False,False,True,True
2026-06-04 08:00:00+07:00,41.5947,4.31333,0.575710268811865,True,True,True,False,False,False,True,True
2026-06-04 08:15:00+07:00,37.8633,3.36,0.43425554680769707,True,True,True,False,False,False,True,True
2026-06-04 08:30:00+07:00,35.7933,2.9,0.3668556468550819,True,True,True,False,False,False,True,True
2026-06-04 08:45:00+07:00,34.6947,2.8,0.3341022471441608,True,True,True,False,False,False,True,True
2026-06-04 09:00:00+07:00,34.7133,2.71333,0.33463987686081303,True,True,True,False,False,False,True,True
2026-06-04 09:15:00+07:00,35.7133,2.98667,0.36440131278617305,True,True,True,False,False,False,True,True
2026-06-04 09:30:00+07:00,36.0913,3.08,0.3760950033245479,True,True,True,False,False,False,True,True
2026-06-04 09:45:00+07:00,35.966,3.0,0.37219146246956814,True,True,True,False,False,False,True,True
2026-06-04 10:00:00+07:00,36.856,3.28667,0.400511125680128,True,True,True,True,True,True,True,True
2026-06-04 10:15:00+07:00,37.0653,3.25333,0.40737328553948066,True,True,True,True,True,True,True,True
2026-06-04 10:30:00+07:00,36.7847,3.24667,0.3981911857916355,True,True,True,True,True,True,True,True
2026-06-04 10:45:00+07:00,37.956,3.57333,0.437452900950528,True,True,True,True,True,True,True,True
2026-06-04 11:00:00+07:00,39.002,3.75333,0.47462501174406413,True,True,True,True,True,True,True,True
2026-06-04 11:15:00+07:00,37.6933,3.44667,0.42843256118206596,True,True,True,True,True,True,True,True
2026-06-04 11:30:00+07:00,38.1827,3.60667,0.44533814189965015,True,True,True,True,True,True,True,True
2026-06-04 11:45:00+07:00,37.774,3.44,0.4311902329665921,True,True,True,True,True,True,True,True
2026-06-04 12:00:00+07:00,37.5733,3.41333,0.4243537137516628,True,True,True,True,True,True,True,True
2026-06-04 12:15:00+07:00,37.0527,3.29333,0.40695797860442545,True,True,True,True,True,True,True,True
2026-06-04 12:30:00+07:00,36.6807,3.16,0.3948233525836795,True,True,True,True,True,True,True,True
2026-06-04 12:45:00+07:00,35.4987,2.9,0.35787168163986244,True,True,True,True,True,True,True,True
2026-06-04 13:00:00+07:00,35.374,2.89333,0.354113514348992,True,True,True,True,True,True,True,True
2026-06-04 13:15:00+07:00,36.4953,3.14667,0.3888667415500095,True,True,True,True,True,True,True,True
2026-06-04 13:30:00+07:00,37.5993,3.45333,0.42523525727417333,True,True,True,True,True,True,True,True
2026-06-04 13:45:00+07:00,38.2173,3.56,0.4465498948784939,True,True,True,True,True,True,True,True
2026-06-04 14:00:00+07:00,37.5553,3.40667,0.4237441286338991,True,True,True,True,True,True,True,True
2026-06-04 14:15:00+07:00,37.662,3.44,0.427366153612224,True,True,True,True,True,True,True,True
2026-06-04 14:30:00+07:00,37.8747,3.46667,0.4346479059443096,True,True,True,True,True,True,True,True
2026-06-04 14:45:00+07:00,37.512,3.34,0.42228012961382405,True,True,True,True,True,True,True,True
2026-06-04 15:00:00+07:00,36.726,3.19333,0.39628795892140795,True,True,True,True,True,True,True,True
2026-06-04 15:15:00+07:00,36.286,3.07333,0.38221460289324805,True,True,True,False,False,False,True,True
2026-06-04 15:30:00+07:00,36.046,2.96667,0.374680613002688,True,True,True,False,False,False,True,True
2026-06-04 15:45:00+07:00,35.9713,2.98667,0.3723560266790408,True,True,True,False,False,False,True,True
2026-06-04 16:00:00+07:00,35.7467,2.94667,0.36542466179333244,True,True,True,True,True,True,True,True
2026-06-04 16:15:00+07:00,35.0713,2.83333,0.3451004931993368,True,True,True,True,True,True,True,True
2026-06-04 16:30:00+07:00,35.568,2.91333,0.359971670163456,True,True,True,True,True,True,True,True
2026-06-04 16:45:00+07:00,35.4653,2.90667,0.3568624893504246,True,True,True,True,True,True,True,True
2026-06-04 17:00:00+07:00,35.3533,2.84667,0.35349222234136346,True,True,True,False,False,False,True,True
2026-06-04 17:15:00+07:00,35.756,2.98,0.36570994688972797,True,True,True,False,False,False,True,True
2026-06-04 17:30:00+07:00,36.228,3.04,0.38038472099481596,True,True,True,False,False,False,True,True
2026-06-04 17:45:00+07:00,34.9653,2.25333,0.3419808311013446,True,True,True,True,True,True,True,True
2026-06-05 07:15:00+07:00,9.88733,1.82,0.0077326272445954304,True,True,True,False,False,False,True,True
2026-06-05 07:30:00+07:00,49.4667,7.60667,0.9683420772659118,True,True,True,False,False,False,True,True
2026-06-05 07:45:00+07:00,45.4653,5.57333,0.7518482103320245,True,True,True,False,False,False,True,True
2026-06-05 08:00:00+07:00,39.8047,3.85333,0.5045370368131985,True,True,True,False,False,False,True,True
2026-06-05 08:15:00+07:00,36.7953,3.08667,0.3985355172370573,True,True,True,False,False,False,True,True
2026-06-05 08:30:00+07:00,35.678,2.92,0.36332182788601597,True,True,True,False,False,False,True,True
2026-06-05 08:45:00+07:00,34.4993,2.74,0.32848900420571725,True,True,True,False,False,False,True,True
2026-06-05 09:00:00+07:00,34.6347,2.76667,0.33237188305859144,True,True,True,False,False,False,True,True
2026-06-05 09:15:00+07:00,35.238,2.87333,0.3500448888101759,True,True,True,False,False,False,True,True
2026-06-05 09:30:00+07:00,36.2613,3.12667,0.3814346098518431,True,True,True,False,False,False,True,True
2026-06-05 09:45:00+07:00,36.182,3.10667,0.3789375953645441,True,True,True,True,True,True,True,True
2026-06-05 10:00:00+07:00,36.6867,3.3,0.3950171324978909,True,True,True,False,False,False,True,True
2026-06-05 10:15:00+07:00,37.0475,3.35455,0.406786664407375,True,True,True,False,False,False,True,True
2026-06-05 10:30:00+07:00,37.37,3.31538,0.4175026924239999,True,True,True,False,False,False,True,True
2026-06-05 10:45:00+07:00,37.3557,3.26786,0.41702359120351745,True,True,True,True,True,True,True,True
2026-06-05 11:00:00+07:00,33.9396,2.74615,0.312759237535769,True,True,True,True,True,True,True,True
2026-06-05 11:15:00+07:00,36.1669,3.10769,0.37846336203985037,True,True,True,True,True,True,True,True
2026-06-05 11:30:00+07:00,36.8673,3.25769,0.40087962715549785,True,True,True,True,True,True,True,True
2026-06-05 11:45:00+07:00,36.4231,3.17308,0.386563376084307,True,True,True,True,True,True,True,True
2026-06-05 12:00:00+07:00,36.1969,3.08846,0.3794059356129296,True,True,True,True,True,True,True,True
2026-06-05 12:15:00+07:00,36.2235,3.09583,0.3802429920586231,True,True,True,True,True,True,True,True
2026-06-05 12:30:00+07:00,35.9085,2.99583,0.370409211495513,True,True,True,True,True,True,True,True
2026-06-05 12:45:00+07:00,35.4108,2.87333,0.3552198301794218,True,True,True,True,True,True,True,True
2026-06-05 13:00:00+07:00,34.8357,2.83333,0.33819221989004244,True,True,True,True,True,True,True,True
2026-06-05 13:15:00+07:00,35.318,2.88,0.352434401419456,True,True,True,True,True,True,True,True
2026-06-05 13:30:00+07:00,35.0367,2.83333,0.34408011178304704,True,True,True,True,True,True,True,True
2026-06-05 13:45:00+07:00,35.5713,2.89333,0.3600718740036168,True,True,True,True,True,True,True,True
2026-06-05 14:00:00+07:00,35.698,2.97333,0.36393317190713603,True,True,True,True,True,True,True,True
2026-06-05 14:15:00+07:00,35.9247,3.07333,0.3709107643420979,True,True,True,True,True,True,True,True
2026-06-05 14:30:00+07:00,35.758,2.94667,0.365771317916096,True,True,True,True,True,True,True,True
2026-06-05 14:45:00+07:00,35.684,2.94,0.363505159148032,True,True,True,True,True,True,True,True
2026-06-05 15:00:00+07:00,35.788,2.97333,0.3666927073909759,True,True,True,True,True,True,True,True
2026-06-05 15:15:00+07:00,35.2647,2.86,0.35084118388755214,True,True,True,True,True,True,True,True
2026-06-05 15:30:00+07:00,35.21,2.84667,0.3492111180880001,True,True,True,False,False,False,True,True
2026-06-05 15:45:00+07:00,35.5367,2.94667,0.359022176145727,True,True,True,False,False,False,True,True
2026-06-05 16:00:00+07:00,35.1373,2.84,0.3470524757898571,True,True,True,False,False,False,True,True
2026-06-05 16:15:00+07:00,34.9427,2.8,0.34131813645854,True,True,True,True,True,True,True,True
2026-06-05 16:30:00+07:00,34.9587,2.78667,0.34178721221603997,True,True,True,True,True,True,True,True
2026-06-05 16:45:00+07:00,36.0253,2.96667,0.3740354843673142,True,True,True,True,True,True,True,True
2026-06-05 17:00:00+07:00,36.5193,3.10667,0.3896344245587524,True,True,True,True,True,True,True,True
2026-06-05 17:15:00+07:00,36.4707,3.16667,0.38808091363600994,True,True,True,True,True,True,True,True
2026-06-05 17:30:00+07:00,34.806,2.72,0.33732795582892794,True,True,True,True,True,True,True,True
2026-06-05 17:45:00+07:00,31.1027,1.98,0.24070452864941347,True,True,True,True,True,True,True,True
2026-06-08 06:45:00+07:00,9.93,1.8,0.007833173256,True,True,True,True,True,True,True,True
2026-06-08 07:00:00+07:00,49.71,7.68667,0.9827007248879999,True,True,True,False,False,False,True,True
2026-06-08 07:15:00+07:00,49.2473,7.38667,0.9555144571666229,True,True,True,False,False,False,True,True
2026-06-08 07:30:00+07:00,43.2507,4.76667,0.6472460509586229,True,True,True,False,False,False,True,True
2026-06-08 07:45:00+07:00,39.224,3.7,0.4827759506513919,True,True,True,False,False,False,True,True
2026-06-08 08:00:00+07:00,37.0467,3.23333,0.4067603126451005,True,True,True,False,False,False,True,True
2026-06-08 08:15:00+07:00,35.1687,2.86,0.3479837245487977,True,True,True,False,False,False,True,True
2026-06-08 08:30:00+07:00,34.272,2.72667,0.3220388999331839,True,True,True,False,False,False,True,True
2026-06-08 08:45:00+07:00,35.752,3.08667,0.365587225432064,True,True,True,False,False,False,True,True
2026-06-08 09:00:00+07:00,36.4253,3.14,0.3866334270241782,True,True,True,False,False,False,True,True
2026-06-08 09:15:00+07:00,37.376,3.35333,0.41770382314700794,True,True,True,False,False,False,True,True
2026-06-08 09:30:00+07:00,38.7847,3.39333,0.4667359963879554,True,True,True,False,False,False,True,True
2026-06-08 09:45:00+07:00,39.5213,3.39333,0.4938370299754287,True,True,True,True,True,True,True,True
2026-06-08 10:00:00+07:00,37.174,3.72,0.41096787123219203,True,True,True,True,True,True,True,True
2026-06-08 10:15:00+07:00,40.182,3.95333,0.519020647268544,True,True,True,True,True,True,True,True
2026-06-08 10:30:00+07:00,40.2007,3.93333,0.5197456139447547,True,True,True,True,True,True,True,True
2026-06-08 10:45:00+07:00,39.562,3.9,0.4953642980186239,True,True,True,True,True,True,True,True
2026-06-08 11:00:00+07:00,38.666,3.64667,0.4624637823383678,True,True,True,True,True,True,True,True
2026-06-08 11:15:00+07:00,38.9747,3.79333,0.47362904779468584,True,True,True,True,True,True,True,True
2026-06-08 11:30:00+07:00,40.566,4.16,0.5340433923319681,True,True,True,True,True,True,True,True
2026-06-08 11:45:00+07:00,40.0433,4.04,0.513664520543862,True,True,True,True,True,True,True,True
2026-06-08 12:00:00+07:00,39.3213,3.82,0.48637762728571693,True,True,True,True,True,True,True,True
2026-06-08 12:15:00+07:00,38.782,3.68667,0.4666385275821438,True,True,True,True,True,True,True,True
2026-06-08 12:30:00+07:00,37.9127,3.49333,0.43595747649377103,True,True,True,True,True,True,True,True
2026-06-08 12:45:00+07:00,36.5607,3.1,0.3909610512024282,True,True,True,True,True,True,True,True
2026-06-08 13:00:00+07:00,36.6593,3.22,0.3941327203450389,True,True,True,True,True,True,True,True
2026-06-08 13:15:00+07:00,37.0807,3.24667,0.40788126649558354,True,True,True,False,False,False,True,True
2026-06-08 13:30:00+07:00,36.9827,3.24667,0.4046558569280983,True,True,True,False,False,False,True,True
2026-06-08 13:45:00+07:00,37.792,3.51333,0.4318069367767041,True,True,True,False,False,False,True,True
2026-06-08 14:00:00+07:00,39.2587,3.77333,0.4840583657552479,True,True,True,False,False,False,True,True
2026-06-08 14:15:00+07:00,37.8933,3.48667,0.435288578101538,True,True,True,False,False,False,True,True
2026-06-08 14:30:00+07:00,35.7713,2.97333,0.3661796098933286,True,True,True,False,False,False,True,True
2026-06-08 14:45:00+07:00,34.9333,2.83333,0.3410427546936723,True,True,True,True,True,True,True,True
2026-06-08 15:00:00+07:00,34.73,2.74667,0.3351230785359998,True,True,True,True,True,True,True,True
2026-06-08 15:15:00+07:00,34.7767,2.81333,0.33647677575253326,True,True,True,True,True,True,True,True
2026-06-08 15:30:00+07:00,34.9033,2.80667,0.3401648675137516,True,True,True,True,True,True,True,True
2026-06-08 15:45:00+07:00,35.1393,2.87333,0.3471117413959637,True,True,True,True,True,True,True,True
2026-06-08 16:00:00+07:00,35.4493,2.91333,0.3563797168148893,True,True,True,True,True,True,True,True
2026-06-08 16:15:00+07:00,35.2247,2.92,0.3496486824365857,True,True,True,True,True,True,True,True
2026-06-08 16:30:00+07:00,35.1773,2.84,0.3482390702314153,True,True,True,True,True,True,True,True
2026-06-08 16:45:00+07:00,34.714,2.75333,0.334660121490752,True,True,True,True,True,True,True,True
2026-06-08 17:00:00+07:00,33.6833,2.57333,0.30572706497697244,True,True,True,True,True,True,True,True
2026-06-08 17:15:00+07:00,33.4773,2.56,0.3001520123995833,True,True,True,False,False,False,True,True
2026-06-08 17:30:00+07:00,32.8687,2.42,0.2840779789259095,True,True,True,False,False,False,True,True
2026-06-08 17:45:00+07:00,30.9433,1.96,0.23702266161988592,True,True,True,False,False,False,True,True
2026-06-09 07:15:00+07:00,42.7467,7.44667,0.6248816432228524,True,True,True,False,False,False,True,True
2026-06-09 07:30:00+07:00,48.92,7.26364,0.9365896023040001,True,True,True,False,False,False,True,True
2026-06-09 07:45:00+07:00,42.634,4.65333,0.619952234368832,True,True,True,False,False,False,True,True
2026-06-09 08:00:00+07:00,38.7247,3.53333,0.4645732214041458,True,True,True,False,False,False,True,True
2026-06-09 08:15:00+07:00,36.836,3.11333,0.3998594643604479,True,True,True,False,False,False,True,True
2026-06-09 08:30:00+07:00,35.7747,2.9,0.3662840340277739,True,True,True,False,False,False,True,True
2026-06-09 08:45:00+07:00,34.6213,2.70667,0.3319862530134848,True,True,True,False,False,False,True,True
2026-06-09 09:00:00+07:00,34.6793,2.78667,0.33365754886351395,True,True,True,False,False,False,True,True
2026-06-09 09:15:00+07:00,35.5493,2.97333,0.3594041995360653,True,True,True,False,False,False,True,True
2026-06-09 09:30:00+07:00,37.4007,3.39333,0.4185324916078267,True,True,True,False,False,False,True,True
2026-06-09 09:45:00+07:00,38.7033,3.67333,0.4638034511629194,True,True,True,True,True,True,True,True
2026-06-09 10:00:00+07:00,38.6667,3.75333,0.4624888997936236,True,True,True,True,True,True,True,True
2026-06-09 10:15:00+07:00,40.0593,4.06,0.5142804974986228,True,True,True,True,True,True,True,True
2026-06-09 10:30:00+07:00,40.4387,4.07333,0.5290315148319088,True,True,True,True,True,True,True,True
2026-06-09 10:45:00+07:00,40.5933,4.14,0.5351223154504099,True,True,True,True,True,True,True,True
2026-06-09 11:00:00+07:00,40.8087,4.22,0.5436861469529162,True,True,True,True,True,True,True,True
2026-06-09 11:15:00+07:00,40.0273,4.02,0.5130490356411713,True,True,True,True,True,True,True,True
2026-06-09 11:30:00+07:00,39.5033,3.86667,0.4931625821240076,True,True,True,True,True,True,True,True
2026-06-09 11:45:00+07:00,39.5873,3.9,0.4963152661056288,True,True,True,True,True,True,True,True
2026-06-09 12:00:00+07:00,38.722,3.65333,0.464476053944384,True,True,True,True,True,True,True,True
2026-06-09 12:15:00+07:00,37.132,3.26,0.4095764829117439,True,True,True,True,True,True,True,True
2026-06-09 12:30:00+07:00,36.282,3.08,0.38208821614214394,True,True,True,True,True,True,True,True
2026-06-09 12:45:00+07:00,35.4947,2.90667,0.357750720131489,True,True,True,True,True,True,True,True
2026-06-09 13:00:00+07:00,35.5,2.90667,0.3579109999999999,True,True,True,True,True,True,True,True
2026-06-09 13:15:00+07:00,35.2453,2.84667,0.35026248263730947,True,True,True,True,True,True,True,True
2026-06-09 13:30:00+07:00,35.7867,2.96,0.366652748477067,True,True,True,True,True,True,True,True
2026-06-09 13:45:00+07:00,36.188,3.07333,0.3791261423733761,True,True,True,True,True,True,True,True
2026-06-09 14:00:00+07:00,36.7267,3.19333,0.3963106191777853,True,True,True,True,True,True,True,True
2026-06-09 14:15:00+07:00,36.4,3.09333,0.385828352,True,True,True,True,True,True,True,True
2026-06-09 14:30:00+07:00,35.792,2.94,0.36681567610470406,True,True,True,True,True,True,True,True
2026-06-09 14:45:00+07:00,34.5647,2.72,0.33036068844924027,True,True,True,True,True,True,True,True
2026-06-09 15:00:00+07:00,33.7613,2.57333,0.3078558921904432,True,True,True,True,True,True,True,True
2026-06-09 15:15:00+07:00,33.5393,2.54667,0.30182274845554763,True,True,True,True,True,True,True,True
2026-06-09 15:30:00+07:00,33.4,2.48,0.2980776319999999,True,True,True,True,True,True,True,True
2026-06-09 15:45:00+07:00,32.582,2.34667,0.276708949130944,True,True,True,True,True,True,True,True
2026-06-09 16:00:00+07:00,33.0047,2.40667,0.28761885669611054,True,True,True,True,True,True,True,True
2026-06-09 16:15:00+07:00,32.6747,2.38667,0.2790774933250778,True,True,True,True,True,True,True,True
2026-06-09 16:30:00+07:00,32.2993,2.34667,0.26956860910784536,True,True,True,True,True,True,True,True
2026-06-09 16:45:00+07:00,33.0973,2.47333,0.29004653826301846,True,True,True,True,True,True,True,True
2026-06-09 17:00:00+07:00,32.816,2.42,0.282713740115968,True,True,True,True,True,True,True,True
2026-06-09 17:15:00+07:00,32.3827,2.31333,0.2716621643344822,True,True,True,True,True,True,True,True
2026-06-09 17:30:00+07:00,32.2273,2.28667,0.2677698976908833,True,True,True,True,True,True,True,True
2026-06-09 17:45:00+07:00,32.2753,1.81333,0.26896814650921425,True,True,True,True,True,True,True,True
2026-06-10 07:15:00+07:00,46.1253,6.63333,0.7850685838371303,True,True,True,True,True,True,True,True
2026-06-10 07:30:00+07:00,48.53,6.85333,0.9143676678160001,True,True,True,True,True,True,True,True
2026-06-10 07:45:00+07:00,41.9067,4.29333,0.5887628192317902,True,True,True,True,True,True,True,True
2026-06-10 08:00:00+07:00,39.878,3.90667,0.507329474113216,True,True,True,True,True,True,True,True
2026-06-10 08:15:00+07:00,38.422,3.52,0.45376384581958384,True,True,True,True,True,True,True,True
2026-06-10 08:30:00+07:00,37.554,3.44,0.42370012565971216,True,True,True,True,True,True,True,True
2026-06-10 08:45:00+07:00,37.496,3.41333,0.42174001439948805,True,True,True,True,True,True,True,True
2026-06-10 09:00:00+07:00,38.5007,3.62,0.4565579022527629,True,True,True,True,True,True,True,True
2026-06-10 09:15:00+07:00,38.398,3.58667,0.4529140568063362,True,True,True,True,True,True,True,True
2026-06-10 09:30:00+07:00,37.6673,3.44667,0.4275466028218657,True,True,True,True,True,True,True,True
2026-06-10 09:45:00+07:00,37.8347,3.44667,0.43327224663670333,True,True,True,True,True,True,True,True
2026-06-10 10:00:00+07:00,38.026,3.54,0.43987767265260813,True,True,True,True,True,True,True,True
2026-06-10 10:15:00+07:00,37.9687,3.53333,0.4378921604319656,True,True,True,True,True,True,True,True
2026-06-10 10:30:00+07:00,38.108,3.55333,0.4427294956456959,True,True,True,True,True,True,True,True
2026-06-10 10:45:00+07:00,38.192,3.58667,0.4456636285911039,True,True,True,True,True,True,True,True
2026-06-10 11:00:00+07:00,37.6247,3.43333,0.4260976355937698,True,True,True,True,True,True,True,True
2026-06-10 11:15:00+07:00,38.0633,3.54,0.4411733811127691,True,True,True,True,True,True,True,True
2026-06-10 11:30:00+07:00,37.4287,3.37333,0.41947319742126316,True,True,True,True,True,True,True,True
2026-06-10 11:45:00+07:00,37.6013,3.41333,0.4253031188370737,True,True,True,True,True,True,True,True
2026-06-10 12:00:00+07:00,37.694,3.44667,0.42845643081107215,True,True,True,True,True,True,True,True
2026-06-10 12:15:00+07:00,37.4513,3.37333,0.4202335085969897,True,True,True,True,True,True,True,True
2026-06-10 12:30:00+07:00,36.2293,3.02,0.3804256714653422,True,True,True,True,True,True,True,True
2026-06-10 12:45:00+07:00,35.844,2.91333,0.36841677193267214,True,True,True,True,True,True,True,True
2026-06-10 13:00:00+07:00,34.872,2.79333,0.3392505457827839,True,True,True,True,True,True,True,True
2026-06-10 13:15:00+07:00,34.972,2.83333,0.34217745838438407,True,True,True,True,True,True,True,True
2026-06-10 13:30:00+07:00,34.9513,2.8,0.3415702112955896,True,True,True,True,True,True,True,True
2026-06-10 13:45:00+07:00,35.4393,2.88,0.3560782051962917,True,True,True,True,True,True,True,True
2026-06-10 14:00:00+07:00,35.5,2.9,0.3579109999999999,True,True,True,True,True,True,True,True
2026-06-10 14:15:00+07:00,35.4153,2.88667,0.3553552712635166,True,True,True,True,True,True,True,True
2026-06-10 14:30:00+07:00,34.668,2.76667,0.33333149540505597,True,True,True,True,True,True,True,True
2026-06-10 14:45:00+07:00,34.8413,2.78,0.33835534400384787,True,True,True,True,True,True,True,True
2026-06-10 15:00:00+07:00,34.6453,2.76667,0.33267714515121344,True,True,True,True,True,True,True,True
2026-06-10 15:15:00+07:00,34.782,2.77333,0.3366306372781439,True,True,True,True,True,True,True,True
2026-06-10 15:30:00+07:00,34.72,2.76,0.334833680384,True,True,True,True,True,True,True,True
2026-06-10 15:45:00+07:00,34.4873,2.71333,0.32814634533173287,True,True,True,True,True,True,True,True
2026-06-10 16:00:00+07:00,35.0913,2.82667,0.3456912280679879,True,True,True,True,True,True,True,True
2026-06-10 16:15:00+07:00,34.802,2.77333,0.337211669260864,True,True,True,True,True,True,True,True
2026-06-10 16:30:00+07:00,34.4493,2.67333,0.3270628311231292,True,True,True,True,True,True,True,True
2026-06-10 16:45:00+07:00,34.4653,2.68,0.3275187564522646,True,True,True,True,True,True,True,True
2026-06-10 17:00:00+07:00,34.2073,2.62,0.320218468671544,True,True,True,True,True,True,True,True
2026-06-10 17:15:00+07:00,33.3067,2.46667,0.2955866413904941,True,True,True,True,True,True,True,True
2026-06-10 17:30:00+07:00,32.3887,2.32,0.2718131963682008,True,True,True,True,True,True,True,True
2026-06-10 17:45:00+07:00,30.13,1.84,0.21882018557600003,True,True,True,True,True,True,True,True
2026-06-11 07:15:00+07:00,9.94,1.36,0.007856862271999998,True,True,True,True,True,True,True,True
2026-06-11 07:30:00+07:00,49.446,7.43333,0.9671269389482877,True,True,True,True,True,True,True,True
2026-06-11 07:45:00+07:00,42.5053,4.51333,0.6143547836529908,True,True,True,True,True,True,True,True
2026-06-11 08:00:00+07:00,38.7587,3.47333,0.4657979716469679,True,True,True,True,True,True,True,True
2026-06-11 08:15:00+07:00,37.042,3.16,0.4066055190247041,True,True,True,True,True,True,True,True
2026-06-11 08:30:00+07:00,35.772,2.85333,0.3662011073571839,True,True,True,True,True,True,True,True
2026-06-11 08:45:00+07:00,34.0993,2.57143,0.31719503319301323,True,True,True,True,True,True,True,True
2026-06-11 09:00:00+07:00,33.4473,2.53333,0.29934580997025445,True,True,True,True,True,True,True,True
2026-06-11 09:15:00+07:00,33.236,2.48,0.29370831238604794,True,True,True,True,True,True,True,True
2026-06-11 09:30:00+07:00,33.7207,2.56,0.30674658142567,True,True,True,True,True,True,True,True
2026-06-11 09:45:00+07:00,33.2887,2.5,0.2951076670703048,True,True,True,True,True,True,True,True
2026-06-11 10:00:00+07:00,33.4821,2.50714,0.3002811389637574,True,True,True,True,True,True,True,True
2026-06-11 10:15:00+07:00,33.5767,2.52667,0.3028335712533014,True,True,True,True,True,True,True,True
2026-06-11 10:30:00+07:00,34.9867,2.84,0.34260912856877884,True,True,True,False,False,False,True,True
2026-06-11 10:45:00+07:00,37.126,3.24667,0.40937796989100794,True,True,True,False,False,False,True,True
2026-06-11 11:00:00+07:00,37.5167,3.31333,0.4224388760382598,True,True,True,False,False,False,True,True
2026-06-11 11:15:00+07:00,37.8047,3.46,0.4322424091928785,True,True,True,False,False,False,True,True
2026-06-11 11:30:00+07:00,38.1453,3.5,0.4440307955667734,True,True,True,True,True,True,True,True
2026-06-11 11:45:00+07:00,38.4613,3.56667,0.4551576696018753,True,True,True,True,True,True,True,True
2026-06-11 12:00:00+07:00,37.8527,3.39333,0.4338909335603935,True,True,True,True,True,True,True,True
2026-06-11 12:15:00+07:00,37.1687,3.24667,0.4107921178139176,True,True,True,True,True,True,True,True
2026-06-11 12:30:00+07:00,36.788,3.17333,0.39829836204697594,True,True,True,True,True,True,True,True
2026-06-11 12:45:00+07:00,36.3387,2.99333,0.3838823517232129,True,True,True,True,True,True,True,True
2026-06-11 13:00:00+07:00,36.182,3.02,0.3789375953645441,True,True,True,True,True,True,True,True
2026-06-11 13:15:00+07:00,36.55,3.1,0.390617891,True,True,True,True,True,True,True,True
2026-06-11 13:30:00+07:00,37.1847,3.26,0.4113228469188993,True,True,True,True,True,True,True,True
2026-06-11 13:45:00+07:00,36.3787,3.0,0.3851514287142753,True,True,True,True,True,True,True,True
2026-06-11 14:00:00+07:00,36.2553,2.98667,0.3812452981894909,True,True,True,True,True,True,True,True
2026-06-11 14:15:00+07:00,36.0707,2.96667,0.37545137432250597,True,True,True,True,True,True,True,True
2026-06-11 14:30:00+07:00,36.1813,2.97333,0.37891560228635834,True,True,True,True,True,True,True,True
2026-06-11 14:45:00+07:00,35.896,2.94667,0.370022520025088,True,True,True,True,True,True,True,True
2026-06-11 15:00:00+07:00,35.7613,2.92,0.36587259511956305,True,True,True,True,True,True,True,True
2026-06-11 15:15:00+07:00,35.4827,2.89333,0.35738799915365826,True,True,True,True,True,True,True,True
2026-06-11 15:30:00+07:00,35.6887,2.87333,0.3636488117052487,True,True,True,True,True,True,True,True
2026-06-11 15:45:00+07:00,35.7047,2.89333,0.3641381253995426,True,True,True,True,True,True,True,True
2026-06-11 16:00:00+07:00,35.142,2.8,0.34719176066630403,True,True,True,True,True,True,True,True
2026-06-11 16:15:00+07:00,35.1815,2.8,0.348363819322147,True,True,True,False,False,False,True,True
2026-06-11 16:30:00+07:00,33.3693,2.47143,0.2972564426605085,True,True,True,False,False,False,True,True
2026-06-11 16:45:00+07:00,33.3825,2.4625,0.29760934224712493,True,True,True,False,False,False,True,True
2026-06-11 17:00:00+07:00,32.1619,2.26154,0.26614301886575736,True,True,True,False,False,False,True,True
2026-06-11 17:15:00+07:00,31.5821,2.22857,0.25200722957706134,True,True,True,False,False,False,True,True
2026-06-11 17:30:00+07:00,31.7488,2.22308,0.25601884389726615,True,True,True,True,True,True,True,True
2026-06-11 17:45:00+07:00,26.5192,1.64615,0.14920083131166317,True,True,True,True,True,True,True,True
2026-06-12 07:15:00+07:00,14.1143,2.18571,0.022494068814809653,True,True,True,False,False,False,True,True
2026-06-12 07:30:00+07:00,48.1335,6.78462,0.8921385662661627,True,True,True,False,False,False,True,True
2026-06-12 07:45:00+07:00,39.5373,3.74231,0.49443705515808106,True,True,True,False,False,False,True,True
2026-06-12 08:00:00+07:00,36.8138,3.11923,0.39913694850563264,True,True,True,False,False,False,True,True
2026-06-12 08:15:00+07:00,35.2046,2.78846,0.34905047189274657,True,True,True,False,False,False,True,True
2026-06-12 08:30:00+07:00,33.6823,2.53077,0.3056998362325901,True,True,True,False,False,False,True,True
2026-06-12 08:45:00+07:00,31.9615,2.26154,0.26119896191146696,True,True,True,True,True,True,True,True
2026-06-12 09:00:00+07:00,31.3331,2.16923,0.24609346504834959,True,True,True,False,False,False,True,True
2026-06-12 09:15:00+07:00,32.3364,2.33571,0.2704985816388203,True,True,True,False,False,False,True,True
2026-06-12 09:30:00+07:00,32.795,2.41154,0.28217133487900004,True,True,True,False,False,False,True,True
2026-06-12 09:45:00+07:00,33.28,2.46538,0.29487634841599997,True,True,True,False,False,False,True,True
2026-06-12 10:00:00+07:00,33.2208,2.48077,0.29330552700754314,True,True,True,True,True,True,True,True
2026-06-12 10:15:00+07:00,33.0904,2.46154,0.2898651726608262,True,True,True,True,True,True,True,True
2026-06-12 10:30:00+07:00,33.4012,2.54615,0.2981097612823179,True,True,True,True,True,True,True,True
2026-06-12 10:45:00+07:00,33.2788,2.47692,0.2948444518842229,True,True,True,True,True,True,True,True
2026-06-12 11:00:00+07:00,33.5638,2.49231,0.30248466391131257,True,True,True,True,True,True,True,True
2026-06-12 11:15:00+07:00,33.2843,2.52857,0.29499066321184886,True,True,True,True,True,True,True,True
2026-06-12 11:30:00+07:00,33.8431,2.56154,0.3100990234697359,True,True,True,True,True,True,True,True
2026-06-12 11:45:00+07:00,34.5865,2.74231,0.3309861594807171,True,True,True,True,True,True,True,True
2026-06-12 12:00:00+07:00,35.2492,2.81154,0.350378768341436,True,True,True,True,True,True,True,True
2026-06-12 12:15:00+07:00,34.5977,2.76923,0.3313078091607188,True,True,True,True,True,True,True,True
2026-06-12 12:30:00+07:00,33.9454,2.62308,0.31291960892438925,True,True,True,True,True,True,True,True
2026-06-12 12:45:00+07:00,34.3277,2.65769,0.32361161835515945,True,True,True,True,True,True,True,True
2026-06-12 13:00:00+07:00,33.8927,2.6,0.3114644537616318,True,True,True,False,False,False,True,True
2026-06-12 13:15:00+07:00,34.1382,2.66786,0.31828182689595963,True,True,True,False,False,False,True,True
2026-06-12 13:30:00+07:00,34.1188,2.66154,0.31773951718045335,True,True,True,False,False,False,True,True
2026-06-12 13:45:00+07:00,34.3815,2.75385,0.32513554267094713,True,True,True,True,True,True,True,True
2026-06-12 14:00:00+07:00,34.8631,2.79615,0.3389908624265888,True,True,True,True,True,True,True,True
2026-06-12 14:15:00+07:00,35.07,2.84231,0.34506211874400006,True,True,True,True,True,True,True,True
2026-06-12 14:30:00+07:00,35.5708,2.9,0.3600566904084392,True,True,True,True,True,True,True,True
2026-06-12 14:45:00+07:00,35.525,2.90769,0.35866768262500004,True,True,True,True,True,True,True,True
2026-06-12 15:00:00+07:00,35.08,2.80769,0.345357380096,True,True,True,True,True,True,True,True
2026-06-12 15:15:00+07:00,34.885,2.78571,0.339630096833,True,True,True,True,True,True,True,True
2026-06-12 15:30:00+07:00,33.9046,2.65385,0.31179264200055473,True,True,True,True,True,True,True,True
2026-06-12 15:45:00+07:00,34.3673,2.69615,0.3247328535980978,True,True,True,True,True,True,True,True
2026-06-12 16:00:00+07:00,34.3312,2.68846,0.32371061329077866,True,True,True,True,True,True,True,True
2026-06-12 16:15:00+07:00,34.5004,2.73462,0.3285204265324804,True,True,True,True,True,True,True,True
2026-06-12 16:30:00+07:00,34.9269,2.80385,0.340855345507457,True,True,True,True,True,True,True,True
2026-06-12 16:45:00+07:00,34.7812,2.76923,0.33660740989193066,True,True,True,True,True,True,True,True
2026-06-12 17:00:00+07:00,34.6181,2.73077,0.3318942063987818,True,True,True,True,True,True,True,True
2026-06-12 17:15:00+07:00,34.2446,2.62857,0.3212671200682602,True,True,True,True,True,True,True,True
2026-06-12 17:30:00+07:00,33.3469,2.48462,0.29665822133760555,True,True,True,True,True,True,True,True
2026-06-12 17:45:00+07:00,32.4815,1.87692,0.2741562919043469,True,True,True,False,False,False,True,True
2026-06-16 10:00:00+07:00,42.68,4.575,0.621961094656,True,True,True,True,True,True,True,True
2026-06-16 10:15:00+07:00,41.218,4.37333,0.5602098384978562,True,True,True,False,False,False,True,True
2026-06-16 10:30:00+07:00,40.7693,4.36,0.5421129119027326,True,True,True,False,False,False,True,True
2026-06-16 10:45:00+07:00,40.888,4.31333,0.5468618040565759,True,True,True,False,False,False,True,True
2026-06-16 11:00:00+07:00,40.1,4.02667,0.5158496080000001,True,True,True,True,True,True,True,True
2026-06-16 11:15:00+07:00,39.4433,3.84667,0.490918858057446,True,True,True,True,True,True,True,True
2026-06-16 11:30:00+07:00,38.7113,3.72,0.46409111613801535,True,True,True,True,True,True,True,True
2026-06-16 11:45:00+07:00,38.4373,3.61786,0.454306140740025,True,True,True,True,True,True,True,True
2026-06-16 12:00:00+07:00,37.6327,3.45714,0.42636949205502234,True,True,True,True,True,True,True,True
2026-06-16 12:15:00+07:00,37.5873,3.38462,0.42482823948370896,True,True,True,True,True,True,True,True
2026-06-16 12:30:00+07:00,37.2281,3.31538,0.41276475083731223,True,True,True,True,True,True,True,True
2026-06-16 12:45:00+07:00,36.1696,2.97308,0.37854812966145235,True,True,True,True,True,True,True,True
2026-06-16 13:00:00+07:00,35.9392,2.94231,0.37136006889891426,True,True,True,True,True,True,True,True
2026-06-16 13:15:00+07:00,36.1538,3.08462,0.3780522617405829,True,True,True,True,True,True,True,True
2026-06-16 13:30:00+07:00,35.8773,2.98077,0.36944453219228734,True,True,True,True,True,True,True,True
2026-06-16 13:45:00+07:00,36.2777,3.05385,0.3819523814623315,True,True,True,True,True,True,True,True
2026-06-16 14:00:00+07:00,35.6938,2.91923,0.36380473282148545,True,True,True,True,True,True,True,True
2026-06-16 14:15:00+07:00,35.3864,2.89286,0.3544860376978924,True,True,True,True,True,True,True,True
2026-06-16 14:30:00+07:00,35.4888,2.88462,0.35757235166364054,True,True,True,True,True,True,True,True
2026-06-16 14:45:00+07:00,35.3127,2.83846,0.35227576089327495,True,True,True,True,True,True,True,True
2026-06-16 15:00:00+07:00,34.7127,2.70769,0.33462252497069894,True,True,True,True,True,True,True,True
2026-06-16 15:15:00+07:00,34.4323,2.69231,0.3265788742818101,True,True,True,True,True,True,True,True
2026-06-16 15:30:00+07:00,34.4819,2.70769,0.3279922266136422,True,True,True,True,True,True,True,True
2026-06-16 15:45:00+07:00,34.4531,2.69615,0.3271710750517863,True,True,True,True,True,True,True,True
2026-06-16 16:00:00+07:00,34.4531,2.65769,0.3271710750517863,True,True,True,True,True,True,True,True
2026-06-16 16:15:00+07:00,34.1693,2.65714,0.31915248661231654,True,True,True,True,True,True,True,True
2026-06-16 16:30:00+07:00,34.5131,2.68462,0.3288833567110648,True,True,True,True,True,True,True,True
2026-06-16 16:45:00+07:00,33.8573,2.58462,0.31048952439790817,True,True,True,True,True,True,True,True
2026-06-16 17:00:00+07:00,33.7808,2.55,0.3083896386321449,True,True,True,False,False,False,True,True
2026-06-16 17:15:00+07:00,33.7046,2.53846,0.3063074212909867,True,True,True,False,False,False,True,True
2026-06-16 17:30:00+07:00,33.3692,2.46154,0.29725377024407906,True,True,True,False,False,False,True,True
2026-06-16 17:45:00+07:00,32.9069,1.82308,0.2850695966914841,True,True,True,True,True,True,True,True
2026-06-17 07:15:00+07:00,39.3107,6.24667,0.4859843890287683,True,True,True,False,False,False,True,True
2026-06-17 07:30:00+07:00,48.2733,6.76667,0.8999346063178145,True,True,True,False,False,False,True,True
2026-06-17 07:45:00+07:00,43.0293,4.82667,0.6373571029629099,True,True,True,False,False,False,True,True
2026-06-17 08:00:00+07:00,40.5747,4.06,0.5343870673821419,True,True,True,False,False,False,True,True
2026-06-17 08:15:00+07:00,38.978,3.74,0.47374936493881603,True,True,True,False,False,False,True,True
2026-06-17 08:30:00+07:00,39.7727,4.06,0.5033211847302367,True,True,True,False,False,False,True,True
2026-06-17 08:45:00+07:00,40.352,4.13333,0.525636096753664,True,True,True,True,True,True,True,True
2026-06-17 09:00:00+07:00,40.9373,4.37333,0.5488422976174249,True,True,True,True,True,True,True,True
2026-06-17 09:15:00+07:00,42.454,4.77333,0.6121330575413121,True,True,True,True,True,True,True,True
2026-06-17 09:30:00+07:00,43.0473,4.95333,0.6381572945298705,True,True,True,True,True,True,True,True
2026-06-17 09:45:00+07:00,43.134,4.96,0.642020933840832,True,True,True,True,True,True,True,True
2026-06-17 10:00:00+07:00,43.0153,4.93333,0.6367351944095326,True,True,True,True,True,True,True,True
2026-06-17 10:15:00+07:00,42.8867,4.88,0.6310414352351229,True,True,True,True,True,True,True,True
2026-06-17 10:30:00+07:00,42.686,4.81333,0.622223439398848,True,True,True,True,True,True,True,True
2026-06-17 10:45:00+07:00,42.8833,4.88,0.6308913627798841,True,True,True,True,True,True,True,True
2026-06-17 11:00:00+07:00,42.3113,4.70667,0.6059811210904312,True,True,True,True,True,True,True,True
2026-06-17 11:15:00+07:00,41.022,4.36667,0.5522560443411839,True,True,True,True,True,True,True,True
2026-06-17 11:30:00+07:00,40.6467,4.24667,0.5372369357619966,True,True,True,True,True,True,True,True
2026-06-17 11:45:00+07:00,40.1767,4.03333,0.5188152981110773,True,True,True,True,True,True,True,True
2026-06-17 12:00:00+07:00,39.23,3.77333,0.4829975317359999,True,True,True,True,True,True,True,True
2026-06-17 12:15:00+07:00,38.002,3.46,0.4390453156480641,True,True,True,True,True,True,True,True
2026-06-17 12:30:00+07:00,37.0967,3.28,0.4084094860241685,True,True,True,True,True,True,True,True
2026-06-17 12:45:00+07:00,36.7467,3.15333,0.39695842005469245,True,True,True,True,True,True,True,True
2026-06-17 13:00:00+07:00,36.46,3.05333,0.3877394410880001,True,True,True,True,True,True,True,True
2026-06-17 13:15:00+07:00,35.7313,2.93333,0.36495258053170637,True,True,True,True,True,True,True,True
2026-06-17 13:30:00+07:00,36.2667,3.13333,0.38160504392155975,True,True,True,True,True,True,True,True
2026-06-17 13:45:00+07:00,37.77,3.44286,0.43105326746400013,True,True,True,True,True,True,True,True
2026-06-17 14:00:00+07:00,37.09,3.12667,0.40818823863200004,True,True,True,True,True,True,True,True
2026-06-17 14:15:00+07:00,36.0647,3.16,0.37526404774848016,True,True,True,True,True,True,True,True
2026-06-17 14:30:00+07:00,36.704,3.09333,0.3955762195333121,True,True,True,True,True,True,True,True
2026-06-17 14:45:00+07:00,36.4307,3.10667,0.38680540611873954,True,True,True,True,True,True,True,True
2026-06-17 15:00:00+07:00,36.2687,3.04667,0.38166818053261375,True,True,True,True,True,True,True,True
2026-06-17 15:15:00+07:00,35.7613,2.97333,0.36587259511956305,True,True,True,True,True,True,True,True
2026-06-17 15:30:00+07:00,35.3587,2.92,0.353654228398664,True,True,True,True,True,True,True,True
2026-06-17 15:45:00+07:00,35.6233,2.91333,0.36165329965841075,True,True,True,True,True,True,True,True
2026-06-17 16:00:00+07:00,36.022,3.00667,0.37393270626118397,True,True,True,True,True,True,True,True
2026-06-17 16:15:00+07:00,36.3247,3.08,0.3834388342629617,True,True,True,True,True,True,True,True
2026-06-17 16:30:00+07:00,36.5227,3.11333,0.3897432612876167,True,True,True,True,True,True,True,True
2026-06-17 16:45:00+07:00,35.5553,2.86667,0.35958621064557905,True,True,True,True,True,True,True,True
2026-06-17 17:00:00+07:00,35.8973,3.02667,0.37006272339290647,True,True,True,True,True,True,True,True
2026-06-17 17:15:00+07:00,35.8427,2.94667,0.36837668786560385,True,True,True,True,True,True,True,True
2026-06-17 17:30:00+07:00,35.3987,2.88667,0.3548558148438064,True,True,True,True,True,True,True,True
2026-06-17 17:45:00+07:00,35.4193,2.28667,0.3554756922370164,True,True,True,True,True,True,True,True
2026-06-18 07:15:00+07:00,9.78133,2.70667,0.00748658432814303,True,True,True,False,False,False,True,True
2026-06-18 07:30:00+07:00,49.2727,7.32667,0.9569936806163568,True,True,True,False,False,False,True,True
2026-06-18 07:45:00+07:00,42.4153,4.42,0.6104605677106366,True,True,True,False,False,False,True,True
2026-06-18 08:00:00+07:00,38.1487,3.44667,0.4441495393653463,True,True,True,False,False,False,True,True
2026-06-18 08:15:00+07:00,37.3393,3.23333,0.41647458384103575,True,True,True,False,False,False,True,True
2026-06-18 08:30:00+07:00,36.7693,3.22,0.3976912841436924,True,True,True,False,False,False,True,True
2026-06-18 08:45:00+07:00,37.0533,3.33333,0.4069777487216755,True,True,True,False,False,False,True,True
2026-06-18 09:00:00+07:00,38.8353,3.76667,0.46856514547890366,True,True,True,False,False,False,True,True
2026-06-18 09:15:00+07:00,41.1947,4.38667,0.5592603374062007,True,True,True,True,True,True,True,True
2026-06-18 09:30:00+07:00,41.122,4.35333,0.5563046283827839,True,True,True,True,True,True,True,True
2026-06-18 09:45:00+07:00,41.3167,4.49333,0.5642438930250275,True,True,True,True,True,True,True,True
2026-06-18 10:00:00+07:00,41.1607,4.24667,0.5578767252981244,True,True,True,True,True,True,True,True
2026-06-18 10:15:00+07:00,40.202,4.06,0.519796037779264,True,True,True,True,True,True,True,True
2026-06-18 10:30:00+07:00,39.6273,3.93333,0.4978212549183873,True,True,True,True,True,True,True,True
2026-06-18 10:45:00+07:00,39.4767,3.9,0.4921670227585254,True,True,True,True,True,True,True,True
2026-06-18 11:00:00+07:00,38.992,3.72,0.47426002789990396,True,True,True,True,True,True,True,True
2026-06-18 11:15:00+07:00,38.2793,3.58667,0.44872673884505004,True,True,True,True,True,True,True,True
2026-06-18 11:30:00+07:00,37.43,3.39333,0.41951690725600005,True,True,True,True,True,True,True,True
2026-06-18 11:45:00+07:00,38.076,3.54,0.44161512722380797,True,True,True,True,True,True,True,True
2026-06-18 12:00:00+07:00,37.4613,3.38,0.4205702224573153,True,True,True,True,True,True,True,True
2026-06-18 12:15:00+07:00,37.0133,3.27333,0.4056611418971411,True,True,True,True,True,True,True,True
2026-06-18 12:30:00+07:00,36.108,2.99333,0.3766173197736959,True,True,True,True,True,True,True,True
2026-06-18 12:45:00+07:00,35.83,2.95333,0.36798525029600004,True,True,True,True,True,True,True,True
2026-06-18 13:00:00+07:00,35.4287,2.89333,0.3557587886041433,True,True,True,True,True,True,True,True
2026-06-18 13:15:00+07:00,35.512,2.92667,0.358274074701824,True,True,True,True,True,True,True,True
2026-06-18 13:30:00+07:00,35.7073,2.98,0.3642176803099841,True,True,True,True,True,True,True,True
2026-06-18 13:45:00+07:00,35.8247,2.98667,0.36782197650188175,True,True,True,True,True,True,True,True
2026-06-18 14:00:00+07:00,35.756,2.95333,0.36570994688972797,True,True,True,True,True,True,True,True
2026-06-18 14:15:00+07:00,36.04,3.01333,0.374493542912,True,True,True,True,True,True,True,True
2026-06-18 14:30:00+07:00,35.9973,3.08667,0.37316402549840266,True,True,True,True,True,True,True,True
2026-06-18 14:45:00+07:00,36.4327,3.06667,0.38686911501947013,True,True,True,True,True,True,True,True
2026-06-18 15:00:00+07:00,36.2447,3.12667,0.38091100068710904,True,True,True,True,True,True,True,True
2026-06-18 15:15:00+07:00,36.0653,2.98,0.3752827776013206,True,True,True,True,True,True,True,True
2026-06-18 15:30:00+07:00,35.7307,2.93333,0.3649341959889075,True,True,True,True,True,True,True,True
2026-06-18 15:45:00+07:00,35.41,2.83333,0.3551957553679999,True,True,True,True,True,True,True,True
2026-06-18 16:00:00+07:00,34.9213,2.81333,0.34069141880005277,True,True,True,True,True,True,True,True
2026-06-18 16:15:00+07:00,35.1507,2.86,0.3474496841913668,True,True,True,True,True,True,True,True
2026-06-18 16:30:00+07:00,34.9747,2.75333,0.3422567175460457,True,True,True,True,True,True,True,True
2026-06-18 16:45:00+07:00,33.758,2.52667,0.30776562684409614,True,True,True,True,True,True,True,True
2026-06-18 17:00:00+07:00,33.56,2.53077,0.302381936128,True,True,True,True,True,True,True,True
2026-06-18 17:15:00+07:00,32.9633,2.36,0.286537875141433,True,True,True,True,True,True,True,True
2026-06-18 17:30:00+07:00,31.8347,2.21333,0.25810253596774335,True,True,True,True,True,True,True,True
2026-06-18 17:45:00+07:00,31.748,1.57333,0.25599949104793596,True,True,True,True,True,True,True,True
2026-06-19 07:15:00+07:00,16.436,2.62667,0.035520443918848,True,True,True,False,False,False,True,True
2026-06-19 07:30:00+07:00,48.1653,6.8,0.8939079422850567,True,True,True,False,False,False,True,True
2026-06-19 07:45:00+07:00,39.6658,3.73333,0.4992736434409783,True,True,True,False,False,False,True,True
2026-06-19 08:00:00+07:00,37.208,3.08,0.4120965384232959,True,True,True,False,False,False,True,True
2026-06-19 08:15:00+07:00,35.4073,2.82,0.35511451091029606,True,True,True,False,False,False,True,True
2026-06-19 08:30:00+07:00,33.71,2.52667,0.306454670488,True,True,True,False,False,False,True,True
2026-06-19 08:45:00+07:00,32.5213,2.34667,0.2751653089555087,True,True,True,False,False,False,True,True
2026-06-19 09:00:00+07:00,32.8893,2.42,0.2846124395035036,True,True,True,False,False,False,True,True
2026-06-19 09:15:00+07:00,33.6313,2.59333,0.30431331301933046,True,True,True,False,False,False,True,True
2026-06-19 09:30:00+07:00,34.4693,2.72667,0.32763280395024436,True,True,True,False,False,False,True,True
2026-06-19 09:45:00+07:00,34.8793,2.80667,0.3394636434642661,True,True,True,False,False,False,True,True
2026-06-19 10:00:00+07:00,35.676,2.94,0.36326073116620805,True,True,True,False,False,False,True,True
2026-06-19 10:15:00+07:00,36.4107,3.14,0.3861687017562642,True,True,True,True,True,True,True,True
2026-06-19 10:30:00+07:00,36.7947,3.19333,0.3985160214798969,True,True,True,True,True,True,True,True
2026-06-19 10:45:00+07:00,36.9307,3.21333,0.4029513411486195,True,True,True,True,True,True,True,True
2026-06-19 11:00:00+07:00,37.5147,3.41333,0.42237131950641205,True,True,True,True,True,True,True,True
2026-06-19 11:15:00+07:00,37.43,3.38,0.41951690725600005,True,True,True,True,True,True,True,True
2026-06-19 11:30:00+07:00,38.18,3.51333,0.4452436754559999,True,True,True,True,True,True,True,True
2026-06-19 11:45:00+07:00,37.866,3.50667,0.434348452623168,True,True,True,True,True,True,True,True
2026-06-19 12:00:00+07:00,38.0027,3.47333,0.43906957784863726,True,True,True,True,True,True,True,True
2026-06-19 12:15:00+07:00,37.5007,3.34667,0.4218986254410029,True,True,True,True,True,True,True,True
2026-06-19 12:30:00+07:00,36.8027,3.15333,0.39877601719068545,True,True,True,True,True,True,True,True
2026-06-19 12:45:00+07:00,36.5547,3.08,0.39076860018017845,True,True,True,True,True,True,True,True
2026-06-19 13:00:00+07:00,36.7233,3.23333,0.3962005631667068,True,True,True,True,True,True,True,True
2026-06-19 13:15:00+07:00,36.296,3.05333,0.38253069169868803,True,True,True,True,True,True,True,True
2026-06-19 13:30:00+07:00,36.1507,3.00667,0.3779550220431268,True,True,True,True,True,True,True,True
2026-06-19 13:45:00+07:00,36.0047,3.03333,0.3733942078865906,True,True,True,True,True,True,True,True
2026-06-19 14:00:00+07:00,36.3987,3.02667,0.38578701472436644,True,True,True,True,True,True,True,True
2026-06-19 14:15:00+07:00,36.0687,3.06667,0.37538892520610156,True,True,True,True,True,True,True,True
2026-06-19 14:30:00+07:00,35.9767,2.97333,0.3725237457557653,True,True,True,True,True,True,True,True
2026-06-19 14:45:00+07:00,35.9987,2.95333,0.37320756626014245,True,True,True,True,True,True,True,True
2026-06-19 15:00:00+07:00,35.7447,2.92,0.36536332955002904,True,True,True,True,True,True,True,True
2026-06-19 15:15:00+07:00,34.9573,2.78667,0.34174615094076405,True,True,True,True,True,True,True,True
2026-06-19 15:30:00+07:00,35.048,2.75333,0.344413136244736,True,True,True,True,True,True,True,True
2026-06-19 15:45:00+07:00,34.4207,2.65333,0.3262489190803019,True,True,True,True,True,True,True,True
2026-06-19 16:00:00+07:00,35.0233,2.78,0.34368547612879474,True,True,True,True,True,True,True,True
2026-06-19 16:15:00+07:00,34.51,2.71333,0.3287947428079999,True,True,True,True,True,True,True,True
2026-06-19 16:30:00+07:00,35.4807,2.86667,0.3573275695039675,True,True,True,True,True,True,True,True
2026-06-19 16:45:00+07:00,35.392,2.86,0.35465435965030406,True,True,True,True,True,True,True,True
2026-06-19 17:00:00+07:00,34.6707,2.70667,0.3334093826612419,True,True,True,True,True,True,True,True
2026-06-19 17:15:00+07:00,33.75,2.54667,0.30754687500000005,True,True,True,True,True,True,True,True
2026-06-19 17:30:00+07:00,33.3687,2.47333,0.2972404084021895,True,True,True,True,True,True,True,True
2026-06-19 17:45:00+07:00,33.076,1.75333,0.289486914103808,True,True,True,True,True,True,True,True
2026-06-20 13:00:00+07:00,46.1773,7.17333,0.7877267523479755,True,True,False,True,False,False,False,True
2026-06-20 13:15:00+07:00,49.948,7.3,0.9968832436751359,True,True,False,True,False,False,False,True
2026-06-20 13:30:00+07:00,50.0,7.3,1.0,True,True,False,True,False,False,False,True
2026-06-20 13:45:00+07:00,50.0,7.3,1.0,True,True,False,True,False,False,False,True
2026-06-20 14:00:00+07:00,50.0,7.3,1.0,True,True,False,True,False,False,False,True
2026-06-20 14:15:00+07:00,50.0,7.28667,1.0,True,True,False,True,False,False,False,True
2026-06-20 14:30:00+07:00,50.0,7.3,1.0,True,True,False,True,False,False,False,True
2026-06-20 14:45:00+07:00,50.0,7.3,1.0,True,True,False,True,False,False,False,True
2026-06-20 15:00:00+07:00,50.0,7.29333,1.0,True,True,False,True,False,False,False,True
2026-06-20 15:15:00+07:00,50.0,7.3,1.0,True,True,False,True,False,False,False,True
2026-06-20 15:30:00+07:00,50.0,7.3,1.0,True,True,False,True,False,False,False,True
2026-06-20 15:45:00+07:00,50.0,7.29333,1.0,True,True,False,True,False,False,False,True
2026-06-20 16:00:00+07:00,50.0,7.28,1.0,True,True,False,True,False,False,False,True
2026-06-20 16:15:00+07:00,50.0,7.27333,1.0,True,True,False,True,False,False,False,True
2026-06-20 16:30:00+07:00,50.0,7.25333,1.0,True,True,False,True,False,False,False,True
2026-06-20 16:45:00+07:00,50.0,7.24,1.0,True,True,False,True,False,False,False,True
2026-06-20 17:00:00+07:00,50.0,7.24,1.0,True,True,False,True,False,False,False,True
2026-06-20 17:15:00+07:00,50.0,7.25333,1.0,True,True,False,True,False,False,False,True
2026-06-20 17:30:00+07:00,50.0,7.24667,1.0,True,True,False,True,False,False,False,True
2026-06-20 17:45:00+07:00,50.0,7.23333,1.0,True,True,False,True,False,False,False,True
2026-06-20 18:00:00+07:00,50.0,7.23333,1.0,True,True,False,True,False,False,False,True
2026-06-20 18:15:00+07:00,50.0,7.22,1.0,True,True,False,True,False,False,False,True
2026-06-20 18:30:00+07:00,50.0,7.23333,1.0,True,True,False,True,False,False,False,True
2026-06-20 18:45:00+07:00,50.0,7.22667,1.0,True,True,False,True,False,False,False,True
2026-06-20 19:00:00+07:00,50.0,7.24667,1.0,True,True,False,True,False,False,False,True
2026-06-20 19:15:00+07:00,50.0,7.23333,1.0,True,True,False,True,False,False,False,True
2026-06-20 19:30:00+07:00,50.0,7.23333,1.0,True,True,False,True,False,False,False,True
2026-06-20 19:45:00+07:00,50.0,7.25333,1.0,True,True,False,True,False,False,False,True
2026-06-20 20:00:00+07:00,50.0,7.26667,1.0,True,True,False,True,False,False,False,True
2026-06-20 20:15:00+07:00,50.0,7.23333,1.0,True,True,False,True,False,False,False,True
2026-06-20 20:30:00+07:00,50.0,7.24667,1.0,True,True,False,True,False,False,False,True
2026-06-20 20:45:00+07:00,50.0,7.23333,1.0,True,True,False,True,False,False,False,True
2026-06-20 21:00:00+07:00,50.0,7.27333,1.0,True,True,False,True,False,False,False,True
2026-06-20 21:15:00+07:00,50.0,7.25333,1.0,True,True,False,True,False,False,False,True
2026-06-20 21:30:00+07:00,50.0,7.25333,1.0,True,True,False,True,False,False,False,True
2026-06-20 21:45:00+07:00,50.0,6.78667,1.0,True,True,False,True,False,False,False,True
2026-06-22 06:45:00+07:00,15.3846,2.67692,0.029130545289117894,True,True,True,True,True,True,True,True
2026-06-22 07:00:00+07:00,50.0,7.83077,1.0,True,True,True,False,False,False,True,True
2026-06-22 07:15:00+07:00,45.8869,5.82692,0.7729584399635911,True,True,True,False,False,False,True,True
2026-06-22 07:30:00+07:00,40.205,4.00833,0.5199124129209999,True,True,True,False,False,False,True,True
2026-06-22 07:45:00+07:00,39.5835,3.86154,0.49617235535046295,True,True,True,False,False,False,True,True
2026-06-22 08:00:00+07:00,38.9707,3.75,0.47348323614541005,True,True,True,False,False,False,True,True
2026-06-22 08:15:00+07:00,38.8804,3.71154,0.47019949660753985,True,True,True,False,False,False,True,True
2026-06-22 08:30:00+07:00,39.2292,3.89615,0.48296798367488863,True,True,True,False,False,False,True,True
2026-06-22 08:45:00+07:00,40.3558,4.11154,0.525784610230537,True,True,True,True,True,True,True,True
2026-06-22 09:00:00+07:00,40.255,4.00385,0.5218545566510001,True,True,True,False,False,False,True,True
2026-06-22 09:15:00+07:00,40.4677,4.23846,0.5301704920082939,True,True,True,False,False,False,True,True
2026-06-22 09:30:00+07:00,41.1477,4.33462,0.5573483008223066,True,True,True,False,False,False,True,True
2026-06-22 09:45:00+07:00,41.5127,4.47692,0.5723121024612272,True,True,True,True,True,True,True,True
2026-06-22 10:00:00+07:00,40.6832,4.16786,0.5386855228860988,True,True,True,True,True,True,True,True
2026-06-22 10:15:00+07:00,40.0112,3.99231,0.5124302004336395,True,True,True,True,True,True,True,True
2026-06-22 10:30:00+07:00,39.5877,3.88462,0.496330310939129,True,True,True,True,True,True,True,True
2026-06-22 10:45:00+07:00,39.3792,3.85385,0.48852934292039263,True,True,True,True,True,True,True,True
2026-06-22 11:00:00+07:00,38.6746,3.67333,0.4627724312695114,True,True,True,True,True,True,True,True
2026-06-22 11:15:00+07:00,38.576,3.62,0.45924196453580796,True,True,True,True,True,True,True,True
2026-06-22 11:30:00+07:00,38.182,3.52667,0.44531364931654416,True,True,True,True,True,True,True,True
2026-06-22 11:45:00+07:00,37.896,3.45333,0.4353816311930881,True,True,True,True,True,True,True,True
2026-06-22 12:00:00+07:00,37.632,3.36667,0.426345699999744,True,True,True,True,True,True,True,True
2026-06-22 12:15:00+07:00,36.8167,3.18667,0.3992312817449076,True,True,True,True,True,True,True,True
2026-06-22 12:30:00+07:00,36.102,2.99333,0.37642960554566385,True,True,True,True,True,True,True,True
2026-06-22 12:45:00+07:00,35.9313,2.99333,0.37111523041821837,True,True,True,True,True,True,True,True
2026-06-22 13:00:00+07:00,35.054,2.8,0.34459005069971205,True,True,True,True,True,True,True,True
2026-06-22 13:15:00+07:00,35.6747,2.93333,0.3632210219715579,True,True,True,True,True,True,True,True
2026-06-22 13:30:00+07:00,35.8867,2.98,0.36973499623760286,True,True,True,True,True,True,True,True
2026-06-22 13:45:00+07:00,36.4847,3.09333,0.3885280028341873,True,True,True,True,True,True,True,True
2026-06-22 14:00:00+07:00,36.0847,3.0,0.3758887120749233,True,True,True,True,True,True,True,True
2026-06-22 14:15:00+07:00,36.1353,3.00667,0.3774722074762719,True,True,True,True,True,True,True,True
2026-06-22 14:30:00+07:00,36.1487,3.04,0.37789229560422644,True,True,True,True,True,True,True,True
2026-06-22 14:45:00+07:00,36.632,3.13333,0.3932528498237439,True,True,True,True,True,True,True,True
2026-06-22 15:00:00+07:00,36.37,3.04,0.3848751668239999,True,True,True,True,True,True,True,True
2026-06-22 15:15:00+07:00,36.0813,3.04,0.37578247027110234,True,True,True,True,True,True,True,True
2026-06-22 15:30:00+07:00,36.044,3.08667,0.37461824938547195,True,True,True,True,True,True,True,True
2026-06-22 15:45:00+07:00,36.3313,3.03333,0.38364787847924237,True,True,True,True,True,True,True,True
2026-06-22 16:00:00+07:00,35.7093,2.94667,0.36427888427906685,True,True,True,True,True,True,True,True
2026-06-22 16:15:00+07:00,35.6947,2.94,0.36383225293832083,True,True,True,True,True,True,True,True
2026-06-22 16:30:00+07:00,35.072,2.82667,0.3451211575459841,True,True,True,True,True,True,True,True
2026-06-22 16:45:00+07:00,35.4507,2.87333,0.3564219420188946,True,True,True,True,True,True,True,True
2026-06-22 17:00:00+07:00,35.5433,2.90667,0.3592222498557419,True,True,True,True,True,True,True,True
2026-06-22 17:15:00+07:00,35.1,2.8,0.3459484080000001,True,True,True,True,True,True,True,True
2026-06-22 17:30:00+07:00,34.5973,2.74667,0.33129631808545845,True,True,True,True,True,True,True,True
2026-06-22 17:45:00+07:00,34.6853,2.19333,0.3338307609823397,True,True,True,True,True,True,True,True
2026-06-23 07:15:00+07:00,39.55,6.69333,0.49491367099999983,True,True,True,False,False,False,True,True
2026-06-23 07:30:00+07:00,48.1487,6.97333,0.8929840141709464,True,True,True,False,False,False,True,True
2026-06-23 07:45:00+07:00,41.9807,4.46667,0.5918872906124075,True,True,True,False,False,False,True,True
2026-06-23 08:00:00+07:00,39.0673,3.68,0.4770129610540099,True,True,True,False,False,False,True,True
2026-06-23 08:15:00+07:00,36.4333,2.99333,0.38688822905371234,True,True,True,False,False,False,True,True
2026-06-23 08:30:00+07:00,34.6533,2.76667,0.3329076553584116,True,True,True,False,False,False,True,True
2026-06-23 08:45:00+07:00,33.2053,2.48,0.292895171311303,True,True,True,False,False,False,True,True
2026-06-23 09:00:00+07:00,33.4727,2.55333,0.3000283008503888,True,True,True,False,False,False,True,True
2026-06-23 09:15:00+07:00,34.2453,2.70667,0.32128682170714945,True,True,True,False,False,False,True,True
2026-06-23 09:30:00+07:00,35.0733,2.83333,0.34515953637826274,True,True,True,False,False,False,True,True
2026-06-23 09:45:00+07:00,35.2867,2.87333,0.351498213914387,True,True,True,True,True,True,True,True
2026-06-23 10:00:00+07:00,36.514,3.22,0.38946480771795206,True,True,True,False,False,False,True,True
2026-06-23 10:15:00+07:00,37.132,3.34667,0.4095764829117439,True,True,True,False,False,False,True,True
2026-06-23 10:30:00+07:00,37.0293,3.26,0.40618744334035,True,True,True,False,False,False,True,True
2026-06-23 10:45:00+07:00,37.1733,3.32667,0.41094465564391863,True,True,True,True,True,True,True,True
2026-06-23 11:00:00+07:00,37.6207,3.39333,0.425961750708334,True,True,True,True,True,True,True,True
2026-06-23 11:15:00+07:00,37.522,3.42,0.422617935685184,True,True,True,True,True,True,True,True
2026-06-23 11:30:00+07:00,37.8067,3.52,0.43231101419861406,True,True,True,True,True,True,True,True
2026-06-23 11:45:00+07:00,37.7967,3.50667,0.4319680617511205,True,True,True,True,True,True,True,True
2026-06-23 12:00:00+07:00,37.942,3.46,0.43696901840710395,True,True,True,True,True,True,True,True
2026-06-23 12:15:00+07:00,36.5873,3.06667,0.39181501177274897,True,True,True,True,True,True,True,True
2026-06-23 12:30:00+07:00,34.9787,2.78667,0.3423741610222913,True,True,True,True,True,True,True,True
2026-06-23 12:45:00+07:00,34.9227,2.8,0.34073239554848067,True,True,True,True,True,True,True,True
2026-06-23 13:00:00+07:00,34.7587,2.75333,0.33595457718072796,True,True,True,False,False,False,True,True
2026-06-23 13:15:00+07:00,34.1367,2.66667,0.3182398737382228,True,True,True,False,False,False,True,True
2026-06-23 13:30:00+07:00,34.0847,2.64,0.3167877757186033,True,True,True,False,False,False,True,True
2026-06-23 13:45:00+07:00,34.2273,2.68667,0.3207804640248033,True,True,True,True,True,True,True,True
2026-06-23 14:00:00+07:00,34.1673,2.70667,0.3190964479215056,True,True,True,True,True,True,True,True
2026-06-23 14:15:00+07:00,34.8527,2.79333,0.33868758015551337,True,True,True,True,True,True,True,True
2026-06-23 14:30:00+07:00,34.7673,2.74,0.3362040045992818,True,True,True,True,True,True,True,True
2026-06-23 14:45:00+07:00,34.4573,2.74667,0.327290740861284,True,True,True,True,True,True,True,True
2026-06-23 15:00:00+07:00,34.554,2.67333,0.33005397970771205,True,True,True,True,True,True,True,True
2026-06-23 15:15:00+07:00,34.3133,2.7,0.323204537242669,True,True,True,True,True,True,True,True
2026-06-23 15:30:00+07:00,34.41,2.70667,0.3259447609679999,True,True,True,True,True,True,True,True
2026-06-23 15:45:00+07:00,33.9913,2.65333,0.314190688957772,True,True,True,True,True,True,True,True
2026-06-23 16:00:00+07:00,33.9873,2.62667,0.31407978279625287,True,True,True,True,True,True,True,True
2026-06-23 16:15:00+07:00,34.068,2.63333,0.31632236769945593,True,True,True,True,True,True,True,True
2026-06-23 16:30:00+07:00,33.988,2.62,0.31409918949017607,True,True,True,True,True,True,True,True
2026-06-23 16:45:00+07:00,33.7787,2.60667,0.30833212862801923,True,True,True,True,True,True,True,True
2026-06-23 17:00:00+07:00,33.704,2.56667,0.306291063181312,True,True,True,False,False,False,True,True
2026-06-23 17:15:00+07:00,33.8053,2.6,0.30906111715579915,True,True,True,False,False,False,True,True
2026-06-23 17:30:00+07:00,33.642,2.56,0.30460386276230417,True,True,True,False,False,False,True,True
2026-06-23 17:45:00+07:00,29.226,1.87333,0.19970922524140794,True,True,True,True,True,True,True,True
2026-06-24 07:15:00+07:00,42.862,7.12667,0.629951744383424,True,True,True,False,False,False,True,True
2026-06-24 07:30:00+07:00,45.5407,5.82857,0.7555950296264332,True,True,True,False,False,False,True,True
2026-06-24 07:45:00+07:00,40.408,4.00667,0.527827548778496,True,True,True,False,False,False,True,True
2026-06-24 08:00:00+07:00,38.6893,3.65333,0.4633003235365118,True,True,True,False,False,False,True,True
2026-06-24 08:15:00+07:00,38.3247,3.53333,0.4503252293072818,True,True,True,False,False,False,True,True
2026-06-24 08:30:00+07:00,38.6387,3.72667,0.46148491077170073,True,True,True,False,False,False,True,True
2026-06-24 08:45:00+07:00,39.9573,4.03333,0.510362069735564,True,True,True,False,False,False,True,True
2026-06-24 09:00:00+07:00,40.974,4.29333,0.550319721043392,True,True,True,False,False,False,True,True
2026-06-24 09:15:00+07:00,41.0627,4.38667,0.5539014391612952,True,True,True,True,True,True,True,True
2026-06-24 09:30:00+07:00,41.096,4.29333,0.555250099621888,True,True,True,True,True,True,True,True
2026-06-24 09:45:00+07:00,40.934,4.28,0.5487095800040319,True,True,True,True,True,True,True,True
2026-06-24 10:00:00+07:00,40.6847,4.23333,0.5387451095024595,True,True,True,False,False,False,True,True
2026-06-24 10:15:00+07:00,40.5687,4.15455,0.5341500343326216,True,True,True,False,False,False,True,True
2026-06-24 10:30:00+07:00,40.6738,4.2,0.5383122134587142,True,True,True,False,False,False,True,True
2026-06-24 10:45:00+07:00,40.42,4.2,0.528297936704,True,True,True,True,True,True,True,True
2026-06-24 11:00:00+07:00,40.42,4.2,0.528297936704,True,True,True,True,True,True,True,True
2026-06-24 11:15:00+07:00,36.1353,3.13333,0.3774722074762719,True,True,True,True,True,True,True,True
2026-06-24 11:30:00+07:00,37.1693,3.38667,0.41081201191159644,True,True,True,True,True,True,True,True
2026-06-24 11:45:00+07:00,37.5847,3.41333,0.42474008654216333,True,True,True,True,True,True,True,True
2026-06-24 12:00:00+07:00,36.9887,3.26667,0.4048528405771769,True,True,True,True,True,True,True,True
2026-06-24 12:15:00+07:00,36.062,3.0,0.37517977112262396,True,True,True,True,True,True,True,True
2026-06-24 12:30:00+07:00,35.1193,2.78667,0.34651938887508854,True,True,True,True,True,True,True,True
2026-06-24 12:45:00+07:00,35.2993,2.88,0.3518748821031253,True,True,True,True,True,True,True,True
2026-06-24 13:00:00+07:00,35.1553,2.80667,0.3475861091599149,True,True,True,True,True,True,True,True
2026-06-24 13:15:00+07:00,35.206,2.80667,0.3490921161745281,True,True,True,True,True,True,True,True
2026-06-24 13:30:00+07:00,34.5867,2.72667,0.3309919013986348,True,True,True,True,True,True,True,True
2026-06-24 13:45:00+07:00,34.2327,2.67333,0.32093231542495826,True,True,True,True,True,True,True,True
2026-06-24 14:00:00+07:00,34.466,2.7,0.32753871285356806,True,True,True,True,True,True,True,True
2026-06-24 14:15:00+07:00,34.57,2.73333,0.330512679944,True,True,True,True,True,True,True,True
2026-06-24 14:30:00+07:00,34.6327,2.73333,0.33231430738614226,True,True,True,True,True,True,True,True
2026-06-24 14:45:00+07:00,34.9253,2.80667,0.34080850394093815,True,True,True,True,True,True,True,True
2026-06-24 15:00:00+07:00,34.8593,2.73333,0.3388800267686708,True,True,True,True,True,True,True,True
2026-06-24 15:15:00+07:00,34.8813,2.82667,0.3395220419600305,True,True,True,True,True,True,True,True
2026-06-24 15:30:00+07:00,34.5653,2.68667,0.3303778926940806,True,True,True,True,True,True,True,True
2026-06-24 15:45:00+07:00,34.2607,2.65333,0.3217204615705803,True,True,True,True,True,True,True,True
2026-06-24 16:00:00+07:00,34.512,2.66667,0.32885191124582397,True,True,True,True,True,True,True,True
2026-06-24 16:15:00+07:00,34.298,2.64667,0.32277238777273604,True,True,True,True,True,True,True,True
2026-06-24 16:30:00+07:00,33.5947,2.52667,0.3033208669385851,True,True,True,True,True,True,True,True
2026-06-24 16:45:00+07:00,33.5947,2.53333,0.3033208669385851,True,True,True,True,True,True,True,True
2026-06-24 17:00:00+07:00,33.7427,2.54667,0.3073473544117878,True,True,True,True,True,True,True,True
2026-06-24 17:15:00+07:00,33.8827,2.58667,0.3111888434689222,True,True,True,True,True,True,True,True
2026-06-24 17:30:00+07:00,33.3913,2.50667,0.29784476373983604,True,True,True,True,True,True,True,True
2026-06-24 17:45:00+07:00,31.0953,2.00667,0.2405327631991455,True,True,True,True,True,True,True,True
2026-06-25 07:15:00+07:00,16.534,2.40667,0.03615961409043199,True,True,True,True,True,True,True,True
2026-06-25 07:30:00+07:00,49.0267,7.35333,0.9427313993109133,True,True,True,False,False,False,True,True
2026-06-25 07:45:00+07:00,41.6975,4.38333,0.579989376854875,True,True,True,False,False,False,True,True
2026-06-25 08:00:00+07:00,39.0933,3.68667,0.4779659774743698,True,True,True,False,False,False,True,True
2026-06-25 08:15:00+07:00,38.5907,3.64,0.45976716904590115,True,True,True,False,False,False,True,True
2026-06-25 08:30:00+07:00,36.898,3.18667,0.4018819182623361,True,True,True,False,False,False,True,True
2026-06-25 08:45:00+07:00,36.824,3.20667,0.39946880707379184,True,True,True,False,False,False,True,True
2026-06-25 09:00:00+07:00,36.8347,3.27333,0.3998171308585433,True,True,True,False,False,False,True,True
2026-06-25 09:15:00+07:00,36.5267,3.12,0.3898713304439133,True,True,True,True,True,True,True,True
2026-06-25 09:30:00+07:00,37.5833,3.42,0.4246926246250764,True,True,True,True,True,True,True,True
2026-06-25 09:45:00+07:00,37.2173,3.41333,0.41240562161553385,True,True,True,True,True,True,True,True
2026-06-25 10:00:00+07:00,37.722,3.51333,0.429411943128384,True,True,True,True,True,True,True,True
2026-06-25 10:15:00+07:00,37.7733,3.48,0.43116626190953466,True,True,True,True,True,True,True,True
2026-06-25 10:30:00+07:00,37.474,3.40667,0.4209981082593919,True,True,True,True,True,True,True,True
2026-06-25 10:45:00+07:00,37.3947,3.31333,0.41833109494039306,True,True,True,True,True,True,True,True
2026-06-25 11:00:00+07:00,37.072,3.26,0.40759423837798414,True,True,True,True,True,True,True,True
2026-06-25 11:15:00+07:00,37.3593,3.33333,0.4171441695580707,True,True,True,True,True,True,True,True
2026-06-25 11:30:00+07:00,36.838,3.26667,0.399924598659776,True,True,True,True,True,True,True,True
2026-06-25 11:45:00+07:00,37.1327,3.3,0.40959964694354234,True,True,True,True,True,True,True,True
2026-06-25 12:00:00+07:00,37.1307,3.24667,0.40953346631257154,True,True,True,True,True,True,True,True
2026-06-25 12:15:00+07:00,36.4107,3.14,0.3861687017562642,True,True,True,True,True,True,True,True
2026-06-25 12:30:00+07:00,36.0513,3.04667,0.3748459100602055,True,True,True,True,True,True,True,True
2026-06-25 12:45:00+07:00,36.0147,3.00667,0.3737054155271722,True,True,True,True,True,True,True,True
2026-06-25 13:00:00+07:00,35.5247,2.91333,0.3586585961172339,True,True,True,True,True,True,True,True
2026-06-25 13:15:00+07:00,35.6447,2.9,0.362305459690613,True,True,True,True,True,True,True,True
2026-06-25 13:30:00+07:00,35.626,2.96,0.3617355383550079,True,True,True,True,True,True,True,True
2026-06-25 13:45:00+07:00,35.658,2.97333,0.36271116888249605,True,True,True,True,True,True,True,True
2026-06-25 14:00:00+07:00,35.7685,2.89231,0.3660936284511531,True,True,True,False,False,False,True,True
2026-06-25 14:15:00+07:00,35.322,2.9,0.3525541616499841,True,True,True,False,False,False,True,True
2026-06-25 14:30:00+07:00,35.388,2.86667,0.35453412424857594,True,True,True,False,False,False,True,True
2026-06-25 14:45:00+07:00,35.0387,2.8,0.3441390385232848,True,True,True,False,False,False,True,True
2026-06-25 15:00:00+07:00,34.712,2.74,0.3346022818570241,True,True,True,True,True,True,True,True
2026-06-25 15:15:00+07:00,34.39,2.68667,0.32537674815199996,True,True,True,True,True,True,True,True
2026-06-25 15:30:00+07:00,34.8527,2.74667,0.33868758015551337,True,True,True,True,True,True,True,True
2026-06-25 15:45:00+07:00,34.3413,2.69333,0.32399639757556786,True,True,True,True,True,True,True,True
2026-06-25 16:00:00+07:00,34.84,2.76667,0.3383174712320001,True,True,True,True,True,True,True,True
2026-06-25 16:15:00+07:00,34.0967,2.7,0.3171224823600884,True,True,True,True,True,True,True,True
2026-06-25 16:30:00+07:00,34.2027,2.64667,0.32008930265578955,True,True,True,True,True,True,True,True
2026-06-25 16:45:00+07:00,33.9307,2.61333,0.3125132569693396,True,True,True,True,True,True,True,True
2026-06-25 17:00:00+07:00,34.3727,2.6,0.3248859496766527,True,True,True,False,False,False,True,True
2026-06-25 17:15:00+07:00,33.3593,2.48667,0.2969892802950308,True,True,True,False,False,False,True,True
2026-06-25 17:30:00+07:00,33.022,2.42,0.2880713754131839,True,True,True,False,False,False,True,True
2026-06-25 17:45:00+07:00,28.326,1.70667,0.181821710639808,True,True,True,True,True,True,True,True
2026-06-26 07:15:00+07:00,13.056,2.90667,0.01780411583692799,True,True,True,False,False,False,True,True
2026-06-26 07:30:00+07:00,48.0443,6.83571,0.8871878742839865,True,True,True,False,False,False,True,True
2026-06-26 07:45:00+07:00,40.912,4.04,0.5478253426442239,True,True,True,False,False,False,True,True
2026-06-26 08:00:00+07:00,38.516,3.58,0.45710242057676803,True,True,True,False,False,False,True,True
2026-06-26 08:15:00+07:00,38.302,3.57333,0.4495255103968639,True,True,True,False,False,False,True,True
2026-06-26 08:30:00+07:00,38.49,3.66,0.4561773523920001,True,True,True,False,False,False,True,True
2026-06-26 08:45:00+07:00,39.8267,3.96667,0.5053740699368015,True,True,True,False,False,False,True,True
2026-06-26 09:00:00+07:00,40.2473,4.08,0.5215551519919827,True,True,True,False,False,False,True,True
2026-06-26 09:15:00+07:00,40.274,4.09333,0.5225938375265919,True,True,True,False,False,False,True,True
2026-06-26 09:30:00+07:00,39.8073,3.97333,0.5046359107137199,True,True,True,False,False,False,True,True
2026-06-26 09:45:00+07:00,40.4307,4.12667,0.5287176015577797,True,True,True,True,True,True,True,True
2026-06-26 10:00:00+07:00,40.464,4.14667,0.530025083338752,True,True,True,True,True,True,True,True
2026-06-26 10:15:00+07:00,40.1873,4.02,0.5192260506042049,True,True,True,True,True,True,True,True
2026-06-26 10:30:00+07:00,40.3047,4.04667,0.5237898347182786,True,True,True,True,True,True,True,True
2026-06-26 10:45:00+07:00,39.5433,3.89333,0.494662189845182,True,True,True,True,True,True,True,True
2026-06-26 11:00:00+07:00,38.63,3.62667,0.4611732531760001,True,True,True,False,False,False,True,True
2026-06-26 11:15:00+07:00,37.8153,3.48,0.43260609844310066,True,True,True,False,False,False,True,True
2026-06-26 11:30:00+07:00,37.714,3.50667,0.4291387948027519,True,True,True,False,False,False,True,True
2026-06-26 11:45:00+07:00,37.6713,3.44,0.42768282453359285,True,True,True,True,True,True,True,True
2026-06-26 12:00:00+07:00,36.5113,3.10667,0.38937841806798307,True,True,True,True,True,True,True,True
2026-06-26 12:15:00+07:00,35.42,2.9,0.35549676870400004,True,True,True,True,True,True,True,True
2026-06-26 12:30:00+07:00,35.1627,2.85333,0.34780565033863114,True,True,True,True,True,True,True,True
2026-06-26 12:45:00+07:00,34.964,2.8,0.341942688266752,True,True,True,True,True,True,True,True
2026-06-26 13:00:00+07:00,35.208,2.91333,0.349151613751296,True,True,True,True,True,True,True,True
2026-06-26 13:15:00+07:00,35.1293,2.78667,0.34681548082520613,True,True,True,True,True,True,True,True
2026-06-26 13:30:00+07:00,34.888,2.78667,0.3397177257205759,True,True,True,True,True,True,True,True
2026-06-26 13:45:00+07:00,34.4373,2.70667,0.3267211649361849,True,True,True,True,True,True,True,True
2026-06-26 14:00:00+07:00,34.3593,2.71333,0.3245061330107908,True,True,True,True,True,True,True,True
2026-06-26 14:15:00+07:00,34.1067,2.64,0.31740158458838197,True,True,True,True,True,True,True,True
2026-06-26 14:30:00+07:00,33.9567,2.6,0.31323221406077795,True,True,True,True,True,True,True,True
2026-06-26 14:45:00+07:00,34.036,2.6,0.315431841909248,True,True,True,True,True,True,True,True
2026-06-26 15:00:00+07:00,33.762,2.59333,0.30787504165382407,True,True,True,True,True,True,True,True
2026-06-26 15:15:00+07:00,34.1153,2.64,0.3176417434399086,True,True,True,True,True,True,True,True
2026-06-26 15:30:00+07:00,33.9007,2.6,0.3116850591266668,True,True,True,True,True,True,True,True
2026-06-26 15:45:00+07:00,33.822,2.56667,0.30951937702598403,True,True,True,True,True,True,True,True
2026-06-26 16:00:00+07:00,33.3167,2.50667,0.2958529620381477,True,True,True,True,True,True,True,True
2026-06-26 16:15:00+07:00,33.4593,2.50667,0.2996681174786068,True,True,True,True,True,True,True,True
2026-06-26 16:30:00+07:00,32.824,2.38,0.28292055337779193,True,True,True,True,True,True,True,True
2026-06-26 16:45:00+07:00,32.024,2.23333,0.26273426647859205,True,True,True,True,True,True,True,True
2026-06-26 17:00:00+07:00,31.9993,2.25333,0.2621267971763173,True,True,True,False,False,False,True,True
2026-06-26 17:15:00+07:00,31.8567,2.23333,0.25863800645432206,True,True,True,False,False,False,True,True
2026-06-26 17:30:00+07:00,31.7973,2.18667,0.2571939332115705,True,True,True,False,False,False,True,True
2026-06-26 17:45:00+07:00,31.2407,1.71333,0.2439227211110651,True,True,True,True,True,True,True,True
2026-06-29 06:45:00+07:00,11.3892,2.29231,0.011818698270626307,True,True,True,False,False,False,True,True
2026-06-29 07:00:00+07:00,49.5092,7.59231,0.9708401157585493,True,True,True,False,False,False,True,True
2026-06-29 07:15:00+07:00,44.7131,5.30769,0.7151453676171925,True,True,True,False,False,False,True,True
2026-06-29 07:30:00+07:00,38.4585,3.40769,0.45505826978721303,True,True,True,False,False,False,True,True
2026-06-29 07:45:00+07:00,36.6754,3.04167,0.3946522330498326,True,True,True,False,False,False,True,True
2026-06-29 08:00:00+07:00,34.9811,2.82857,0.3424446400023898,True,True,True,False,False,False,True,True
2026-06-29 08:15:00+07:00,32.6415,2.44231,0.27822766502018703,True,True,True,False,False,False,True,True
2026-06-29 08:30:00+07:00,31.1846,2.10385,0.2426110181321899,True,True,True,False,False,False,True,True
2026-06-29 08:45:00+07:00,31.479,2.23,0.24954723932191203,True,True,True,False,False,False,True,True
2026-06-29 09:00:00+07:00,31.8869,2.33077,0.2593742667826313,True,True,True,False,False,False,True,True
2026-06-29 09:15:00+07:00,32.2538,2.39231,0.268430989876999,True,True,True,False,False,False,True,True
2026-06-29 09:30:00+07:00,33.3035,2.51154,0.29550145255054294,True,True,True,False,False,False,True,True
2026-06-29 09:45:00+07:00,34.0946,2.66154,0.3170638916872842,True,True,True,False,False,False,True,True
2026-06-29 10:00:00+07:00,34.8957,2.8,0.3399427088545878,True,True,True,False,False,False,True,True
2026-06-29 10:15:00+07:00,36.1108,3.13846,0.3767049410989736,True,True,True,False,False,False,True,True
2026-06-29 10:30:00+07:00,37.2085,3.37308,0.412113151869713,True,True,True,False,False,False,True,True
2026-06-29 10:45:00+07:00,37.5185,3.46154,0.42249968307565317,True,True,True,True,True,True,True,True
2026-06-29 11:00:00+07:00,38.4662,3.64231,0.45533165410564425,True,True,True,True,True,True,True,True
2026-06-29 11:15:00+07:00,39.0477,3.76154,0.4762953713396905,True,True,True,False,False,False,True,True
2026-06-29 11:30:00+07:00,38.5985,3.73462,0.4600460115243731,True,True,True,False,False,False,True,True
2026-06-29 11:45:00+07:00,38.9662,3.74615,0.47331923381492425,True,True,True,False,False,False,True,True
2026-06-29 12:00:00+07:00,37.65,3.38571,0.426957777,True,True,True,True,True,True,True,True
2026-06-29 12:15:00+07:00,37.4246,3.38077,0.4193353632147114,True,True,True,True,True,True,True,True
2026-06-29 12:30:00+07:00,36.6677,3.11154,0.39440371353224596,True,True,True,True,True,True,True,True
2026-06-29 12:45:00+07:00,36.1762,3.01154,0.3787553926872219,True,True,True,True,True,True,True,True
2026-06-29 13:00:00+07:00,35.8192,2.97692,0.36765259250411114,True,True,True,True,True,True,True,True
2026-06-29 13:15:00+07:00,35.4023,2.88462,0.3549640909264813,True,True,True,True,True,True,True,True
2026-06-29 13:30:00+07:00,35.43,2.90769,0.355797952056,True,True,True,True,True,True,True,True
2026-06-29 13:45:00+07:00,34.47,2.75769,0.32765276498400003,True,True,True,True,True,True,True,True
2026-06-29 14:00:00+07:00,35.2443,2.89286,0.35023266993505847,True,True,True,True,True,True,True,True
2026-06-29 14:15:00+07:00,35.9038,2.96154,0.3702637839139429,True,True,True,True,True,True,True,True
2026-06-29 14:30:00+07:00,35.1238,2.83846,0.34665260938890635,True,True,True,True,True,True,True,True
2026-06-29 14:45:00+07:00,35.6254,2.93846,0.36171726201180054,True,True,True,True,True,True,True,True
2026-06-29 15:00:00+07:00,34.8708,2.76538,0.3392155245640873,True,True,True,True,True,True,True,True
2026-06-29 15:15:00+07:00,34.1654,2.65385,0.319043217241554,True,True,True,True,True,True,True,True
2026-06-29 15:30:00+07:00,34.5054,2.74231,0.3286632805457398,True,True,True,True,True,True,True,True
2026-06-29 15:45:00+07:00,34.6515,2.75,0.3328557812811269,True,True,True,True,True,True,True,True
2026-06-29 16:00:00+07:00,34.3607,2.71071,0.3245458014933563,True,True,True,True,True,True,True,True
2026-06-29 16:15:00+07:00,34.3769,2.72308,0.32500505766580484,True,True,True,True,True,True,True,True
2026-06-29 16:30:00+07:00,34.0615,2.67692,0.316141344176867,True,True,True,True,True,True,True,True
2026-06-29 16:45:00+07:00,34.0308,2.65,0.3152872895239849,True,True,True,True,True,True,True,True
2026-06-29 17:00:00+07:00,34.2015,2.65769,0.32005561288682705,True,True,True,True,True,True,True,True
2026-06-29 17:15:00+07:00,34.4123,2.69615,0.326010124791911,True,True,True,True,True,True,True,True
2026-06-29 17:30:00+07:00,33.7985,2.57308,0.30887464998517294,True,True,True,True,True,True,True,True
2026-06-29 17:45:00+07:00,32.8377,1.83462,0.283274955300149,True,True,True,True,True,True,True,True
2026-06-30 07:15:00+07:00,45.7115,7.11923,0.764128512303967,True,True,True,False,False,False,True,True
2026-06-30 07:30:00+07:00,46.21,6.03846,0.789401400488,True,True,True,False,False,False,True,True
2026-06-30 07:45:00+07:00,38.8157,3.6,0.4678560553544471,True,True,True,False,False,False,True,True
2026-06-30 08:00:00+07:00,36.5307,3.00714,0.3899994276527157,True,True,True,False,False,False,True,True
2026-06-30 08:15:00+07:00,34.4358,2.56154,0.32667847340104567,True,True,True,False,False,False,True,True
2026-06-30 08:30:00+07:00,32.9588,2.4,0.28642054061300376,True,True,True,False,False,False,True,True
2026-06-30 08:45:00+07:00,32.0362,2.33462,0.26303465799742354,True,True,True,False,False,False,True,True
2026-06-30 09:00:00+07:00,34.0196,2.64231,0.31497609593479614,True,True,True,False,False,False,True,True
2026-06-30 09:15:00+07:00,34.1269,2.66154,0.3179658704941448,True,True,True,False,False,False,True,True
2026-06-30 09:30:00+07:00,34.6065,2.73462,0.3315606800465969,True,True,True,False,False,False,True,True
2026-06-30 09:45:00+07:00,35.0015,2.83846,0.34304410189002704,True,True,True,True,True,True,True,True
2026-06-30 10:00:00+07:00,35.6671,2.98214,0.3629889338199976,True,True,True,True,True,True,True,True
2026-06-30 10:15:00+07:00,36.5288,3.15769,0.3899385779805428,True,True,True,True,True,True,True,True
2026-06-30 10:30:00+07:00,36.7396,3.25385,0.3967283699881213,True,True,True,True,True,True,True,True
2026-06-30 10:45:00+07:00,37.6281,3.45,0.42621316046556845,True,True,True,True,True,True,True,True
2026-06-30 11:00:00+07:00,37.6888,3.40769,0.42827913473487256,True,True,True,True,True,True,True,True
2026-06-30 11:15:00+07:00,36.5669,3.14615,0.3911599836297064,True,True,True,True,True,True,True,True
2026-06-30 11:30:00+07:00,37.2404,3.33462,0.41317401298396217,True,True,True,True,True,True,True,True
2026-06-30 11:45:00+07:00,36.9496,3.28846,0.4035703122378875,True,True,True,True,True,True,True,True
2026-06-30 12:00:00+07:00,37.005,3.19286,0.40538830220100014,True,True,True,True,True,True,True,True
2026-06-30 12:15:00+07:00,35.5938,2.85385,0.36075557767322947,True,True,True,True,True,True,True,True
2026-06-30 12:30:00+07:00,34.5815,2.73846,0.33084263311374695,True,True,True,True,True,True,True,True
2026-06-30 12:45:00+07:00,34.2223,2.66538,0.3206399035923484,True,True,True,True,True,True,True,True
2026-06-30 13:00:00+07:00,33.9323,2.64615,0.3125574686823301,True,True,True,True,True,True,True,True
2026-06-30 13:15:00+07:00,34.7423,2.81538,0.3354792668942077,True,True,True,True,True,True,True,True
2026-06-30 13:30:00+07:00,34.6938,2.74231,0.33407624741892544,True,True,True,True,True,True,True,True
2026-06-30 13:45:00+07:00,35.1054,2.86154,0.3461081010616438,True,True,True,True,True,True,True,True
2026-06-30 14:00:00+07:00,34.8829,2.80357,0.3395687655786143,True,True,True,True,True,True,True,True
2026-06-30 14:15:00+07:00,35.2508,2.88462,0.35042648274144406,True,True,True,False,False,False,True,True
2026-06-30 14:30:00+07:00,35.1169,2.81538,0.3464483518924785,True,True,True,False,False,False,True,True
2026-06-30 14:45:00+07:00,34.4862,2.71538,0.3281149468632953,True,True,True,False,False,False,True,True
2026-06-30 15:00:00+07:00,34.5569,2.78462,0.3301370876148401,True,True,True,True,True,True,True,True
2026-06-30 15:15:00+07:00,34.35,2.71154,0.3242427030000001,True,True,True,True,True,True,True,True
2026-06-30 15:30:00+07:00,34.5677,2.73846,0.3304467156464299,True,True,True,True,True,True,True,True
2026-06-30 15:45:00+07:00,34.6223,2.70769,0.33201502107033254,True,True,True,True,True,True,True,True
2026-06-30 16:00:00+07:00,34.15,2.63214,0.31861198699999993,True,True,True,True,True,True,True,True
2026-06-30 16:15:00+07:00,34.0688,2.64615,0.3163446522923255,True,True,True,True,True,True,True,True
2026-06-30 16:30:00+07:00,33.565,2.54231,0.302517109097,True,True,True,True,True,True,True,True
2026-06-30 16:45:00+07:00,33.4223,2.52692,0.29867507842838054,True,True,True,True,True,True,True,True
2026-06-30 17:00:00+07:00,32.8546,2.41923,0.2837125448073227,True,True,True,True,True,True,True,True
2026-06-30 17:15:00+07:00,32.8073,2.42692,0.28248894512100015,True,True,True,True,True,True,True,True
2026-06-30 17:30:00+07:00,32.6119,2.41923,0.27747144306514526,True,True,True,True,True,True,True,True
2026-06-30 17:45:00+07:00,29.9892,1.80769,0.2157668039707223,True,True,True,True,True,True,True,True
2026-07-01 07:15:00+07:00,41.6288,7.01538,0.5771273593759989,True,True,True,False,False,False,True,True
2026-07-01 07:30:00+07:00,45.5483,5.58889,0.7559733822173086,True,True,True,False,False,False,True,True
2026-07-01 07:45:00+07:00,38.2054,3.37692,0.44613288823914754,True,True,True,False,False,False,True,True
2026-07-01 08:00:00+07:00,35.9171,2.88214,0.37067541160445755,True,True,True,False,False,False,True,True
2026-07-01 08:15:00+07:00,33.9069,2.58077,0.3118560999141241,True,True,True,False,False,False,True,True
2026-07-01 08:30:00+07:00,32.5938,2.38846,0.27700969938554937,True,True,True,False,False,False,True,True
2026-07-01 08:45:00+07:00,31.06,2.08462,0.23971452012799996,True,True,True,False,False,False,True,True
2026-07-01 09:00:00+07:00,31.7892,2.26154,0.25699743160157035,True,True,True,False,False,False,True,True
2026-07-01 09:15:00+07:00,33.8123,2.58462,0.30925314702933493,True,True,True,False,False,False,True,True
2026-07-01 09:30:00+07:00,34.1862,2.7,0.3196262755241274,True,True,True,False,False,False,True,True
2026-07-01 09:45:00+07:00,34.4362,2.69231,0.32668985744676743,True,True,True,False,False,False,True,True
2026-07-01 10:00:00+07:00,34.6736,2.75714,0.33349305285709,True,True,True,True,True,True,True,True
2026-07-01 10:15:00+07:00,34.9392,2.84615,0.34121558337955427,True,True,True,True,True,True,True,True
2026-07-01 10:30:00+07:00,35.5023,2.96923,0.3579805703071773,True,True,True,True,True,True,True,True
2026-07-01 10:45:00+07:00,35.2308,2.91538,0.3498303640128169,True,True,True,True,True,True,True,True
2026-07-01 11:00:00+07:00,35.8935,2.95769,0.36994521404040304,True,True,True,True,True,True,True,True
2026-07-01 11:15:00+07:00,35.6796,2.96538,0.3633707101939707,True,True,True,True,True,True,True,True
2026-07-01 11:30:00+07:00,35.9596,3.07692,0.371992808058726,True,True,True,True,True,True,True,True
2026-07-01 11:45:00+07:00,37.0446,3.21923,0.40669114468381246,True,True,True,True,True,True,True,True
2026-07-01 12:00:00+07:00,37.5007,3.41786,0.4218986254410029,True,True,True,True,True,True,True,True
2026-07-01 12:15:00+07:00,37.3946,3.35,0.4183277388767561,True,True,True,True,True,True,True,True
2026-07-01 12:30:00+07:00,36.5554,3.12308,0.3907910495444117,True,True,True,True,True,True,True,True
2026-07-01 12:45:00+07:00,36.6612,3.16923,0.3941940055562634,True,True,True,True,True,True,True,True
2026-07-01 13:00:00+07:00,36.5542,3.1,0.3907525654464008,True,True,True,True,True,True,True,True
2026-07-01 13:15:00+07:00,36.1677,3.02083,0.37848847705276595,True,True,True,True,True,True,True,True
2026-07-01 13:30:00+07:00,36.2696,2.99615,0.3816965942794362,True,True,True,True,True,True,True,True
2026-07-01 13:45:00+07:00,35.1662,2.83846,0.3479095195763963,True,True,True,True,True,True,True,True
2026-07-01 14:00:00+07:00,35.3686,2.8625,0.35395136804794286,True,True,True,True,True,True,True,True
2026-07-01 14:15:00+07:00,35.3708,2.84231,0.3540174216757674,True,True,True,True,True,True,True,True
2026-07-01 14:30:00+07:00,34.7762,2.775,0.3364622629348379,True,True,True,True,True,True,True,True
2026-07-01 14:45:00+07:00,34.7823,2.69167,0.3366393478234461,True,True,True,True,True,True,True,True
2026-07-01 15:00:00+07:00,35.0481,2.8,0.34441608432267706,True,True,True,True,True,True,True,True
2026-07-01 15:15:00+07:00,34.0025,2.61333,0.3145013651001249,True,True,True,True,True,True,True,True
2026-07-01 15:30:00+07:00,34.5387,2.76,0.3296157447510048,True,True,True,True,True,True,True,True
2026-07-01 15:45:00+07:00,34.7347,2.71333,0.3352591532524073,True,True,True,True,True,True,True,True
2026-07-01 16:00:00+07:00,34.2967,2.65333,0.32273568695636057,True,True,True,True,True,True,True,True
2026-07-01 16:15:00+07:00,34.256,2.64,0.32158807559372793,True,True,True,True,True,True,True,True
2026-07-01 16:30:00+07:00,34.5693,2.71333,0.3304926029242204,True,True,True,True,True,True,True,True
2026-07-01 16:45:00+07:00,34.6853,2.71333,0.3338307609823397,True,True,True,True,True,True,True,True
2026-07-01 17:00:00+07:00,34.526,2.70667,0.32925227586860806,True,True,True,True,True,True,True,True
2026-07-01 17:15:00+07:00,33.4933,2.55333,0.30058257828915386,True,True,True,True,True,True,True,True
2026-07-01 17:30:00+07:00,32.7433,2.39333,0.2808389422311338,True,True,True,True,True,True,True,True
2026-07-01 17:45:00+07:00,30.5907,1.9,0.2290119959598211,True,True,True,False,False,False,True,True
2026-07-02 07:15:00+07:00,9.926,2.44667,0.007823710998208,True,True,True,False,False,False,True,True
2026-07-02 07:30:00+07:00,48.4913,6.88667,0.9121819382978922,True,True,True,False,False,False,True,True
2026-07-02 07:45:00+07:00,39.8425,3.88333,0.5059757827441251,True,True,True,False,False,False,True,True
2026-07-02 08:00:00+07:00,36.5633,2.96,0.39104446626472905,True,True,True,False,False,False,True,True
2026-07-02 08:15:00+07:00,34.9367,2.70667,0.341142343758511,True,True,True,False,False,False,True,True
2026-07-02 08:30:00+07:00,33.866,2.6,0.31072893684716807,True,True,True,False,False,False,True,True
2026-07-02 08:45:00+07:00,33.158,2.52,0.291645291042496,True,True,True,False,False,False,True,True
2026-07-02 09:00:00+07:00,35.2093,2.93333,0.3491902908011868,True,True,True,False,False,False,True,True
2026-07-02 09:15:00+07:00,36.7607,3.28,0.3974123004399804,True,True,True,False,False,False,True,True
2026-07-02 09:30:00+07:00,37.904,3.49333,0.43565742191411216,True,True,True,False,False,False,True,True
2026-07-02 09:45:00+07:00,37.6133,3.42667,0.42571043983635726,True,True,True,True,True,True,True,True
2026-07-02 10:00:00+07:00,37.4133,3.44,0.41895563498728505,True,True,True,True,True,True,True,True
2026-07-02 10:15:00+07:00,37.5547,3.43333,0.42372381919033847,True,True,True,True,True,True,True,True
2026-07-02 10:30:00+07:00,38.5667,3.66,0.45890989894828765,True,True,True,True,True,True,True,True
2026-07-02 10:45:00+07:00,37.5208,3.43462,0.4225773894479912,True,True,True,True,True,True,True,True
2026-07-02 11:00:00+07:00,37.5238,3.40769,0.42267875990385023,True,True,True,False,False,False,True,True
2026-07-02 11:15:00+07:00,37.1015,3.34615,0.4085680407634271,True,True,True,False,False,False,True,True
2026-07-02 11:30:00+07:00,36.6169,3.175,0.39276674445443854,True,True,True,False,False,False,True,True
2026-07-02 11:45:00+07:00,36.7592,3.21923,0.3973636538587094,True,True,True,True,True,True,True,True
2026-07-02 12:00:00+07:00,36.5115,3.2,0.3893848168631669,True,True,True,True,True,True,True,True
2026-07-02 12:15:00+07:00,35.8313,3.01333,0.36802530596296235,True,True,True,True,True,True,True,True
2026-07-02 12:30:00+07:00,35.6567,2.97333,0.36267149974829016,True,True,True,True,True,True,True,True
2026-07-02 12:45:00+07:00,35.436,2.84,0.355978743694848,True,True,True,True,True,True,True,True
2026-07-02 13:00:00+07:00,34.7707,2.78,0.3363026494816179,True,True,True,True,True,True,True,True
2026-07-02 13:15:00+07:00,34.5587,2.72667,0.3301886788494161,True,True,True,True,True,True,True,True
2026-07-02 13:30:00+07:00,34.7907,2.77333,0.3368833041020132,True,True,True,True,True,True,True,True
2026-07-02 13:45:00+07:00,34.5327,2.71333,0.32944399385184625,True,True,True,True,True,True,True,True
2026-07-02 14:00:00+07:00,34.714,2.76667,0.334660121490752,True,True,True,True,True,True,True,True
2026-07-02 14:15:00+07:00,34.694,2.78,0.3340820250190721,True,True,True,True,True,True,True,True
2026-07-02 14:30:00+07:00,34.6073,2.72667,0.3315836746871282,True,True,True,True,True,True,True,True
2026-07-02 14:45:00+07:00,34.876,2.77333,0.33936730058700787,True,True,True,True,True,True,True,True
2026-07-02 15:00:00+07:00,35.0533,2.86,0.34456940755895543,True,True,True,True,True,True,True,True
2026-07-02 15:15:00+07:00,34.6007,2.72,0.33139400069489877,True,True,True,True,True,True,True,True
2026-07-02 15:30:00+07:00,34.37,2.74,0.32480939562399985,True,True,True,True,True,True,True,True
2026-07-02 15:45:00+07:00,34.6693,2.73333,0.33336899516219637,True,True,True,True,True,True,True,True
2026-07-02 16:00:00+07:00,34.0827,2.63333,0.3167320141855144,True,True,True,True,True,True,True,True
2026-07-02 16:15:00+07:00,33.7213,2.54,0.30676295574978074,True,True,True,True,True,True,True,True
2026-07-02 16:30:00+07:00,34.496,2.65333,0.3283947492474881,True,True,True,True,True,True,True,True
2026-07-02 16:45:00+07:00,33.7267,2.52667,0.30691035088970525,True,True,True,True,True,True,True,True
2026-07-02 17:00:00+07:00,33.5933,2.56,0.30328294742888984,True,True,True,True,True,True,True,True
2026-07-02 17:15:00+07:00,33.2573,2.5,0.29427336207853216,True,True,True,True,True,True,True,True
2026-07-02 17:30:00+07:00,32.9427,2.43333,0.28600100606061996,True,True,True,True,True,True,True,True
2026-07-02 17:45:00+07:00,32.6707,1.85333,0.2789750128137219,True,True,True,True,True,True,True,True
2026-07-03 07:15:00+07:00,9.884,2.29333,0.007724816952832,True,True,True,False,False,False,True,True
2026-07-03 07:30:00+07:00,48.5153,6.75333,0.913537018709413,True,True,True,False,False,False,True,True
2026-07-03 07:45:00+07:00,39.9967,3.82667,0.5118732904541123,True,True,True,False,False,False,True,True
2026-07-03 08:00:00+07:00,36.682,3.06,0.3948653328525441,True,True,True,False,False,False,True,True
2026-07-03 08:15:00+07:00,35.2613,2.74,0.3507397159872832,True,True,True,False,False,False,True,True
2026-07-03 08:30:00+07:00,33.6653,2.53333,0.30523719490173673,True,True,True,False,False,False,True,True
2026-07-03 08:45:00+07:00,32.12,2.30667,0.26510419302399996,True,True,True,False,False,False,True,True
2026-07-03 09:00:00+07:00,33.216,2.5,0.29317840817356805,True,True,True,False,False,False,True,True
2026-07-03 09:15:00+07:00,34.168,2.63333,0.31911606071705595,True,True,True,False,False,False,True,True
2026-07-03 09:30:00+07:00,34.2373,2.69333,0.32106170811399287,True,True,True,False,False,False,True,True
2026-07-03 09:45:00+07:00,34.5353,2.71333,0.3295184119144159,True,True,True,True,True,True,True,True
2026-07-03 10:00:00+07:00,35.0393,2.83333,0.34415671785718754,True,True,True,True,True,True,True,True
2026-07-03 10:15:00+07:00,36.2247,3.1,0.38028078299874574,True,True,True,True,True,True,True,True
2026-07-03 10:30:00+07:00,35.8513,2.98,0.36864191339609365,True,True,True,True,True,True,True,True
2026-07-03 10:45:00+07:00,36.33,3.15333,0.38360669709599987,True,True,True,True,True,True,True,True
2026-07-03 11:00:00+07:00,36.704,3.24667,0.3955762195333121,True,True,True,True,True,True,True,True
2026-07-03 11:15:00+07:00,36.7573,3.14667,0.3973020405548921,True,True,True,True,True,True,True,True
2026-07-03 11:30:00+07:00,35.528,2.91333,0.35875855614361596,True,True,True,True,True,True,True,True
2026-07-03 11:45:00+07:00,34.796,2.76667,0.33703728952268797,True,True,True,False,False,False,True,True
2026-07-03 12:00:00+07:00,33.3487,2.49333,0.2967062630106585,True,True,True,False,False,False,True,True
2026-07-03 12:15:00+07:00,33.142,2.47333,0.29122330479430414,True,True,True,False,False,False,True,True
2026-07-03 12:30:00+07:00,33.416,2.50667,0.2985062122823679,True,True,True,False,False,False,True,True
2026-07-03 12:45:00+07:00,32.6747,2.40667,0.2790774933250778,True,True,True,False,False,False,True,True
2026-07-03 13:00:00+07:00,32.8367,2.43333,0.28324907653925496,True,True,True,True,True,True,True,True
2026-07-03 13:15:00+07:00,32.5787,2.38667,0.2766248799777472,True,True,True,True,True,True,True,True
2026-07-03 13:30:00+07:00,33.5727,2.57333,0.30272535424708463,True,True,True,True,True,True,True,True
2026-07-03 13:45:00+07:00,33.5087,2.54667,0.30099738666002795,True,True,True,True,True,True,True,True
2026-07-03 14:00:00+07:00,33.422,2.45333,0.2986670357395839,True,True,True,True,True,True,True,True
2026-07-03 14:15:00+07:00,33.3243,2.55833,0.2960554726823993,True,True,True,True,True,True,True,True
2026-07-03 14:30:00+07:00,33.8647,2.60667,0.3106931547549281,True,True,True,True,True,True,True,True
2026-07-03 14:45:00+07:00,34.0473,2.62667,0.3157461176752306,True,True,True,True,True,True,True,True
2026-07-03 15:00:00+07:00,33.61,2.50667,0.303735479048,True,True,True,True,True,True,True,True
2026-07-03 15:15:00+07:00,34.2727,2.66667,0.32205863311195665,True,True,True,True,True,True,True,True
2026-07-03 15:30:00+07:00,34.0447,2.63333,0.31567378795595696,True,True,True,True,True,True,True,True
2026-07-03 15:45:00+07:00,33.8247,2.58667,0.3095935094575618,True,True,True,True,True,True,True,True
2026-07-03 16:00:00+07:00,34.398,2.70667,0.32560387402233604,True,True,True,True,True,True,True,True
2026-07-03 16:15:00+07:00,33.8327,2.58,0.3098132305997744,True,True,True,True,True,True,True,True
2026-07-03 16:30:00+07:00,34.628,2.70667,0.33217903072921595,True,True,True,True,True,True,True,True
2026-07-03 16:45:00+07:00,33.9893,2.59333,0.31413523261403964,True,True,True,True,True,True,True,True
2026-07-03 17:00:00+07:00,33.238,2.48667,0.29376133789817604,True,True,True,True,True,True,True,True
2026-07-03 17:15:00+07:00,32.8287,2.44,0.2830421031898872,True,True,True,True,True,True,True,True
2026-07-03 17:30:00+07:00,33.5113,2.5,0.30106745687430314,True,True,True,True,True,True,True,True
2026-07-03 17:45:00+07:00,30.8027,1.82,0.23380637326092546,True,True,True,True,True,True,True,True
2026-07-06 06:45:00+07:00,13.274,2.22,0.018710932278592,True,True,True,True,True,True,True,True
2026-07-06 07:00:00+07:00,49.6767,7.69333,0.980727157129997,True,True,True,False,False,False,True,True
2026-07-06 07:15:00+07:00,45.088,5.44667,0.733285168971776,True,True,True,False,False,False,True,True
2026-07-06 07:30:00+07:00,38.612,3.55333,0.46052888989542407,True,True,True,False,False,False,True,True
2026-07-06 07:45:00+07:00,36.418,3.14,0.386401017813056,True,True,True,False,False,False,True,True
2026-07-06 08:00:00+07:00,34.3853,2.62667,0.3252433609704919,True,True,True,False,False,False,True,True
2026-07-06 08:15:00+07:00,32.706,2.40667,0.27988027001452803,True,True,True,False,False,False,True,True
2026-07-06 08:30:00+07:00,31.002,2.05333,0.2383741309760639,True,True,True,True,True,True,True,True
2026-07-06 08:45:00+07:00,30.844,2.08,0.234748091612672,True,True,True,False,False,False,True,True
2026-07-06 09:00:00+07:00,31.738,2.24,0.255757662714176,True,True,True,False,False,False,True,True
2026-07-06 09:15:00+07:00,31.3333,2.18,0.24609817754157637,True,True,True,False,False,False,True,True
2026-07-06 09:30:00+07:00,31.568,2.18,0.25166985025945604,True,True,True,False,False,False,True,True
2026-07-06 09:45:00+07:00,32.2347,2.32667,0.26795439520700726,True,True,True,True,True,True,True,True
2026-07-06 10:00:00+07:00,32.6733,2.40667,0.2790416222917987,True,True,True,True,True,True,True,True
2026-07-06 10:15:00+07:00,33.0493,2.49333,0.2887864307066654,True,True,True,True,True,True,True,True
2026-07-06 10:30:00+07:00,33.3933,2.53333,0.297898285933418,True,True,True,True,True,True,True,True
2026-07-06 10:45:00+07:00,33.81,2.6,0.30919004272800005,True,True,True,True,True,True,True,True
2026-07-06 11:00:00+07:00,34.4967,2.73333,0.3284147412166324,True,True,True,False,False,False,True,True
2026-07-06 11:15:00+07:00,34.8113,2.82,0.3374820767062312,True,True,True,False,False,False,True,True
2026-07-06 11:30:00+07:00,34.4247,2.69333,0.32636267161885785,True,True,True,False,False,False,True,True
2026-07-06 11:45:00+07:00,34.3027,2.75333,0.32290509855328553,True,True,True,True,True,True,True,True
2026-07-06 12:00:00+07:00,34.9133,2.75333,0.34045732897388503,True,True,True,True,True,True,True,True
2026-07-06 12:15:00+07:00,34.6213,2.74,0.3319862530134848,True,True,True,True,True,True,True,True
2026-07-06 12:30:00+07:00,34.0513,2.65333,0.31585741573908543,True,True,True,True,True,True,True,True
2026-07-06 12:45:00+07:00,33.666,2.57333,0.3052562356183679,True,True,True,True,True,True,True,True
2026-07-06 13:00:00+07:00,34.4973,2.72667,0.3284318778359626,True,True,True,True,True,True,True,True
2026-07-06 13:15:00+07:00,34.3653,2.73333,0.32467616355444856,True,True,True,True,True,True,True,True
2026-07-06 13:30:00+07:00,34.3987,2.70667,0.3256237525632464,True,True,True,True,True,True,True,True
2026-07-06 13:45:00+07:00,34.7527,2.74667,0.3357806311300174,True,True,True,True,True,True,True,True
2026-07-06 14:00:00+07:00,34.3327,2.72,0.3237530458712544,True,True,True,True,True,True,True,True
2026-07-06 14:15:00+07:00,34.1593,2.69333,0.31887235875563896,True,True,True,True,True,True,True,True
2026-07-06 14:30:00+07:00,34.544,2.69333,0.32976750768947194,True,True,True,True,True,True,True,True
2026-07-06 14:45:00+07:00,33.7333,2.55333,0.30709056461364026,True,True,True,True,True,True,True,True
2026-07-06 15:00:00+07:00,34.218,2.66667,0.3205190544658561,True,True,True,True,True,True,True,True
2026-07-06 15:15:00+07:00,33.936,2.62,0.31265972423884797,True,True,True,True,True,True,True,True
2026-07-06 15:30:00+07:00,34.262,2.65333,0.32175708538182396,True,True,True,True,True,True,True,True
2026-07-06 15:45:00+07:00,33.746,2.56667,0.3074375379594881,True,True,True,False,False,False,True,True
2026-07-06 16:00:00+07:00,33.626,2.52667,0.30416946430700803,True,True,True,False,False,False,True,True
2026-07-06 16:15:00+07:00,33.236,2.48667,0.29370831238604794,True,True,True,False,False,False,True,True
2026-07-06 16:30:00+07:00,33.1233,2.48667,0.2907306244850107,True,True,True,False,False,False,True,True
2026-07-06 16:45:00+07:00,32.932,2.42,0.28572241169254403,True,True,True,True,True,True,True,True
2026-07-06 17:00:00+07:00,33.2813,2.49333,0.2949109055879344,True,True,True,True,True,True,True,True
2026-07-06 17:15:00+07:00,33.0033,2.43333,0.2875822574251676,True,True,True,True,True,True,True,True
2026-07-06 17:30:00+07:00,32.6233,2.37333,0.2777625282503307,True,True,True,True,True,True,True,True
2026-07-06 17:45:00+07:00,29.9067,1.82,0.21399098102347017,True,True,True,True,True,True,True,True
2026-07-07 07:15:00+07:00,46.1853,7.50667,0.7881362331431796,True,True,True,False,False,False,True,True
2026-07-07 07:30:00+07:00,47.12,6.32,0.8369621770239998,True,True,True,False,False,False,True,True
2026-07-07 07:45:00+07:00,39.8533,3.72667,0.5063873547974834,True,True,True,False,False,False,True,True
2026-07-07 08:00:00+07:00,36.8633,3.12667,0.40074915832233726,True,True,True,False,False,False,True,True
2026-07-07 08:15:00+07:00,35.252,2.74667,0.350462271384064,True,True,True,False,False,False,True,True
2026-07-07 08:30:00+07:00,33.604,2.53333,0.303572841062912,True,True,True,False,False,False,True,True
2026-07-07 08:45:00+07:00,32.376,2.35333,0.27149357802700796,True,True,True,False,False,False,True,True
2026-07-07 09:00:00+07:00,33.4153,2.60667,0.2984874533071967,True,True,True,False,False,False,True,True
2026-07-07 09:15:00+07:00,34.3787,2.72667,0.32505611285715524,True,True,True,False,False,False,True,True
2026-07-07 09:30:00+07:00,35.0073,2.83333,0.3432146647667122,True,True,True,False,False,False,True,True
2026-07-07 09:45:00+07:00,35.7187,2.98,0.36456663477870555,True,True,True,True,True,True,True,True
2026-07-07 10:00:00+07:00,35.854,3.0,0.3687252081269119,True,True,True,True,True,True,True,True
2026-07-07 10:15:00+07:00,36.1547,3.1,0.3780804957441146,True,True,True,True,True,True,True,True
2026-07-07 10:30:00+07:00,36.824,3.19333,0.39946880707379184,True,True,True,True,True,True,True,True
2026-07-07 10:45:00+07:00,37.152,3.24,0.41023865644646407,True,True,True,True,True,True,True,True
2026-07-07 11:00:00+07:00,37.1793,3.34,0.411143674772914,True,True,True,True,True,True,True,True
2026-07-07 11:15:00+07:00,36.138,3.0,0.3775568270405759,True,True,True,True,True,True,True,True
2026-07-07 11:30:00+07:00,37.1067,3.28,0.40873985470046204,True,True,True,True,True,True,True,True
2026-07-07 11:45:00+07:00,36.3713,3.15333,0.3849164389384646,True,True,True,True,True,True,True,True
2026-07-07 12:00:00+07:00,36.5767,3.24,0.3914745628213813,True,True,True,True,True,True,True,True
2026-07-07 12:15:00+07:00,36.3073,3.08,0.38288808171736005,True,True,True,True,True,True,True,True
2026-07-07 12:30:00+07:00,35.508,2.92667,0.358153022532096,True,True,True,True,True,True,True,True
2026-07-07 12:45:00+07:00,35.5267,2.94667,0.3587191757345533,True,True,True,True,True,True,True,True
2026-07-07 13:00:00+07:00,34.6347,2.75333,0.33237188305859144,True,True,True,True,True,True,True,True
2026-07-07 13:15:00+07:00,35.598,2.94667,0.3608832981375359,True,True,True,True,True,True,True,True
2026-07-07 13:30:00+07:00,36.0747,3.01333,0.37557629333242176,True,True,True,True,True,True,True,True
2026-07-07 13:45:00+07:00,34.966,2.84667,0.3420013707255681,True,True,True,True,True,True,True,True
2026-07-07 14:00:00+07:00,34.782,2.75333,0.3366306372781439,True,True,True,True,True,True,True,True
2026-07-07 14:15:00+07:00,34.534,2.72,0.32948120148243193,True,True,True,True,True,True,True,True
2026-07-07 14:30:00+07:00,34.218,2.68667,0.3205190544658561,True,True,True,True,True,True,True,True
2026-07-07 14:45:00+07:00,34.44,2.73333,0.32679801907199996,True,True,True,True,True,True,True,True
2026-07-07 15:00:00+07:00,34.7847,2.75333,0.33670903759531545,True,True,True,True,True,True,True,True
2026-07-07 15:15:00+07:00,34.8647,2.76,0.33903753730108815,True,True,True,True,True,True,True,True
2026-07-07 15:30:00+07:00,33.944,2.60667,0.31288089357107207,True,True,True,True,True,True,True,True
2026-07-07 15:45:00+07:00,33.9287,2.63333,0.31245799819130327,True,True,True,True,True,True,True,True
2026-07-07 16:00:00+07:00,33.9167,2.62,0.3121265823101637,True,True,True,True,True,True,True,True
2026-07-07 16:15:00+07:00,34.5427,2.78,0.32973027850695596,True,True,True,True,True,True,True,True
2026-07-07 16:30:00+07:00,34.1467,2.61333,0.31851963110315656,True,True,True,True,True,True,True,True
2026-07-07 16:45:00+07:00,34.0767,2.63333,0.3165647688479814,True,True,True,True,True,True,True,True
2026-07-07 17:00:00+07:00,34.4313,2.68,0.3265504211093783,True,True,True,True,True,True,True,True
2026-07-07 17:15:00+07:00,33.0553,2.44667,0.28894374416017915,True,True,True,True,True,True,True,True
2026-07-07 17:30:00+07:00,33.03,2.42667,0.2882807930160001,True,True,True,True,True,True,True,True
2026-07-07 17:45:00+07:00,30.92,1.95333,0.23648763750400006,True,True,True,True,True,True,True,True
2026-07-08 07:15:00+07:00,42.5287,7.46667,0.6153699853529193,True,True,True,False,False,False,True,True
2026-07-08 07:30:00+07:00,45.902,5.87333,0.7737217632864639,True,True,True,False,False,False,True,True
2026-07-08 07:45:00+07:00,38.9127,3.57333,0.4713723290047311,True,True,True,False,False,False,True,True
2026-07-08 08:00:00+07:00,36.6087,3.05333,0.39250293461936403,True,True,True,False,False,False,True,True
2026-07-08 08:15:00+07:00,35.4947,2.90667,0.357750720131489,True,True,True,False,False,False,True,True
2026-07-08 08:30:00+07:00,34.1447,2.66667,0.31846366651937297,True,True,True,False,False,False,True,True
2026-07-08 08:45:00+07:00,34.748,2.88667,0.33564441533593586,True,True,True,False,False,False,True,True
2026-07-08 09:00:00+07:00,36.5127,3.22,0.3894232111064272,True,True,True,False,False,False,True,True
2026-07-08 09:15:00+07:00,37.0627,3.35333,0.40728756415745504,True,True,True,False,False,False,True,True
2026-07-08 09:30:00+07:00,37.6907,3.5,0.4283439103217171,True,True,True,False,False,False,True,True
2026-07-08 09:45:00+07:00,38.104,3.54667,0.44259009719091197,True,True,True,True,True,True,True,True
2026-07-08 10:00:00+07:00,37.9147,3.47333,0.43602647402887623,True,True,True,True,True,True,True,True
2026-07-08 10:15:00+07:00,37.8387,3.48667,0.4334096817600529,True,True,True,True,True,True,True,True
2026-07-08 10:30:00+07:00,36.9373,3.3,0.40316741781358495,True,True,True,True,True,True,True,True
2026-07-08 10:45:00+07:00,37.56,3.44667,0.42390324172800015,True,True,True,True,True,True,True,True
2026-07-08 11:00:00+07:00,37.376,3.36,0.41770382314700794,True,True,True,True,True,True,True,True
2026-07-08 11:15:00+07:00,36.9713,3.22667,0.4042817640476008,True,True,True,True,True,True,True,True
2026-07-08 11:30:00+07:00,36.354,3.0,0.3843674439189119,True,True,True,True,True,True,True,True
2026-07-08 11:45:00+07:00,35.7967,2.94,0.36696019946840064,True,True,True,True,True,True,True,True
2026-07-08 12:00:00+07:00,35.2247,2.9,0.3496486824365857,True,True,True,True,True,True,True,True
2026-07-08 12:15:00+07:00,34.6967,2.7,0.3341600291409046,True,True,True,True,True,True,True,True
2026-07-08 12:30:00+07:00,34.2367,2.67333,0.3210448288347588,True,True,True,True,True,True,True,True
2026-07-08 12:45:00+07:00,34.3827,2.67333,0.32516958798040224,True,True,True,True,True,True,True,True
2026-07-08 13:00:00+07:00,34.0107,2.63333,0.31472895423364033,True,True,True,True,True,True,True,True
2026-07-08 13:15:00+07:00,34.2293,2.67333,0.3208366996978221,True,True,True,True,True,True,True,True
2026-07-08 13:30:00+07:00,34.5387,2.72667,0.3296157447510048,True,True,True,True,True,True,True,True
2026-07-08 13:45:00+07:00,35.0,2.8,0.3429999999999999,True,True,True,True,True,True,True,True
2026-07-08 14:00:00+07:00,34.844,2.79333,0.33843401186867206,True,True,True,True,True,True,True,True
2026-07-08 14:15:00+07:00,35.3987,2.86667,0.3548558148438064,True,True,True,True,True,True,True,True
2026-07-08 14:30:00+07:00,34.6847,2.72667,0.3338134370734994,True,True,True,True,True,True,True,True
2026-07-08 14:45:00+07:00,34.8007,2.75333,0.3371738818812508,True,True,True,True,True,True,True,True
2026-07-08 15:00:00+07:00,34.8487,2.81333,0.3385709813114984,True,True,True,True,True,True,True,True
2026-07-08 15:15:00+07:00,35.1433,2.81333,0.34723029284879803,True,True,True,True,True,True,True,True
2026-07-08 15:30:00+07:00,34.8347,2.72,0.3381630961022233,True,True,True,True,True,True,True,True
2026-07-08 15:45:00+07:00,34.324,2.68,0.32350698851379195,True,True,True,True,True,True,True,True
2026-07-08 16:00:00+07:00,34.6267,2.70667,0.3321416202641293,True,True,True,True,True,True,True,True
2026-07-08 16:15:00+07:00,34.0293,2.62667,0.3152455999290701,True,True,True,True,True,True,True,True
2026-07-08 16:30:00+07:00,34.0327,2.6,0.31534010162036624,True,True,True,True,True,True,True,True
2026-07-08 16:45:00+07:00,33.902,2.62,0.31172091733446394,True,True,True,True,True,True,True,True
2026-07-08 17:00:00+07:00,33.386,2.52,0.2977029609316481,True,True,True,True,True,True,True,True
2026-07-08 17:15:00+07:00,33.4693,2.53333,0.2999368837304844,True,True,True,True,True,True,True,True
2026-07-08 17:30:00+07:00,33.2427,2.50667,0.2938859729723078,True,True,True,True,True,True,True,True
2026-07-08 17:45:00+07:00,30.712,1.76667,0.231747087233024,True,True,True,False,False,False,True,True
2026-07-09 07:15:00+07:00,13.2807,2.0,0.018739279393295546,True,True,True,False,False,False,True,True
2026-07-09 07:30:00+07:00,48.2573,7.04667,0.8990400632629323,True,True,True,False,False,False,True,True
2026-07-09 07:45:00+07:00,39.2227,3.66667,0.48272795035040883,True,True,True,False,False,False,True,True
2026-07-09 08:00:00+07:00,36.782,3.12667,0.3981035104301439,True,True,True,False,False,False,True,True
2026-07-09 08:15:00+07:00,34.8187,2.72667,0.3376973428654017,True,True,True,False,False,False,True,True
2026-07-09 08:30:00+07:00,33.1093,2.4,0.2903621368660908,True,True,True,False,False,False,True,True
2026-07-09 08:45:00+07:00,31.514,2.14,0.2503805441979519,True,True,True,True,True,True,True,True
2026-07-09 09:00:00+07:00,31.3887,2.18,0.2474058558636409,True,True,True,False,False,False,True,True
2026-07-09 09:15:00+07:00,32.0267,2.3,0.26280072685179323,True,True,True,False,False,False,True,True
2026-07-09 09:30:00+07:00,32.2573,2.29333,0.2685183851995721,True,True,True,False,False,False,True,True
2026-07-09 09:45:00+07:00,31.9027,2.25333,0.2597600187093815,True,True,True,False,False,False,True,True
2026-07-09 10:00:00+07:00,32.3907,2.34,0.2718635528161891,True,True,True,True,True,True,True,True
2026-07-09 10:15:00+07:00,32.818,2.43333,0.2827654339794559,True,True,True,True,True,True,True,True
2026-07-09 10:30:00+07:00,33.606,2.53333,0.3036270472721281,True,True,True,True,True,True,True,True
2026-07-09 10:45:00+07:00,33.5967,2.55333,0.3033750431494084,True,True,True,True,True,True,True,True
2026-07-09 11:00:00+07:00,34.3153,2.71333,0.32326105585954057,True,True,True,True,True,True,True,True
2026-07-09 11:15:00+07:00,34.9727,2.81333,0.3421980058808287,True,True,True,True,True,True,True,True
2026-07-09 11:30:00+07:00,34.8487,2.79333,0.3385709813114984,True,True,True,True,True,True,True,True
2026-07-09 11:45:00+07:00,34.7907,2.78,0.3368833041020132,True,True,True,True,True,True,True,True
2026-07-09 12:00:00+07:00,34.518,2.70667,0.329023456318656,True,True,True,True,True,True,True,True
2026-07-09 12:15:00+07:00,34.2507,2.68,0.32143883285278274,True,True,True,True,True,True,True,True
2026-07-09 12:30:00+07:00,34.1513,2.66667,0.3186483745271416,True,True,True,True,True,True,True,True
2026-07-09 12:45:00+07:00,33.6267,2.55333,0.3041884605947693,True,True,True,True,True,True,True,True
2026-07-09 13:00:00+07:00,33.62,2.57333,0.304006671424,True,True,True,True,True,True,True,True
2026-07-09 13:15:00+07:00,33.5713,2.52,0.30268748438649673,True,True,True,True,True,True,True,True
2026-07-09 13:30:00+07:00,33.6433,2.54,0.304639175792758,True,True,True,True,True,True,True,True
2026-07-09 13:45:00+07:00,33.4507,2.52,0.29943710695537473,True,True,True,True,True,True,True,True
2026-07-09 14:00:00+07:00,33.6747,2.53333,0.30549295060723786,True,True,True,True,True,True,True,True
2026-07-09 14:15:00+07:00,33.5407,2.53333,0.30186054615731317,True,True,True,True,True,True,True,True
2026-07-09 14:30:00+07:00,33.9827,2.62,0.31395227297921824,True,True,True,True,True,True,True,True
2026-07-09 14:45:00+07:00,34.004,2.60667,0.31454298905651185,True,True,True,True,True,True,True,True
2026-07-09 15:00:00+07:00,33.9167,2.58,0.3121265823101637,True,True,True,True,True,True,True,True
2026-07-09 15:15:00+07:00,32.8753,2.41333,0.2842491409585103,True,True,True,True,True,True,True,True
2026-07-09 15:30:00+07:00,33.0,2.42667,0.28749600000000003,True,True,True,True,True,True,True,True
2026-07-09 15:45:00+07:00,32.9093,2.44,0.28513197421093894,True,True,True,True,True,True,True,True
2026-07-09 16:00:00+07:00,33.1227,2.43333,0.29071482576795266,True,True,True,True,True,True,True,True
2026-07-09 16:15:00+07:00,32.958,2.46,0.28639968449529596,True,True,True,True,True,True,True,True
2026-07-09 16:30:00+07:00,32.7133,2.38,0.28006772021009296,True,True,True,True,True,True,True,True
2026-07-09 16:45:00+07:00,32.9527,2.38667,0.2862615382870895,True,True,True,True,True,True,True,True
2026-07-09 17:00:00+07:00,32.8247,2.38,0.28293865433540183,True,True,True,True,True,True,True,True
2026-07-09 17:15:00+07:00,32.3127,2.32667,0.26990425584039507,True,True,True,True,True,True,True,True
2026-07-09 17:30:00+07:00,32.5553,2.34667,0.2760292416630991,True,True,True,True,True,True,True,True
2026-07-09 17:45:00+07:00,30.148,1.7,0.21921259681433594,True,True,True,True,True,True,True,True
2026-07-10 07:15:00+07:00,3.33333,0.953333,0.00029629540740829636,False,True,True,True,False,False,False,True
2026-07-10 07:30:00+07:00,49.0429,7.21429,0.9436662345537887,True,True,True,False,False,False,True,True
2026-07-10 07:45:00+07:00,41.5587,4.60667,0.5742167393253362,True,True,True,False,False,False,True,True
2026-07-10 08:00:00+07:00,37.684,3.22667,0.42811552023603183,True,True,True,False,False,False,True,True
2026-07-10 08:15:00+07:00,36.442,3.05333,0.3871654533031041,True,True,True,False,False,False,True,True
2026-07-10 08:30:00+07:00,35.6407,2.89333,0.3621835010924092,True,True,True,False,False,False,True,True
2026-07-10 08:45:00+07:00,35.0533,2.82,0.34456940755895543,True,True,True,False,False,False,True,True
2026-07-10 09:00:00+07:00,36.144,3.08667,0.37774491579187197,True,True,True,False,False,False,True,True
2026-07-10 09:15:00+07:00,36.4467,3.15333,0.38731527320828446,True,True,True,False,False,False,True,True
2026-07-10 09:30:00+07:00,37.0673,3.24667,0.40743923324808984,True,True,True,False,False,False,True,True
2026-07-10 09:45:00+07:00,37.016,3.3,0.405749923360768,True,True,True,True,True,True,True,True
2026-07-10 10:00:00+07:00,37.3447,3.32,0.4166553013166851,True,True,True,False,False,False,True,True
2026-07-10 10:15:00+07:00,37.386,3.37333,0.4180391845476481,True,True,True,False,False,False,True,True
2026-07-10 10:30:00+07:00,36.708,3.13333,0.3957055632552959,True,True,True,False,False,False,True,True
2026-07-10 10:45:00+07:00,36.876,3.25333,0.40116349463500794,True,True,True,True,True,True,True,True
2026-07-10 11:00:00+07:00,37.44,3.35333,0.41985323827199983,True,True,True,True,True,True,True,True
2026-07-10 11:15:00+07:00,36.9277,3.24545,0.40285315001005556,True,True,True,True,True,True,True,True
2026-07-10 11:30:00+07:00,37.72,3.44,0.4293436451839999,True,True,True,True,True,True,True,True
2026-07-10 11:45:00+07:00,36.9627,3.21333,0.403999706250359,True,True,True,True,True,True,True,True
2026-07-10 12:00:00+07:00,36.3793,3.08,0.3851704861299062,True,True,True,False,False,False,True,True
2026-07-10 12:15:00+07:00,35.582,2.87333,0.3603969052589441,True,True,True,False,False,False,True,True
2026-07-10 12:30:00+07:00,34.6,2.70667,0.33137388800000006,True,True,True,False,False,False,True,True
2026-07-10 12:45:00+07:00,34.0693,2.58667,0.31635858069434036,True,True,True,True,True,True,True,True
2026-07-10 13:00:00+07:00,33.6667,2.55333,0.3052752771268237,True,True,True,True,True,True,True,True
2026-07-10 13:15:00+07:00,33.7453,2.56667,0.30741840664206943,True,True,True,True,True,True,True,True
2026-07-10 13:30:00+07:00,34.0127,2.66667,0.3147844804290271,True,True,True,True,True,True,True,True
2026-07-10 13:45:00+07:00,34.5287,2.72667,0.32932952640443924,True,True,True,True,True,True,True,True
2026-07-10 14:00:00+07:00,34.428,2.65333,0.32645653736601593,True,True,True,True,True,True,True,True
2026-07-10 14:15:00+07:00,34.2867,2.66,0.322453465989027,True,True,True,True,True,True,True,True
2026-07-10 14:30:00+07:00,34.468,2.74667,0.3275957356098561,True,True,True,True,True,True,True,True
2026-07-10 14:45:00+07:00,34.4787,2.67333,0.3279009197780113,True,True,True,True,True,True,True,True
2026-07-10 15:00:00+07:00,34.276,2.63333,0.322151671812608,True,True,True,True,True,True,True,True
2026-07-10 15:15:00+07:00,34.058,2.64667,0.316043898584896,True,True,True,True,True,True,True,True
2026-07-10 15:30:00+07:00,34.398,2.66,0.32560387402233604,True,True,True,True,True,True,True,True
2026-07-10 15:45:00+07:00,34.0253,2.62,0.3151344456429943,True,True,True,True,True,True,True,True
2026-07-10 16:00:00+07:00,33.6573,2.54667,0.30501964294211614,True,True,True,False,False,False,True,True
2026-07-10 16:15:00+07:00,34.2347,2.65333,0.32098856884332727,True,True,True,False,False,False,True,True
2026-07-10 16:30:00+07:00,33.5173,2.54,0.30122919887058175,True,True,True,False,False,False,True,True
2026-07-10 16:45:00+07:00,33.57,2.55333,0.30265232234399997,True,True,True,True,True,True,True,True
2026-07-10 17:00:00+07:00,34.328,2.71333,0.32362010284441606,True,True,True,True,True,True,True,True
2026-07-10 17:15:00+07:00,33.5307,2.54667,0.3015906317934356,True,True,True,True,True,True,True,True
2026-07-10 17:30:00+07:00,33.2507,2.46,0.29409819884102273,True,True,True,True,True,True,True,True
2026-07-10 17:45:00+07:00,31.1267,1.85333,0.24126216842136933,True,True,True,True,True,True,True,True
2026-07-11 11:30:00+07:00,50.0,5.92667,1.0,True,True,False,False,False,False,False,True
2026-07-11 11:45:00+07:00,38.6013,2.78,0.46014613631763357,True,True,False,False,False,False,False,True
2026-07-13 06:45:00+07:00,10.7143,2.27857,0.009839689504425656,True,True,True,True,True,True,True,True
2026-07-13 07:00:00+07:00,49.9923,7.74615,0.9995380711443478,True,True,True,False,False,False,True,True
2026-07-13 07:15:00+07:00,48.4335,6.71923,0.9089239541463631,True,True,True,False,False,False,True,True
2026-07-13 07:30:00+07:00,43.0381,4.70385,0.6377482241039708,True,True,True,False,False,False,True,True
2026-07-13 07:45:00+07:00,40.7119,4.15769,0.5398263758821293,True,True,True,True,True,True,True,True
2026-07-13 08:00:00+07:00,39.3435,3.76923,0.4872018889887029,True,True,True,True,True,True,True,True
2026-07-13 08:15:00+07:00,38.3023,3.61923,0.44953607319066535,True,True,True,True,True,True,True,True
2026-07-13 08:30:00+07:00,39.8331,3.99615,0.5056177441927895,True,True,True,True,True,True,True,True
2026-07-13 08:45:00+07:00,40.7957,4.25714,0.5431667232567717,True,True,True,True,True,True,True,True
2026-07-13 09:00:00+07:00,41.2346,4.33077,0.5608869622591819,True,True,True,False,False,False,True,True
2026-07-13 09:15:00+07:00,41.67,4.53077,0.5788426037040001,True,True,True,False,False,False,True,True
2026-07-13 09:30:00+07:00,43.3792,5.05,0.6530322094138326,True,True,True,False,False,False,True,True
2026-07-13 09:45:00+07:00,43.9369,5.15769,0.6785443241702434,True,True,True,True,True,True,True,True
2026-07-13 10:00:00+07:00,44.6808,5.43846,0.7135966595483688,True,True,True,True,True,True,True,True
2026-07-13 10:15:00+07:00,44.0038,5.18846,0.6816485784490789,True,True,True,True,True,True,True,True
2026-07-13 10:30:00+07:00,43.9854,5.17692,0.6807938506720628,True,True,True,True,True,True,True,True
2026-07-13 10:45:00+07:00,43.8279,5.14643,0.673506781862333,True,True,True,True,True,True,True,True
2026-07-13 11:00:00+07:00,42.8296,4.87692,0.6285242553350268,True,True,True,True,True,True,True,True
2026-07-13 11:15:00+07:00,43.0285,4.88846,0.6373215544271932,True,True,True,True,True,True,True,True
2026-07-13 11:30:00+07:00,42.9696,4.88077,0.6347079231083644,True,True,True,True,True,True,True,True
2026-07-13 11:45:00+07:00,42.5346,4.75,0.6156261314345739,True,True,True,True,True,True,True,True
2026-07-13 12:00:00+07:00,41.1923,4.33462,0.5591625957102999,True,True,True,True,True,True,True,True
2026-07-13 12:15:00+07:00,40.0508,3.95385,0.5139531984631722,True,True,True,True,True,True,True,True
2026-07-13 12:30:00+07:00,38.5927,3.6,0.45983865637274396,True,True,True,True,True,True,True,True
2026-07-13 12:45:00+07:00,38.6189,3.67143,0.460775824829354,True,True,True,True,True,True,True,True
2026-07-13 13:00:00+07:00,39.1631,3.72692,0.48053073621674075,True,True,True,True,True,True,True,True
2026-07-13 13:15:00+07:00,39.9469,3.99615,0.5099636656278297,True,True,True,True,True,True,True,True
2026-07-13 13:30:00+07:00,41.035,4.29231,0.5527812457429999,True,True,True,True,True,True,True,True
2026-07-13 13:45:00+07:00,41.3731,4.41154,0.5665577382471751,True,True,True,True,True,True,True,True
2026-07-13 14:00:00+07:00,41.8085,4.54615,0.5846335654461131,True,True,True,True,True,True,True,True
2026-07-13 14:15:00+07:00,41.3738,4.30385,0.5665864958549064,True,True,True,True,True,True,True,True
2026-07-13 14:30:00+07:00,40.6285,4.13077,0.536515597881593,True,True,True,True,True,True,True,True
2026-07-13 14:45:00+07:00,39.6621,3.88929,0.4991339407119285,True,True,True,True,True,True,True,True
2026-07-13 15:00:00+07:00,39.1354,3.73462,0.4795118212962388,True,True,True,True,True,True,True,True
2026-07-13 15:15:00+07:00,39.4838,3.84615,0.4924326235591079,True,True,True,True,True,True,True,True
2026-07-13 15:30:00+07:00,39.5762,3.83846,0.49589789324472583,True,True,True,True,True,True,True,True
2026-07-13 15:45:00+07:00,39.34,3.77308,0.4870718760320001,True,True,True,True,True,True,True,True
2026-07-13 16:00:00+07:00,39.4112,3.79615,0.4897212649953035,True,True,True,True,True,True,True,True
2026-07-13 16:15:00+07:00,38.9165,3.63462,0.4715104373685369,True,True,True,True,True,True,True,True
2026-07-13 16:30:00+07:00,37.8538,3.48077,0.4339287612897349,True,True,True,True,True,True,True,True
2026-07-13 16:45:00+07:00,37.2311,3.275,0.41286454594172983,True,True,True,True,True,True,True,True
2026-07-13 17:00:00+07:00,36.7969,3.19231,0.3985875090313136,True,True,True,True,True,True,True,True
2026-07-13 17:15:00+07:00,35.9973,2.96923,0.37316402549840266,True,True,True,True,True,True,True,True
2026-07-13 17:30:00+07:00,35.7919,2.93077,0.3668126015518604,True,True,True,True,True,True,True,True
2026-07-13 17:45:00+07:00,33.2712,2.09231,0.29464249392934505,True,True,True,False,False,False,True,True
2026-07-14 07:15:00+07:00,45.8504,7.60769,0.7711153945120647,True,True,True,False,False,False,True,True
2026-07-14 07:30:00+07:00,48.3854,6.85769,0.9062186465577586,True,True,True,False,False,False,True,True
2026-07-14 07:45:00+07:00,42.9408,4.70769,0.6334325559286825,True,True,True,False,False,False,True,True
2026-07-14 08:00:00+07:00,39.2146,3.67308,0.48242894322182506,True,True,True,False,False,False,True,True
2026-07-14 08:15:00+07:00,35.7977,2.93077,0.36699095401707066,True,True,True,False,False,False,True,True
2026-07-14 08:30:00+07:00,34.2077,2.66154,0.3202297021408843,True,True,True,False,False,False,True,True
2026-07-14 08:45:00+07:00,33.0664,2.50357,0.2892349246383596,True,True,True,False,False,False,True,True
2026-07-14 09:00:00+07:00,35.3354,2.92308,0.3529555560960469,True,True,True,False,False,False,True,True
2026-07-14 09:15:00+07:00,38.1538,3.57692,0.44432769475370293,True,True,True,False,False,False,True,True
2026-07-14 09:30:00+07:00,39.9754,3.99615,0.5110559408345045,True,True,True,False,False,False,True,True
2026-07-14 09:45:00+07:00,39.695,3.92308,0.5003770770190001,True,True,True,True,True,True,True,True
2026-07-14 10:00:00+07:00,40.9681,4.37308,0.550082027468546,True,True,True,True,True,True,True,True
2026-07-14 10:15:00+07:00,42.2135,4.68462,0.6017887607624831,True,True,True,True,True,True,True,True
2026-07-14 10:30:00+07:00,42.075,4.65,0.5958848733750001,True,True,True,True,True,True,True,True
2026-07-14 10:45:00+07:00,41.8282,4.56786,0.5854603859961743,True,True,True,True,True,True,True,True
2026-07-14 11:00:00+07:00,41.3762,4.41538,0.5666851007549337,True,True,True,True,True,True,True,True
2026-07-14 11:15:00+07:00,41.9215,4.58846,0.589386831678107,True,True,True,True,True,True,True,True
2026-07-14 11:30:00+07:00,40.9535,4.28462,0.5494941308496429,True,True,True,True,True,True,True,True
2026-07-14 11:45:00+07:00,41.17,4.40769,0.5582549569040001,True,True,True,True,True,True,True,True
2026-07-14 12:00:00+07:00,40.6931,4.10385,0.5390788757588199,True,True,True,True,True,True,True,True
2026-07-14 12:15:00+07:00,39.3615,3.78462,0.48787089251906696,True,True,True,True,True,True,True,True
2026-07-14 12:30:00+07:00,39.0054,3.76923,0.47474914889501973,True,True,True,True,True,True,True,True
2026-07-14 12:45:00+07:00,37.87,3.39643,0.43448611522399994,True,True,True,True,True,True,True,True
2026-07-14 13:00:00+07:00,38.1508,3.51923,0.44422289169798795,True,True,True,True,True,True,True,True
2026-07-14 13:15:00+07:00,38.3215,3.56538,0.4502124362197071,True,True,True,True,True,True,True,True
2026-07-14 13:30:00+07:00,38.2446,3.51923,0.4475075388676203,True,True,True,True,True,True,True,True
2026-07-14 13:45:00+07:00,38.2892,3.53846,0.44907498531741036,True,True,True,True,True,True,True,True
2026-07-14 14:00:00+07:00,38.2169,3.53077,0.4465358736298626,True,True,True,True,True,True,True,True
2026-07-14 14:15:00+07:00,38.2215,3.52308,0.4466971357103069,True,True,True,True,True,True,True,True
2026-07-14 14:30:00+07:00,38.1469,3.48462,0.4440866723646777,True,True,True,True,True,True,True,True
2026-07-14 14:45:00+07:00,37.6321,3.375,0.42634909881059335,True,True,True,True,True,True,True,True
2026-07-14 15:00:00+07:00,38.0546,3.50385,0.44087093772009067,True,True,True,True,True,True,True,True
2026-07-14 15:15:00+07:00,37.3538,3.30769,0.4169599619964549,True,True,True,True,True,True,True,True
2026-07-14 15:30:00+07:00,37.0446,3.24231,0.40669114468381246,True,True,True,True,True,True,True,True
2026-07-14 15:45:00+07:00,37.2685,3.28077,0.41411000877215315,True,True,True,True,True,True,True,True
2026-07-14 16:00:00+07:00,36.3765,3.11538,0.38508155690177703,True,True,True,True,True,True,True,True
2026-07-14 16:15:00+07:00,35.8969,2.96538,0.3700503528157378,True,True,True,True,True,True,True,True
2026-07-14 16:30:00+07:00,36.0031,2.96923,0.3733444307032785,True,True,True,True,True,True,True,True
2026-07-14 16:45:00+07:00,35.5268,2.84643,0.35872220489447076,True,True,True,True,True,True,True,True
2026-07-14 17:00:00+07:00,35.3996,2.88077,0.35488288179993543,True,True,True,True,True,True,True,True
2026-07-14 17:15:00+07:00,35.3946,2.87308,0.3547325272370762,True,True,True,True,True,True,True,True
2026-07-14 17:30:00+07:00,34.6362,2.65385,0.3324150691768794,True,True,True,True,True,True,True,True
2026-07-14 17:45:00+07:00,34.0112,1.95769,0.3147428351702795,True,True,True,True,True,True,True,True
2026-07-15 07:15:00+07:00,49.7746,6.95833,0.9865368745801356,True,True,True,False,False,False,True,True
2026-07-15 07:30:00+07:00,48.7392,7.03636,0.9262435064587222,True,True,True,False,False,False,True,True
2026-07-15 07:45:00+07:00,44.8017,5.31667,0.719405026339367,True,True,True,False,False,False,True,True
2026-07-15 08:00:00+07:00,42.3231,4.73462,0.606488260195483,True,True,True,False,False,False,True,True
2026-07-15 08:15:00+07:00,41.9454,4.60385,0.5903954581071093,True,True,True,False,False,False,True,True
2026-07-15 08:30:00+07:00,41.7346,4.53846,0.5815388767051018,True,True,True,False,False,False,True,True
2026-07-15 08:45:00+07:00,42.3936,4.70357,0.6095240977427988,True,True,True,True,True,True,True,True
2026-07-15 09:00:00+07:00,42.5454,4.75,0.6160951931318133,True,True,True,True,True,True,True,True
2026-07-15 09:15:00+07:00,42.6938,4.79615,0.6225645978394055,True,True,True,True,True,True,True,True
2026-07-15 09:30:00+07:00,42.0215,4.59615,0.593614690027507,True,True,True,True,True,True,True,True
2026-07-15 09:45:00+07:00,41.9154,4.64167,0.5891295839733139,True,True,True,True,True,True,True,True
2026-07-15 10:00:00+07:00,41.845,4.52917,0.586166107409,True,True,True,True,True,True,True,True
2026-07-15 10:15:00+07:00,40.9031,4.29231,0.5474678984974145,True,True,True,True,True,True,True,True
2026-07-15 10:30:00+07:00,41.1246,4.225,0.5564101546329195,True,True,True,True,True,True,True,True
2026-07-15 10:45:00+07:00,40.7293,4.21429,0.5405188265422621,True,True,True,True,True,True,True,True
2026-07-15 11:00:00+07:00,40.5612,4.13929,0.5338538416014473,True,True,True,True,True,True,True,True
2026-07-15 11:15:00+07:00,40.5893,4.17333,0.5349641407012556,True,True,True,True,True,True,True,True
2026-07-15 11:30:00+07:00,40.1607,4.06667,0.5181957047103644,True,True,True,True,True,True,True,True
2026-07-15 11:45:00+07:00,39.738,3.89333,0.5020049543621761,True,True,True,True,True,True,True,True
2026-07-15 12:00:00+07:00,38.4167,3.59333,0.45357609271028365,True,True,True,True,True,True,True,True
2026-07-15 12:15:00+07:00,36.8347,3.24,0.3998171308585433,True,True,True,True,True,True,True,True
2026-07-15 12:30:00+07:00,36.1553,3.02,0.37809931919407486,True,True,True,True,True,True,True,True
2026-07-15 12:45:00+07:00,35.194,2.82667,0.34873527265107207,True,True,True,True,True,True,True,True
2026-07-15 13:00:00+07:00,35.084,2.82,0.3454755317816321,True,True,True,True,True,True,True,True
2026-07-15 13:15:00+07:00,35.832,2.99333,0.3680468756029441,True,True,True,True,True,True,True,True
2026-07-15 13:30:00+07:00,36.4893,3.12667,0.38867497848343974,True,True,True,True,True,True,True,True
2026-07-15 13:45:00+07:00,36.9227,3.24,0.40268953356240056,True,True,True,True,True,True,True,True
2026-07-15 14:00:00+07:00,38.0613,3.50667,0.4411038416560513,True,True,True,True,True,True,True,True
2026-07-15 14:15:00+07:00,38.5093,3.62,0.45686391812319493,True,True,True,True,True,True,True,True
2026-07-15 14:30:00+07:00,38.3927,3.52667,0.45272653819695174,True,True,True,True,True,True,True,True
2026-07-15 14:45:00+07:00,37.4567,3.34,0.42041531175153807,True,True,True,True,True,True,True,True
2026-07-15 15:00:00+07:00,36.9107,3.19333,0.40229703485014423,True,True,True,True,True,True,True,True
2026-07-15 15:15:00+07:00,35.758,2.92667,0.365771317916096,True,True,True,True,True,True,True,True
2026-07-15 15:30:00+07:00,36.2493,3.06,0.3810560491762971,True,True,True,True,True,True,True,True
2026-07-15 15:45:00+07:00,36.236,3.01333,0.3806367704980479,True,True,True,True,True,True,True,True
2026-07-15 16:00:00+07:00,36.366,3.13333,0.38474819420716794,True,True,True,True,True,True,True,True
2026-07-15 16:15:00+07:00,36.1567,3.00667,0.37814324300697016,True,True,True,True,True,True,True,True
2026-07-15 16:30:00+07:00,35.9087,2.96667,0.3704154007477722,True,True,True,True,True,True,True,True
2026-07-15 16:45:00+07:00,36.1607,3.02667,0.3782687583593244,True,True,True,True,True,True,True,True
2026-07-15 17:00:00+07:00,36.1533,3.04667,0.3780365767904515,True,True,True,True,True,True,True,True
2026-07-15 17:15:00+07:00,34.4987,2.66667,0.3284718655993024,True,True,True,True,True,True,True,True
2026-07-15 17:30:00+07:00,33.31,2.48,0.295674509528,True,True,True,True,True,True,True,True
2026-07-15 17:45:00+07:00,32.9713,1.9,0.2867465489733607,True,True,True,True,True,True,True,True
2026-07-16 07:15:00+07:00,9.92267,2.77333,0.007815839483512785,True,True,True,False,False,False,True,True
2026-07-16 07:30:00+07:00,49.45,7.48,0.9673616690000003,True,True,True,False,False,False,True,True
2026-07-16 07:45:00+07:00,47.5513,6.38,0.8601558962066453,True,True,True,False,False,False,True,True
2026-07-16 08:00:00+07:00,41.6307,4.22667,0.5772063858214914,True,True,True,False,False,False,True,True
2026-07-16 08:15:00+07:00,38.43,3.52,0.4540473448559999,True,True,True,False,False,False,True,True
2026-07-16 08:30:00+07:00,37.078,3.18667,0.4077921743884162,True,True,True,False,False,False,True,True
2026-07-16 08:45:00+07:00,35.4787,2.90667,0.3572671466665713,True,True,True,False,False,False,True,True
2026-07-16 09:00:00+07:00,35.2227,2.84,0.3495891284025687,True,True,True,False,False,False,True,True
2026-07-16 09:15:00+07:00,35.5913,2.89333,0.3606795678962679,True,True,True,False,False,False,True,True
2026-07-16 09:30:00+07:00,35.224,2.84,0.3496278377553918,True,True,True,False,False,False,True,True
2026-07-16 09:45:00+07:00,35.4707,2.92,0.3570255234322499,True,True,True,True,True,True,True,True
2026-07-16 10:00:00+07:00,36.7247,3.20667,0.39624587787982574,True,True,True,True,True,True,True,True
2026-07-16 10:15:00+07:00,37.2633,3.36,0.4139366931084811,True,True,True,True,True,True,True,True
2026-07-16 10:30:00+07:00,38.2733,3.56667,0.44851576802421467,True,True,True,True,True,True,True,True
2026-07-16 10:45:00+07:00,39.088,3.74,0.477771605835776,True,True,True,True,True,True,True,True
2026-07-16 11:00:00+07:00,38.77,3.64,0.46620549706400016,True,True,True,True,True,True,True,True
2026-07-16 11:15:00+07:00,38.378,3.58,0.45220671028921605,True,True,True,True,True,True,True,True
2026-07-16 11:30:00+07:00,38.5567,3.64,0.4585530178166341,True,True,True,True,True,True,True,True
2026-07-16 11:45:00+07:00,37.8573,3.45333,0.4340491368737483,True,True,True,True,True,True,True,True
2026-07-16 12:00:00+07:00,35.872,2.96667,0.36928082699878395,True,True,True,True,True,True,True,True
2026-07-16 12:15:00+07:00,35.4133,2.84667,0.35529507097656504,True,True,True,True,True,True,True,True
2026-07-16 12:30:00+07:00,34.8213,2.78667,0.3377729986471968,True,True,True,True,True,True,True,True
2026-07-16 12:45:00+07:00,34.5633,2.7,0.330320547534009,True,True,True,True,True,True,True,True
2026-07-16 13:00:00+07:00,34.896,2.80667,0.339951476441088,True,True,True,True,True,True,True,True
2026-07-16 13:15:00+07:00,35.3933,2.87333,0.35469344200813807,True,True,True,True,True,True,True,True
2026-07-16 13:30:00+07:00,35.6607,2.97333,0.36279356786544437,True,True,True,True,True,True,True,True
2026-07-16 13:45:00+07:00,36.1427,3.05333,0.37770415792929185,True,True,True,True,True,True,True,True
2026-07-16 14:00:00+07:00,35.7913,3.0,0.3667941545955799,True,True,True,False,False,False,True,True
2026-07-16 14:15:00+07:00,35.8407,2.95333,0.3683150257475611,True,True,True,False,False,False,True,True
2026-07-16 14:30:00+07:00,35.4393,2.85333,0.3560782051962917,True,True,True,False,False,False,True,True
2026-07-16 14:45:00+07:00,34.6513,2.70667,0.33285001782742163,True,True,True,True,True,True,True,True
2026-07-16 15:00:00+07:00,34.698,2.7,0.33419759101113605,True,True,True,True,True,True,True,True
2026-07-16 15:15:00+07:00,34.3553,2.69333,0.32439281230058703,True,True,True,True,True,True,True,True
2026-07-16 15:30:00+07:00,34.4687,2.68667,0.32761569513800554,True,True,True,True,True,True,True,True
2026-07-16 15:45:00+07:00,34.9847,2.73333,0.34255037660694726,True,True,True,True,True,True,True,True
2026-07-16 16:00:00+07:00,33.592,2.52,0.30324773928550397,True,True,True,False,False,False,True,True
2026-07-16 16:15:00+07:00,33.0067,2.42667,0.2876711467552861,True,True,True,False,False,False,True,True
2026-07-16 16:30:00+07:00,33.0287,2.48,0.2882467557515992,True,True,True,False,False,False,True,True
2026-07-16 16:45:00+07:00,33.042,2.41333,0.28859510968070395,True,True,True,True,True,True,True,True
2026-07-16 17:00:00+07:00,32.6433,2.32667,0.27827369575539795,True,True,True,True,True,True,True,True
2026-07-16 17:15:00+07:00,32.614,2.34667,0.27752504873235195,True,True,True,True,True,True,True,True
2026-07-16 17:30:00+07:00,32.1753,2.3,0.26647581660499825,True,True,True,True,True,True,True,True
2026-07-16 17:45:00+07:00,29.7253,1.72667,0.2101206454337062,True,True,True,True,True,True,True,True
2026-07-17 07:15:00+07:00,9.82933,2.69333,0.007597343009190082,True,True,True,False,False,False,True,True
2026-07-17 07:30:00+07:00,49.452,7.28,0.9674790482672637,True,True,True,False,False,False,True,True
2026-07-17 07:45:00+07:00,43.7013,4.89333,0.6676872081004898,True,True,True,False,False,False,True,True
2026-07-17 08:00:00+07:00,38.26,3.34667,0.448048351808,True,True,True,False,False,False,True,True
2026-07-17 08:15:00+07:00,35.7007,2.85333,0.36401575585183465,True,True,True,False,False,False,True,True
2026-07-17 08:30:00+07:00,33.9347,2.6,0.3126237940698794,True,True,True,False,False,False,True,True
2026-07-17 08:45:00+07:00,32.454,2.30667,0.273460549701312,True,True,True,False,False,False,True,True
2026-07-17 09:00:00+07:00,31.464,2.18667,0.24919067540275194,True,True,True,False,False,False,True,True
2026-07-17 09:15:00+07:00,33.3507,2.50667,0.2967596487301989,True,True,True,False,False,False,True,True
2026-07-17 09:30:00+07:00,34.158,2.69333,0.318835954178496,True,True,True,False,False,False,True,True
2026-07-17 09:45:00+07:00,35.4387,2.94667,0.3560601199091087,True,True,True,False,False,False,True,True
2026-07-17 10:00:00+07:00,36.378,3.08667,0.385129195857216,True,True,True,True,True,True,True,True
2026-07-17 10:15:00+07:00,36.4753,3.15333,0.3882277765182862,True,True,True,True,True,True,True,True
2026-07-17 10:30:00+07:00,36.5207,3.10667,0.38967923722819797,True,True,True,True,True,True,True,True
2026-07-17 10:45:00+07:00,36.9527,3.21333,0.40367189706692946,True,True,True,True,True,True,True,True
2026-07-17 11:00:00+07:00,37.3307,3.34,0.41618688242052354,True,True,True,True,True,True,True,True
2026-07-17 11:15:00+07:00,37.532,3.35333,0.422955921862144,True,True,True,True,True,True,True,True
2026-07-17 11:30:00+07:00,37.8107,3.48667,0.4324482459871282,True,True,True,True,True,True,True,True
2026-07-17 11:45:00+07:00,38.1507,3.48,0.4442193985466467,True,True,True,True,True,True,True,True
2026-07-17 12:00:00+07:00,31.06,2.03333,0.23971452012799996,True,True,True,True,True,True,True,True
2026-07-17 12:15:00+07:00,30.0,1.9,0.21599999999999997,True,True,True,True,True,True,True,True
2026-07-17 12:30:00+07:00,30.0,1.9,0.21599999999999997,True,True,True,True,True,True,True,True
2026-07-17 12:45:00+07:00,30.0,1.91333,0.21599999999999997,True,True,True,True,True,True,True,True
2026-07-17 13:00:00+07:00,34.0,2.70667,0.31443200000000004,True,True,True,True,True,True,True,True
2026-07-17 13:15:00+07:00,35.0,2.85333,0.3429999999999999,True,True,True,True,True,True,True,True
2026-07-17 13:30:00+07:00,35.0,2.88,0.3429999999999999,True,True,True,True,True,True,True,True
2026-07-17 13:45:00+07:00,35.0,2.9,0.3429999999999999,True,True,True,True,True,True,True,True
2026-07-17 14:00:00+07:00,34.3333,2.68,0.3237700199416563,True,True,True,True,True,True,True,True
2026-07-17 14:15:00+07:00,30.0,1.9,0.21599999999999997,True,True,True,True,True,True,True,True
2026-07-17 14:30:00+07:00,30.0,1.9,0.21599999999999997,True,True,True,True,True,True,True,True
2026-07-17 14:45:00+07:00,30.0,1.9,0.21599999999999997,True,True,True,True,True,True,True,True
2026-07-17 15:00:00+07:00,30.0,1.9,0.21599999999999997,True,True,True,True,True,True,True,True
2026-07-17 15:15:00+07:00,30.0,1.9,0.21599999999999997,True,True,True,True,True,True,True,True
2026-07-17 15:30:00+07:00,30.0,1.9,0.21599999999999997,True,True,True,True,True,True,True,True
2026-07-17 15:45:00+07:00,30.0,1.9,0.21599999999999997,True,True,True,True,True,True,True,True
2026-07-17 16:00:00+07:00,30.0,1.9,0.21599999999999997,True,True,True,True,True,True,True,True
2026-07-17 16:15:00+07:00,30.0,1.9,0.21599999999999997,True,True,True,True,True,True,True,True
2026-07-17 16:30:00+07:00,30.0,1.9,0.21599999999999997,True,True,True,True,True,True,True,True
2026-07-17 16:45:00+07:00,30.0,1.9,0.21599999999999997,True,True,True,True,True,True,True,True
2026-07-17 17:00:00+07:00,30.0,1.9,0.21599999999999997,True,True,True,True,True,True,True,True
2026-07-17 17:15:00+07:00,30.0,1.9,0.21599999999999997,True,True,True,True,True,True,True,True
2026-07-17 17:30:00+07:00,30.0,1.9,0.21599999999999997,True,True,True,True,True,True,True,True
2026-07-17 17:45:00+07:00,30.0,1.39333,0.21599999999999997,True,True,True,True,True,True,True,True
2026-07-20 06:45:00+07:00,13.3333,2.78,0.0189628207410963,True,True,True,True,True,True,True,True
2026-07-20 07:00:00+07:00,50.0,7.82,1.0,True,True,True,False,False,False,True,True
2026-07-20 07:15:00+07:00,48.3347,6.8,0.9033729229073832,True,True,True,False,False,False,True,True
2026-07-20 07:30:00+07:00,42.8267,4.80667,0.6283965915048814,True,True,True,False,False,False,True,True
2026-07-20 07:45:00+07:00,41.5027,4.51333,0.5718986090609974,True,True,True,True,True,True,True,True
2026-07-20 08:00:00+07:00,41.1813,4.46,0.5587147586491583,True,True,True,True,True,True,True,True
2026-07-20 08:15:00+07:00,42.0533,4.68,0.5949633736284754,True,True,True,True,True,True,True,True
2026-07-20 08:30:00+07:00,42.3807,4.76667,0.6089678485563115,True,True,True,True,True,True,True,True
2026-07-20 08:45:00+07:00,42.8193,4.85333,0.6280709069672404,True,True,True,True,True,True,True,True
2026-07-20 09:00:00+07:00,42.3833,4.74667,0.6090799335532041,True,True,True,False,False,False,True,True
2026-07-20 09:15:00+07:00,43.6487,5.16,0.6652791727084262,True,True,True,False,False,False,True,True
2026-07-20 09:30:00+07:00,45.2113,5.66667,0.7393174749776551,True,True,True,False,False,False,True,True
2026-07-20 09:45:00+07:00,44.5313,5.41333,0.7064576103542345,True,True,True,True,True,True,True,True
2026-07-20 10:00:00+07:00,44.5673,5.47333,0.7081723395202899,True,True,True,True,True,True,True,True
2026-07-20 10:15:00+07:00,44.678,5.46667,0.7134625116300158,True,True,True,True,True,True,True,True
2026-07-20 10:30:00+07:00,43.9287,5.22,0.6781644822769032,True,True,True,True,True,True,True,True
2026-07-20 10:45:00+07:00,44.4847,5.49333,0.7042421021794674,True,True,True,True,True,True,True,True
2026-07-20 11:00:00+07:00,44.2773,5.38,0.6944378392107512,True,True,True,True,True,True,True,True
2026-07-20 11:15:00+07:00,43.6213,5.05333,0.6640270935705246,True,True,True,True,True,True,True,True
2026-07-20 11:30:00+07:00,42.7073,4.80667,0.623155359022704,True,True,True,True,True,True,True,True
2026-07-20 11:45:00+07:00,41.748,4.55333,0.5820992120079358,True,True,True,True,True,True,True,True
2026-07-20 12:00:00+07:00,41.3547,4.38667,0.5658021729009466,True,True,True,True,True,True,True,True
2026-07-20 12:15:00+07:00,40.5487,4.18,0.5333604304066903,True,True,True,True,True,True,True,True
2026-07-20 12:30:00+07:00,39.4673,3.80667,0.49181552920719374,True,True,True,True,True,True,True,True
2026-07-20 12:45:00+07:00,38.2927,3.58,0.44919814585305595,True,True,True,True,True,True,True,True
2026-07-20 13:00:00+07:00,38.168,3.56,0.44482398622105607,True,True,True,True,True,True,True,True
2026-07-20 13:15:00+07:00,38.9053,3.78667,0.47110345853801494,True,True,True,True,True,True,True,True
2026-07-20 13:30:00+07:00,40.418,4.09333,0.5282195193170559,True,True,True,True,True,True,True,True
2026-07-20 13:45:00+07:00,40.4167,4.09333,0.5281685521770036,True,True,True,True,True,True,True,True
2026-07-20 14:00:00+07:00,39.794,3.90667,0.5041302686254718,True,True,True,True,True,True,True,True
2026-07-20 14:15:00+07:00,39.312,3.76,0.48603260495462386,True,True,True,True,True,True,True,True
2026-07-20 14:30:00+07:00,39.138,3.78667,0.479607398208576,True,True,True,True,True,True,True,True
2026-07-20 14:45:00+07:00,38.4367,3.56,0.454284866137271,True,True,True,True,True,True,True,True
2026-07-20 15:00:00+07:00,38.1607,3.51333,0.44456880433484425,True,True,True,True,True,True,True,True
2026-07-20 15:15:00+07:00,37.9593,3.49333,0.4375670109795269,True,True,True,True,True,True,True,True
2026-07-20 15:30:00+07:00,37.756,3.44667,0.43057411661772804,True,True,True,True,True,True,True,True
2026-07-20 15:45:00+07:00,38.0953,3.50667,0.44228700659026554,True,True,True,True,True,True,True,True
2026-07-20 16:00:00+07:00,38.062,3.53333,0.44112817963462386,True,True,True,True,True,True,True,True
2026-07-20 16:15:00+07:00,37.7613,3.46667,0.4307554676486831,True,True,True,True,True,True,True,True
2026-07-20 16:30:00+07:00,37.714,3.43333,0.4291387948027519,True,True,True,True,True,True,True,True
2026-07-20 16:45:00+07:00,37.8193,3.45333,0.4327433926684405,True,True,True,True,True,True,True,True
2026-07-20 17:00:00+07:00,37.818,3.30667,0.43269876885945585,True,True,True,True,True,True,True,True
2026-07-20 17:15:00+07:00,35.556,2.84,0.35960744927692795,True,True,True,False,False,False,True,True
2026-07-20 17:30:00+07:00,35.304,2.86667,0.35201545419571206,True,True,True,False,False,False,True,True
2026-07-20 17:45:00+07:00,35.2907,2.10667,0.3516177619798932,True,True,True,False,False,False,True,True
2026-07-21 07:15:00+07:00,39.6293,6.84667,0.4978966342221261,True,True,True,False,False,False,True,True
2026-07-21 07:30:00+07:00,49.1956,7.2,0.9525083072756065,True,True,True,False,False,False,True,True
2026-07-21 07:45:00+07:00,41.326,4.2,0.5646249967518081,True,True,True,False,False,False,True,True
2026-07-21 08:00:00+07:00,38.9427,3.65333,0.47246339245437996,True,True,True,False,False,False,True,True
2026-07-21 08:15:00+07:00,37.9247,3.52,0.43637157090641776,True,True,True,False,False,False,True,True
2026-07-21 08:30:00+07:00,38.1973,3.56,0.44584919193131456,True,True,True,False,False,False,True,True
2026-07-21 08:45:00+07:00,38.2787,3.62,0.4487056387865392,True,True,True,False,False,False,True,True
2026-07-21 09:00:00+07:00,38.476,3.59333,0.45567975611340794,True,True,True,False,False,False,True,True
2026-07-21 09:15:00+07:00,39.096,3.82667,0.4780650172538879,True,True,True,False,False,False,True,True
2026-07-21 09:30:00+07:00,41.102,4.36667,0.5554933340256638,True,True,True,False,False,False,True,True
2026-07-21 09:45:00+07:00,41.3173,4.44,0.5642684751856698,True,True,True,True,True,True,True,True
2026-07-21 10:00:00+07:00,41.1393,4.43333,0.5570070348425237,True,True,True,True,True,True,True,True
2026-07-21 10:15:00+07:00,41.2893,4.43333,0.5631220682806874,True,True,True,True,True,True,True,True
2026-07-21 10:30:00+07:00,40.794,4.18667,0.5430988230894719,True,True,True,True,True,True,True,True
2026-07-21 10:45:00+07:00,40.894,4.22667,0.5471025826958719,True,True,True,True,True,True,True,True
2026-07-21 11:00:00+07:00,40.3607,4.1,0.5259761557399163,True,True,True,True,True,True,True,True
2026-07-21 11:15:00+07:00,40.402,4.13333,0.527592459558464,True,True,True,True,True,True,True,True
2026-07-21 11:30:00+07:00,40.286,4.13333,0.523061111309248,True,True,True,True,True,True,True,True
2026-07-21 11:45:00+07:00,41.0393,4.29333,0.5529550394637475,True,True,True,True,True,True,True,True
2026-07-21 12:00:00+07:00,39.962,3.96667,0.5105421858010242,True,True,True,True,True,True,True,True
2026-07-21 12:15:00+07:00,39.5613,3.9,0.49533800393289135,True,True,True,True,True,True,True,True
2026-07-21 12:30:00+07:00,37.7633,3.36667,0.4308239152311611,True,True,True,True,True,True,True,True
2026-07-21 12:45:00+07:00,36.5427,3.10667,0.390383887624876,True,True,True,True,True,True,True,True
2026-07-21 13:00:00+07:00,36.758,3.19333,0.39732473945209607,True,True,True,True,True,True,True,True
2026-07-21 13:15:00+07:00,37.9767,3.51333,0.4381690102144854,True,True,True,True,True,True,True,True
2026-07-21 13:30:00+07:00,39.2987,3.89333,0.4855394695059903,True,True,True,True,True,True,True,True
2026-07-21 13:45:00+07:00,40.1373,4.01333,0.5172904379446571,True,True,True,True,True,True,True,True
2026-07-21 14:00:00+07:00,39.4833,3.85333,0.49241391615046026,True,True,True,True,True,True,True,True
2026-07-21 14:15:00+07:00,39.1947,3.80667,0.48169486981788096,True,True,True,True,True,True,True,True
2026-07-21 14:30:00+07:00,39.2427,3.77333,0.48346676864606775,True,True,True,True,True,True,True,True
2026-07-21 14:45:00+07:00,39.2933,3.83333,0.485339344345842,True,True,True,True,True,True,True,True
2026-07-21 15:00:00+07:00,39.528,3.85333,0.4940882314076159,True,True,True,True,True,True,True,True
2026-07-21 15:15:00+07:00,39.664,3.89333,0.499205676695552,True,True,True,True,True,True,True,True
2026-07-21 15:30:00+07:00,38.928,3.69333,0.47192856123801585,True,True,True,True,True,True,True,True
2026-07-21 15:45:00+07:00,38.266,3.49333,0.448259176040768,True,True,True,True,True,True,True,True
2026-07-21 16:00:00+07:00,37.8987,3.51333,0.4354746975452063,True,True,True,True,True,True,True,True
2026-07-21 16:15:00+07:00,38.132,3.56,0.443566501087744,True,True,True,True,True,True,True,True
2026-07-21 16:30:00+07:00,38.9707,3.74,0.47348323614541005,True,True,True,True,True,True,True,True
2026-07-21 16:45:00+07:00,38.0667,3.5,0.4412916149616076,True,True,True,True,True,True,True,True
2026-07-21 17:00:00+07:00,37.5973,3.36667,0.42516740293033833,True,True,True,True,True,True,True,True
2026-07-21 17:15:00+07:00,37.1553,3.26,0.4103479836282349,True,True,True,True,True,True,True,True
2026-07-21 17:30:00+07:00,36.13,2.99333,0.37730613917600003,True,True,True,True,True,True,True,True
2026-07-21 17:45:00+07:00,33.34,2.30667,0.2964741096320001,True,True,True,True,True,True,True,True
2026-07-22 07:15:00+07:00,39.6347,7.04,0.4981001963493914,True,True,True,False,False,False,True,True
2026-07-22 07:30:00+07:00,47.0627,6.26667,0.8339125396670551,True,True,True,False,False,False,True,True
2026-07-22 07:45:00+07:00,38.926,3.47333,0.47185582629420797,True,True,True,False,False,False,True,True
2026-07-22 08:00:00+07:00,36.9827,3.08,0.4046558569280983,True,True,True,False,False,False,True,True
2026-07-22 08:15:00+07:00,35.5,2.85333,0.3579109999999999,True,True,True,False,False,False,True,True
2026-07-22 08:30:00+07:00,34.4233,2.66667,0.32632285522317855,True,True,True,False,False,False,True,True
2026-07-22 08:45:00+07:00,33.2367,2.49333,0.29372687058939884,True,True,True,False,False,False,True,True
2026-07-22 09:00:00+07:00,34.9807,2.9,0.3424328928340875,True,True,True,False,False,False,True,True
2026-07-22 09:15:00+07:00,36.2153,3.10667,0.3799848209740446,True,True,True,False,False,False,True,True
2026-07-22 09:30:00+07:00,37.0807,3.26667,0.40788126649558354,True,True,True,False,False,False,True,True
2026-07-22 09:45:00+07:00,36.4233,3.16667,0.3865697440018986,True,True,True,True,True,True,True,True
2026-07-22 10:00:00+07:00,36.6887,3.22,0.3950817398898087,True,True,True,True,True,True,True,True
2026-07-22 10:15:00+07:00,36.5773,3.14667,0.3914938282491594,True,True,True,True,True,True,True,True
2026-07-22 10:30:00+07:00,35.5053,2.91333,0.358071327733871,True,True,True,True,True,True,True,True
2026-07-22 10:45:00+07:00,36.608,3.20667,0.3924804197416959,True,True,True,True,True,True,True,True
2026-07-22 11:00:00+07:00,37.1113,3.3,0.40889188409871924,True,True,True,True,True,True,True,True
2026-07-22 11:15:00+07:00,37.242,3.33333,0.4132272702119039,True,True,True,True,True,True,True,True
2026-07-22 11:30:00+07:00,37.6647,3.47333,0.4274580742223362,True,True,True,True,True,True,True,True
2026-07-22 11:45:00+07:00,37.4687,3.40667,0.4208195064756856,True,True,True,True,True,True,True,True
2026-07-22 12:00:00+07:00,38.0047,3.54,0.4391389033469107,True,True,True,True,True,True,True,True
2026-07-22 12:15:00+07:00,37.3393,3.35333,0.41647458384103575,True,True,True,True,True,True,True,True
2026-07-22 12:30:00+07:00,37.196,3.34,0.41169794964428785,True,True,True,True,True,True,True,True
2026-07-22 12:45:00+07:00,36.584,3.18667,0.3917090017976322,True,True,True,True,True,True,True,True
2026-07-22 13:00:00+07:00,36.1827,3.04,0.37895958929373014,True,True,True,True,True,True,True,True
2026-07-22 13:15:00+07:00,36.11,3.07333,0.3766799050479999,True,True,True,True,True,True,True,True
2026-07-22 13:30:00+07:00,35.854,2.98667,0.3687252081269119,True,True,True,True,True,True,True,True
2026-07-22 13:45:00+07:00,35.86,3.02667,0.3689103524479999,True,True,True,True,True,True,True,True
2026-07-22 14:00:00+07:00,36.0247,3.05333,0.3740167960383139,True,True,True,True,True,True,True,True
2026-07-22 14:15:00+07:00,35.7493,2.95333,0.3655044039704173,True,True,True,True,True,True,True,True
2026-07-22 14:30:00+07:00,35.6747,2.98,0.3632210219715579,True,True,True,True,True,True,True,True
2026-07-22 14:45:00+07:00,35.5253,2.90667,0.3586767692862343,True,True,True,True,True,True,True,True
2026-07-22 15:00:00+07:00,35.3427,2.82,0.3531743543461238,True,True,True,True,True,True,True,True
2026-07-22 15:15:00+07:00,35.516,2.89333,0.3583951541447679,True,True,True,True,True,True,True,True
2026-07-22 15:30:00+07:00,34.9667,2.82667,0.3420219111721917,True,True,True,True,True,True,True,True
2026-07-22 15:45:00+07:00,35.438,2.85333,0.3560390211813761,True,True,True,True,True,True,True,True
2026-07-22 16:00:00+07:00,34.9573,2.82667,0.34174615094076405,True,True,True,True,True,True,True,True
2026-07-22 16:15:00+07:00,35.692,2.94,0.363749696751104,True,True,True,True,True,True,True,True
2026-07-22 16:30:00+07:00,35.914,3.07333,0.3705794410555521,True,True,True,True,True,True,True,True
2026-07-22 16:45:00+07:00,35.9967,2.96667,0.37314536620867245,True,True,True,True,True,True,True,True
2026-07-22 17:00:00+07:00,35.1847,2.8,0.3484588862425794,True,True,True,True,True,True,True,True
2026-07-22 17:15:00+07:00,33.076,2.43333,0.289486914103808,True,True,True,True,True,True,True,True
2026-07-22 17:30:00+07:00,31.6667,2.2,0.25403783926010365,True,True,True,True,True,True,True,True
2026-07-22 17:45:00+07:00,29.442,1.58,0.20416999215110404,True,True,True,True,True,True,True,True
2026-07-23 07:15:00+07:00,9.90933,2.25333,0.007784359088515972,True,True,True,False,False,False,True,True
2026-07-23 07:30:00+07:00,49.2213,7.47333,0.9540018709624608,True,True,True,False,False,False,True,True
2026-07-23 07:45:00+07:00,42.2773,4.66,0.6045214538368311,True,True,True,False,False,False,True,True
2026-07-23 08:00:00+07:00,38.1793,3.37333,0.445219186336674,True,True,True,False,False,False,True,True
2026-07-23 08:15:00+07:00,36.8213,3.14667,0.3993809442643168,True,True,True,False,False,False,True,True
2026-07-23 08:30:00+07:00,35.3273,2.84,0.35271288574045934,True,True,True,False,False,False,True,True
2026-07-23 08:45:00+07:00,34.2327,2.70667,0.32093231542495826,True,True,True,False,False,False,True,True
2026-07-23 09:00:00+07:00,35.3053,2.92667,0.35205434244703904,True,True,True,False,False,False,True,True
2026-07-23 09:15:00+07:00,36.8227,3.21333,0.39942650114970457,True,True,True,False,False,False,True,True
2026-07-23 09:30:00+07:00,36.8387,3.25333,0.3999473973354929,True,True,True,False,False,False,True,True
2026-07-23 09:45:00+07:00,38.364,3.62,0.45171200618035195,True,True,True,True,True,True,True,True
2026-07-23 10:00:00+07:00,38.1887,3.59333,0.4455481151666487,True,True,True,True,True,True,True,True
2026-07-23 10:15:00+07:00,38.8247,3.7,0.46818156906836184,True,True,True,True,True,True,True,True
2026-07-23 10:30:00+07:00,38.906,3.76,0.47112888785132784,True,True,True,True,True,True,True,True
2026-07-23 10:45:00+07:00,38.5013,3.58,0.45657924776157754,True,True,True,True,True,True,True,True
2026-07-23 11:00:00+07:00,37.932,3.54667,0.4366236065725442,True,True,True,True,True,True,True,True
2026-07-23 11:15:00+07:00,38.496,3.60667,0.4563907187834881,True,True,True,True,True,True,True,True
2026-07-23 11:30:00+07:00,38.7753,3.78,0.46639671916325426,True,True,True,True,True,True,True,True
2026-07-23 11:45:00+07:00,38.366,3.61333,0.451782656095168,True,True,True,True,True,True,True,True
2026-07-23 12:00:00+07:00,37.046,3.22,0.406737255786688,True,True,True,True,True,True,True,True
2026-07-23 12:15:00+07:00,35.1087,2.86,0.346205715454524,True,True,True,True,True,True,True,True
2026-07-23 12:30:00+07:00,35.0487,2.79333,0.3444337731436104,True,True,True,True,True,True,True,True
2026-07-23 12:45:00+07:00,35.1727,2.83333,0.3481024744502207,True,True,True,True,True,True,True,True
2026-07-23 13:00:00+07:00,34.566,2.78,0.3303979650679681,True,True,True,False,False,False,True,True
2026-07-23 13:15:00+07:00,34.674,2.72,0.33350459467219196,True,True,True,False,False,False,True,True
2026-07-23 13:30:00+07:00,34.0033,2.66,0.3145235640865276,True,True,True,False,False,False,True,True
2026-07-23 13:45:00+07:00,34.7173,2.78667,0.3347555714581338,True,True,True,True,True,True,True,True
2026-07-23 14:00:00+07:00,34.7227,2.76,0.33491180145908866,True,True,True,True,True,True,True,True
2026-07-23 14:15:00+07:00,34.5247,2.76,0.32921508547507383,True,True,True,True,True,True,True,True
2026-07-23 14:30:00+07:00,35.2667,2.84,0.35090088002819975,True,True,True,True,True,True,True,True
2026-07-23 14:45:00+07:00,34.57,2.67333,0.330512679944,True,True,True,True,True,True,True,True
2026-07-23 15:00:00+07:00,33.386,2.52,0.2977029609316481,True,True,True,True,True,True,True,True
2026-07-23 15:15:00+07:00,32.4113,2.32667,0.27238258621528716,True,True,True,True,True,True,True,True
2026-07-23 15:30:00+07:00,32.3647,2.32667,0.2712094039356882,True,True,True,True,True,True,True,True
2026-07-23 15:45:00+07:00,32.4233,2.30667,0.27268524004445865,True,True,True,True,True,True,True,True
2026-07-23 16:00:00+07:00,32.29,2.30667,0.2693358239119999,True,True,True,False,False,False,True,True
2026-07-23 16:15:00+07:00,32.2807,2.29333,0.2691031727687356,True,True,True,False,False,False,True,True
2026-07-23 16:30:00+07:00,32.2133,2.29333,0.26742108004741294,True,True,True,False,False,False,True,True
2026-07-23 16:45:00+07:00,34.184,2.64667,0.31956457233203195,True,True,True,False,False,False,True,True
2026-07-23 17:00:00+07:00,36.6473,3.16,0.3937458025941265,True,True,True,False,False,False,True,True
2026-07-23 17:15:00+07:00,35.7913,2.93333,0.3667941545955799,True,True,True,True,True,True,True,True
2026-07-23 17:30:00+07:00,33.6487,2.52,0.30478588990282635,True,True,True,True,True,True,True,True
2026-07-23 17:45:00+07:00,29.936,1.77333,0.21462054702284802,True,True,True,True,True,True,True,True
2026-07-24 07:15:00+07:00,15.2823,2.61538,0.028553289563726127,True,True,True,False,False,False,True,True
2026-07-24 07:30:00+07:00,49.5133,7.26111,0.971081329964141,True,True,True,False,False,False,True,True
2026-07-24 07:45:00+07:00,41.9169,4.25385,0.5891928346640303,True,True,True,False,False,False,True,True
2026-07-24 08:00:00+07:00,37.7869,3.39231,0.4316321443706073,True,True,True,False,False,False,True,True
2026-07-24 08:15:00+07:00,36.7123,3.13846,0.3958446391991189,True,True,True,False,False,False,True,True
2026-07-24 08:30:00+07:00,35.4881,2.85,0.35755119323823875,True,True,True,False,False,False,True,True
2026-07-24 08:45:00+07:00,36.1569,3.08462,0.37814951811506414,True,True,True,False,False,False,True,True
2026-07-24 09:00:00+07:00,37.0819,3.33462,0.4079208671525059,True,True,True,False,False,False,True,True
2026-07-24 09:15:00+07:00,37.5796,3.42308,0.42456720657886676,True,True,True,False,False,False,True,True
2026-07-24 09:30:00+07:00,37.7943,3.53214,0.43188578016144635,True,True,True,False,False,False,True,True
2026-07-24 09:45:00+07:00,38.1146,3.53077,0.44295956708240125,True,True,True,True,True,True,True,True
2026-07-24 10:00:00+07:00,36.6815,3.20769,0.394849186243147,True,True,True,True,True,True,True,True
2026-07-24 10:15:00+07:00,37.17,3.28462,0.4108352225040001,True,True,True,True,True,True,True,True
2026-07-24 10:30:00+07:00,37.0531,3.37692,0.40697115861145033,True,True,True,True,True,True,True,True
2026-07-24 10:45:00+07:00,36.5938,3.18077,0.3920238752357895,True,True,True,True,True,True,True,True
2026-07-24 11:00:00+07:00,37.2119,3.30769,0.4122261351468892,True,True,True,True,True,True,True,True
2026-07-24 11:15:00+07:00,37.1762,3.35769,0.41104084020178194,True,True,True,True,True,True,True,True
2026-07-24 11:30:00+07:00,37.0161,3.26429,0.4057532118118663,True,True,True,True,True,True,True,True
2026-07-24 11:45:00+07:00,36.2331,3.07692,0.38054538969208557,True,True,True,True,True,True,True,True
2026-07-24 12:00:00+07:00,35.8169,3.02308,0.3675817746187263,True,True,True,True,True,True,True,True
2026-07-24 12:15:00+07:00,34.9935,2.77692,0.342808935487803,True,True,True,True,True,True,True,True
2026-07-24 12:30:00+07:00,35.4777,2.89231,0.3572369378023635,True,True,True,True,True,True,True,True
2026-07-24 12:45:00+07:00,35.5092,2.86538,0.3581893353195096,True,True,True,True,True,True,True,True
2026-07-24 13:00:00+07:00,34.0085,2.59231,0.3146678829609129,True,True,True,True,True,True,True,True
2026-07-24 13:15:00+07:00,33.9162,2.61154,0.3121127784031963,True,True,True,True,True,True,True,True
2026-07-24 13:30:00+07:00,34.1557,2.59643,0.3187715528682857,True,True,True,True,True,True,True,True
2026-07-24 13:45:00+07:00,34.2219,2.64231,0.32062866053191563,True,True,True,True,True,True,True,True
2026-07-24 14:00:00+07:00,34.1669,2.64615,0.31908524097057045,True,True,True,True,True,True,True,True
2026-07-24 14:15:00+07:00,33.8488,2.59167,0.31025573448184207,True,True,True,True,True,True,True,True
2026-07-24 14:30:00+07:00,34.3554,2.68462,0.32439564499676377,True,True,True,True,True,True,True,True
2026-07-24 14:45:00+07:00,33.9177,2.58077,0.312154191345106,True,True,True,True,True,True,True,True
2026-07-24 15:00:00+07:00,33.9392,2.58462,0.31274817946019423,True,True,True,True,True,True,True,True
2026-07-24 15:15:00+07:00,34.2496,2.5875,0.3214078637315195,True,True,True,True,True,True,True,True
2026-07-24 15:30:00+07:00,33.4789,2.5,0.30019505047368855,True,True,True,True,True,True,True,True
2026-07-24 15:45:00+07:00,33.2165,2.43636,0.2931916480047371,True,True,True,True,True,True,True,True
2026-07-24 16:00:00+07:00,32.9742,2.46,0.286822218249492,True,True,True,True,True,True,True,True
2026-07-24 16:15:00+07:00,33.4914,2.49333,0.3005314270587515,True,True,True,True,True,True,True,True
2026-07-24 16:30:00+07:00,33.2653,2.46,0.2944857743824727,True,True,True,True,True,True,True,True
2026-07-24 16:45:00+07:00,33.188,2.51333,0.292437613605376,True,True,True,True,True,True,True,True
2026-07-24 17:00:00+07:00,33.9147,2.61333,0.3120713691242363,True,True,True,True,True,True,True,True
2026-07-24 17:15:00+07:00,34.2947,2.65333,0.32267922959449696,True,True,True,True,True,True,True,True
2026-07-24 17:30:00+07:00,34.128,2.66,0.3179966181212161,True,True,True,True,True,True,True,True
2026-07-24 17:45:00+07:00,33.834,2.02667,0.3098489451016321,True,True,True,True,True,True,True,True
2026-07-27 06:45:00+07:00,6.66667,1.48,0.0023703739259277033,True,True,True,True,True,True,True,True
2026-07-27 07:00:00+07:00,49.6613,7.68667,0.979815350388947,True,True,True,False,False,False,True,True
2026-07-27 07:15:00+07:00,48.4953,6.99333,0.9124076919119295,True,True,True,False,False,False,True,True
2026-07-27 07:30:00+07:00,41.3442,4.175,0.5653713090907753,True,True,True,False,False,False,True,True
2026-07-27 07:45:00+07:00,38.386,3.51333,0.4524895604516481,True,True,True,False,False,False,True,True
2026-07-27 08:00:00+07:00,38.7573,3.71333,0.46574749831281215,True,True,True,False,False,False,True,True
2026-07-27 08:15:00+07:00,38.982,3.78667,0.473895231217344,True,True,True,False,False,False,True,True
2026-07-27 08:30:00+07:00,39.4553,3.92667,0.49136705727480295,True,True,True,False,False,False,True,True
2026-07-27 08:45:00+07:00,40.316,4.12667,0.5242305141959681,True,True,True,False,False,False,True,True
2026-07-27 09:00:00+07:00,40.124,4.05333,0.5167763762129921,True,True,True,False,False,False,True,True
2026-07-27 09:15:00+07:00,40.336,4.12667,0.525011083624448,True,True,True,False,False,False,True,True
2026-07-27 09:30:00+07:00,41.844,4.63333,0.5861240843166722,True,True,True,False,False,False,True,True
2026-07-27 09:45:00+07:00,43.1813,4.98,0.6441353379942784,True,True,True,True,True,True,True,True
2026-07-27 10:00:00+07:00,43.6953,5.1,0.6674122341351616,True,True,True,True,True,True,True,True
2026-07-27 10:15:00+07:00,42.9333,4.94,0.6331007096805524,True,True,True,True,True,True,True,True
2026-07-27 10:30:00+07:00,43.614,5.09333,0.6636937756763519,True,True,True,True,True,True,True,True
2026-07-27 10:45:00+07:00,43.258,4.96,0.6475738394360961,True,True,True,True,True,True,True,True
2026-07-27 11:00:00+07:00,42.4487,4.74,0.6119038282437544,True,True,True,True,True,True,True,True
2026-07-27 11:15:00+07:00,41.798,4.56,0.584193192492736,True,True,True,True,True,True,True,True
2026-07-27 11:30:00+07:00,41.8793,4.58667,0.5876087157705862,True,True,True,True,True,True,True,True
2026-07-27 11:45:00+07:00,41.9,4.64667,0.588480472,True,True,True,True,True,True,True,True
2026-07-27 12:00:00+07:00,42.2853,4.69333,0.6048646938371557,True,True,True,False,False,False,True,True
2026-07-27 12:15:00+07:00,41.2233,4.34667,0.5604259693588267,True,True,True,False,False,False,True,True
2026-07-27 12:30:00+07:00,40.3047,4.03333,0.5237898347182786,True,True,True,False,False,False,True,True
2026-07-27 12:45:00+07:00,39.9407,3.94667,0.5097262541621772,True,True,True,False,False,False,True,True
2026-07-27 13:00:00+07:00,38.8467,3.71333,0.46897790481154855,True,True,True,True,True,True,True,True
2026-07-27 13:15:00+07:00,40.0053,4.0,0.512203546967591,True,True,True,True,True,True,True,True
2026-07-27 13:30:00+07:00,39.8013,3.95333,0.5044077596623053,True,True,True,True,True,True,True,True
2026-07-27 13:45:00+07:00,39.3213,3.84,0.48637762728571693,True,True,True,True,True,True,True,True
2026-07-27 14:00:00+07:00,39.058,3.81333,0.47667238226489594,True,True,True,True,True,True,True,True
2026-07-27 14:15:00+07:00,39.2393,3.79333,0.4833411163897796,True,True,True,True,True,True,True,True
2026-07-27 14:30:00+07:00,39.6753,3.91333,0.4996324590211983,True,True,True,True,True,True,True,True
2026-07-27 14:45:00+07:00,38.3713,3.56,0.45196991399558467,True,True,True,True,True,True,True,True
2026-07-27 15:00:00+07:00,37.658,3.42,0.4272299991544961,True,True,True,True,True,True,True,True
2026-07-27 15:15:00+07:00,37.9273,3.5,0.4364613259105554,True,True,True,True,True,True,True,True
2026-07-27 15:30:00+07:00,37.8523,3.48462,0.43387717856753333,True,True,True,True,True,True,True,True
2026-07-27 15:45:00+07:00,37.4873,3.30667,0.4214465201446128,True,True,True,True,True,True,True,True
2026-07-27 16:00:00+07:00,37.302,3.35333,0.41522772150086407,True,True,True,True,True,True,True,True
2026-07-27 16:15:00+07:00,36.702,3.1,0.39551155824326384,True,True,True,True,True,True,True,True
2026-07-27 16:30:00+07:00,35.2093,2.74,0.3491902908011868,True,True,True,True,True,True,True,True
2026-07-27 16:45:00+07:00,33.7087,2.49333,0.3064192172953401,True,True,True,False,False,False,True,True
2026-07-27 17:00:00+07:00,32.518,2.30667,0.2750815527666561,True,True,True,False,False,False,True,True
2026-07-27 17:15:00+07:00,31.9747,2.24667,0.2615227186595658,True,True,True,False,False,False,True,True
2026-07-27 17:30:00+07:00,31.7213,2.12,0.2553541490126607,True,True,True,False,False,False,True,True
2026-07-27 17:45:00+07:00,32.0973,1.64667,0.2645425230480584,True,True,True,True,True,True,True,True
2026-07-30 07:15:00+07:00,9.964,2.57333,0.007913910666752002,True,True,True,False,False,False,True,True
2026-07-30 07:30:00+07:00,49.8093,7.72667,0.988601584307283,True,True,True,False,False,False,True,True
2026-07-30 07:45:00+07:00,48.3873,7.04,0.9063254070500772,True,True,True,False,False,False,True,True
2026-07-30 08:00:00+07:00,40.81,4.11333,0.5437381075280001,True,True,True,False,False,False,True,True
2026-07-30 08:15:00+07:00,37.0287,3.22667,0.4061676988258393,True,True,True,False,False,False,True,True
2026-07-30 08:30:00+07:00,35.3787,2.83333,0.3542546819857153,True,True,True,False,False,False,True,True
2026-07-30 08:45:00+07:00,33.366,2.52,0.29716826137516805,True,True,True,False,False,False,True,True
2026-07-30 09:00:00+07:00,31.9093,2.18,0.2599212687751789,True,True,True,False,False,False,True,True
2026-07-30 09:15:00+07:00,30.8547,2.12667,0.23499248365426662,True,True,True,False,False,False,True,True
2026-07-30 09:30:00+07:00,32.6093,2.51333,0.27740508370821076,True,True,True,False,False,False,True,True
2026-07-30 09:45:00+07:00,32.9479,2.47857,0.2861364630813538,True,True,True,False,False,False,True,True
2026-07-30 10:00:00+07:00,33.88,2.67857,0.3111144565760001,True,True,True,False,False,False,True,True
2026-07-30 10:15:00+07:00,34.064,2.69333,0.316210960433152,True,True,True,True,True,True,True,True
2026-07-30 10:30:00+07:00,33.5227,2.58667,0.30137481618673667,True,True,True,True,True,True,True,True
2026-07-30 10:45:00+07:00,32.8847,2.48,0.2844930358568114,True,True,True,True,True,True,True,True
2026-07-30 11:00:00+07:00,32.758,2.5,0.2812173573080961,True,True,True,True,True,True,True,True
2026-07-30 11:15:00+07:00,32.865,2.55,0.283982054517,True,True,True,True,True,True,True,True
2026-08-03 13:00:00+07:00,39.4429,3.73333,0.4909039227793248,True,True,True,True,True,True,True,True
2026-08-03 13:15:00+07:00,38.9793,3.78333,0.47379676819568206,True,True,True,True,True,True,True,True
2026-08-03 13:30:00+07:00,39.5433,3.91333,0.494662189845182,True,True,True,True,True,True,True,True
2026-08-03 13:45:00+07:00,40.626,4.19333,0.5364165634750078,True,True,True,True,True,True,True,True
2026-08-03 14:00:00+07:00,39.8733,3.97333,0.5071501145031907,True,True,True,True,True,True,True,True
2026-08-03 14:15:00+07:00,39.516,3.85333,0.4936383787207678,True,True,True,True,True,True,True,True
2026-08-03 14:30:00+07:00,40.1067,3.97333,0.5161082192125419,True,True,True,True,True,True,True,True
2026-08-03 14:45:00+07:00,40.4907,4.12,0.531074980261845,True,True,True,True,True,True,True,True
2026-08-03 15:00:00+07:00,39.66,3.87333,0.4990546615679998,True,True,True,True,True,True,True,True
2026-08-03 15:15:00+07:00,39.4507,3.85333,0.49119521534593474,True,True,True,True,True,True,True,True
2026-08-03 15:30:00+07:00,39.9967,3.97333,0.5118732904541123,True,True,True,True,True,True,True,True
2026-08-03 15:45:00+07:00,39.9887,3.96,0.5115662025708568,True,True,True,True,True,True,True,True
2026-08-03 16:00:00+07:00,39.07,3.70667,0.47711186914399994,True,True,True,True,True,True,True,True
2026-08-03 16:15:00+07:00,38.4173,3.54,0.4535973451790857,True,True,True,True,True,True,True,True
2026-08-03 16:30:00+07:00,38.1867,3.51333,0.44547811674593096,True,True,True,True,True,True,True,True
2026-08-03 16:45:00+07:00,37.1053,3.24,0.40869359236452707,True,True,True,True,True,True,True,True
2026-08-03 17:00:00+07:00,36.9307,3.22667,0.4029513411486195,True,True,True,False,False,False,True,True
2026-08-03 17:15:00+07:00,36.76,3.09333,0.39738959820799996,True,True,True,False,False,False,True,True
2026-08-03 17:30:00+07:00,35.9947,2.96667,0.37308317306856903,True,True,True,False,False,False,True,True
2026-08-03 17:45:00+07:00,36.024,2.4,0.373994993774592,True,True,True,True,True,True,True,True
2026-08-04 07:15:00+07:00,46.112,7.53333,0.7843896678154242,True,True,True,False,False,False,True,True
2026-08-04 07:30:00+07:00,48.7673,7.16,0.9278464739607215,True,True,True,False,False,False,True,True
2026-08-04 07:45:00+07:00,43.24,4.91333,0.646765793792,True,True,True,False,False,False,True,True
2026-08-04 08:00:00+07:00,40.6333,4.09333,0.5367057781098243,True,True,True,True,True,True,True,True
2026-08-04 08:15:00+07:00,38.4727,3.64667,0.4555625182851888,True,True,True,True,True,True,True,True
2026-08-04 08:30:00+07:00,38.2593,3.59333,0.4480237599542549,True,True,True,True,True,True,True,True
2026-08-04 08:45:00+07:00,38.8753,3.73333,0.47001449057147027,True,True,True,True,True,True,True,True
2026-08-04 09:00:00+07:00,39.182,3.80667,0.481226780292544,True,True,True,False,False,False,True,True
2026-08-04 09:15:00+07:00,39.852,3.98667,0.5063378019056639,True,True,True,False,False,False,True,True
2026-08-04 09:30:00+07:00,40.942,4.31333,0.549031356615104,True,True,True,False,False,False,True,True
2026-08-04 09:45:00+07:00,42.022,4.62667,0.5936358799571839,True,True,True,True,True,True,True,True
2026-08-04 10:00:00+07:00,41.8873,4.60667,0.5879455242488372,True,True,True,True,True,True,True,True
2026-08-04 10:15:00+07:00,42.4807,4.77333,0.6132887248822875,True,True,True,True,True,True,True,True
2026-08-04 10:30:00+07:00,43.0333,4.84667,0.6375348654698881,True,True,True,True,True,True,True,True
2026-08-04 10:45:00+07:00,42.4753,4.74667,0.6130548771712462,True,True,True,True,True,True,True,True
2026-08-04 11:00:00+07:00,41.4893,4.49333,0.5713448402222397,True,True,True,False,False,False,True,True
2026-08-04 11:15:00+07:00,40.9133,4.27333,0.5478775666060449,True,True,True,False,False,False,True,True
2026-08-04 11:30:00+07:00,41.0647,4.34,0.5539823780792803,True,True,True,False,False,False,True,True
2026-08-04 11:45:00+07:00,41.4813,4.41333,0.5710144024389263,True,True,True,True,True,True,True,True
2026-08-04 12:00:00+07:00,40.336,4.06667,0.525011083624448,True,True,True,True,True,True,True,True
2026-08-04 12:15:00+07:00,39.7853,3.85333,0.5037996930717559,True,True,True,True,True,True,True,True
2026-08-04 12:30:00+07:00,38.432,3.58667,0.45411823806054397,True,True,True,True,True,True,True,True
2026-08-04 12:45:00+07:00,38.9813,3.76,0.47386970245752624,True,True,True,True,True,True,True,True
2026-08-04 13:00:00+07:00,38.3687,3.58667,0.4518780451649894,True,True,True,True,True,True,True,True
2026-08-04 13:15:00+07:00,38.1813,3.55333,0.4452891576314784,True,True,True,True,True,True,True,True
2026-08-04 13:30:00+07:00,38.2793,3.56667,0.44872673884505004,True,True,True,True,True,True,True,True
2026-08-04 13:45:00+07:00,38.0473,3.5,0.44061727005507056,True,True,True,True,True,True,True,True
2026-08-04 14:00:00+07:00,38.708,3.72667,0.4639724399272959,True,True,True,True,True,True,True,True
2026-08-04 14:15:00+07:00,38.328,3.56667,0.450441566908416,True,True,True,True,True,True,True,True
2026-08-04 14:30:00+07:00,38.1853,3.55333,0.4454291222138998,True,True,True,True,True,True,True,True
2026-08-04 14:45:00+07:00,37.6093,3.41333,0.4255746372870107,True,True,True,True,True,True,True,True
2026-08-04 15:00:00+07:00,37.464,3.39333,0.4206611660267519,True,True,True,True,True,True,True,True
2026-08-04 15:15:00+07:00,37.9629,3.47857,0.43769151727740147,True,True,True,True,True,True,True,True
2026-08-04 15:30:00+07:00,38.4273,3.62,0.45395165073403543,True,True,True,True,True,True,True,True
2026-08-04 15:45:00+07:00,38.446,3.61333,0.45461469712428787,True,True,True,True,True,True,True,True
2026-08-04 16:00:00+07:00,38.8567,3.67333,0.4693401739158419,True,True,True,True,True,True,True,True
2026-08-04 16:15:00+07:00,38.8027,3.66,0.4673861353006055,True,True,True,True,True,True,True,True
2026-08-04 16:30:00+07:00,38.7485,3.62308,0.4654303208424731,True,True,True,True,True,True,True,True
2026-08-04 16:45:00+07:00,37.0733,3.24,0.4076371190769828,True,True,True,True,True,True,True,True
2026-08-04 17:00:00+07:00,36.4413,3.06667,0.38714314300634395,True,True,True,True,True,True,True,True
2026-08-04 17:15:00+07:00,36.2193,3.05333,0.38011074348482443,True,True,True,True,True,True,True,True
2026-08-04 17:30:00+07:00,36.0107,2.92857,0.37358091172916036,True,True,True,True,True,True,True,True
2026-08-04 17:45:00+07:00,32.4387,2.18667,0.2730739741554288,True,True,True,True,True,True,True,True
2026-08-05 07:15:00+07:00,42.7033,7.17333,0.6229802797283595,True,True,True,False,False,False,True,True
2026-08-05 07:30:00+07:00,48.4753,6.92,0.9112792962242061,True,True,True,False,False,False,True,True
2026-08-05 07:45:00+07:00,41.1587,4.13333,0.5577954074947121,True,True,True,False,False,False,True,True
2026-08-05 08:00:00+07:00,38.696,3.54,0.4635410606202879,True,True,True,False,False,False,True,True
2026-08-05 08:15:00+07:00,36.7713,3.06667,0.3977561827818886,True,True,True,False,False,False,True,True
2026-08-05 08:30:00+07:00,36.406,3.14,0.386019177691328,True,True,True,False,False,False,True,True
2026-08-05 08:45:00+07:00,36.1973,3.03333,0.3794185138213945,True,True,True,False,False,False,True,True
2026-08-05 09:00:00+07:00,37.0471,3.28571,0.40677348838397687,True,True,True,False,False,False,True,True
2026-08-05 09:15:00+07:00,37.2747,3.32,0.41431671759101396,True,True,True,False,False,False,True,True
2026-08-05 09:30:00+07:00,37.6527,3.46,0.42704963904540166,True,True,True,True,True,True,True,True
2026-08-05 09:45:00+07:00,38.368,3.59333,0.45185331337625606,True,True,True,True,True,True,True,True
2026-08-05 10:00:00+07:00,38.672,3.67333,0.46267910432358383,True,True,True,True,True,True,True,True
2026-08-05 10:15:00+07:00,39.126,3.78,0.479166379939008,True,True,True,True,True,True,True,True
2026-08-05 10:30:00+07:00,39.0247,3.75333,0.4754542199647938,True,True,True,True,True,True,True,True
2026-08-05 10:45:00+07:00,39.5633,3.86667,0.4954131323608089,True,True,True,True,True,True,True,True
2026-08-05 11:00:00+07:00,39.6127,3.86667,0.49727121647440287,True,True,True,True,True,True,True,True
2026-08-05 11:15:00+07:00,39.288,3.84667,0.4851429786869758,True,True,True,True,True,True,True,True
2026-08-05 11:30:00+07:00,39.8127,3.96667,0.5048413054725951,True,True,True,True,True,True,True,True
2026-08-05 11:45:00+07:00,39.1587,3.78,0.4803687905815921,True,True,True,True,True,True,True,True
2026-08-05 12:00:00+07:00,39.312,3.8,0.48603260495462386,True,True,True,True,True,True,True,True
2026-08-05 12:15:00+07:00,38.1053,3.48,0.44263539847868694,True,True,True,True,True,True,True,True
2026-08-05 12:30:00+07:00,36.9147,3.18667,0.40242783940271637,True,True,True,True,True,True,True,True
2026-08-05 12:45:00+07:00,36.776,3.15333,0.3979087223726081,True,True,True,True,True,True,True,True
2026-08-05 13:00:00+07:00,36.794,3.18,0.39849327723347194,True,True,True,True,True,True,True,True
2026-08-05 13:15:00+07:00,37.9487,3.47333,0.4372005462212345,True,True,True,True,True,True,True,True
2026-08-05 13:30:00+07:00,37.52,3.38,0.4225503600640001,True,True,True,True,True,True,True,True
2026-08-05 13:45:00+07:00,37.7047,3.44667,0.42882140549986264,True,True,True,True,True,True,True,True
2026-08-05 14:00:00+07:00,37.8473,3.44667,0.43370526568407836,True,True,True,True,True,True,True,True
2026-08-05 14:15:00+07:00,37.854,3.48667,0.43393563929491197,True,True,True,True,True,True,True,True
2026-08-05 14:30:00+07:00,37.806,3.42667,0.4322870016209278,True,True,True,True,True,True,True,True
2026-08-05 14:45:00+07:00,37.524,3.40667,0.42268551851059205,True,True,True,True,True,True,True,True
2026-08-05 15:00:00+07:00,37.098,3.26,0.4084524238815359,True,True,True,True,True,True,True,True
2026-08-05 15:15:00+07:00,36.892,3.19333,0.40168589955430406,True,True,True,True,True,True,True,True
2026-08-05 15:30:00+07:00,36.578,3.09333,0.39151630538041615,True,True,True,True,True,True,True,True
2026-08-05 15:45:00+07:00,35.9113,3.01333,0.37049586730124706,True,True,True,True,True,True,True,True
2026-08-05 16:00:00+07:00,36.1027,2.98,0.3764515023242134,True,True,True,True,True,True,True,True
2026-08-05 16:15:00+07:00,35.9847,3.01333,0.3727723110251073,True,True,True,True,True,True,True,True
2026-08-05 16:30:00+07:00,36.1847,2.98667,0.3790224337807393,True,True,True,True,True,True,True,True
2026-08-05 16:45:00+07:00,35.348,2.82667,0.353333264513536,True,True,True,True,True,True,True,True
2026-08-05 17:00:00+07:00,34.594,2.70667,0.33120152685267207,True,True,True,True,True,True,True,True
2026-08-05 17:15:00+07:00,33.9753,2.56,0.31374722091288615,True,True,True,True,True,True,True,True
2026-08-05 17:30:00+07:00,32.6227,2.36667,0.2777472029044728,True,True,True,True,True,True,True,True
2026-08-05 17:45:00+07:00,29.9393,1.66667,0.2146915310436117,True,True,True,True,True,True,True,True
2026-08-06 07:15:00+07:00,6.66667,2.22,0.0023703739259277033,True,True,True,False,False,False,True,True
2026-08-06 07:30:00+07:00,49.1987,7.46,0.9526883820275345,True,True,True,False,False,False,True,True
2026-08-06 07:45:00+07:00,43.8787,5.11333,0.6758514401784754,True,True,True,False,False,False,True,True
2026-08-06 08:00:00+07:00,38.6213,3.46667,0.46086173592772467,True,True,True,False,False,False,True,True
2026-08-06 08:15:00+07:00,37.8107,3.37333,0.4324482459871282,True,True,True,False,False,False,True,True
2026-08-06 08:30:00+07:00,38.3093,3.56667,0.44978258535604293,True,True,True,False,False,False,True,True
2026-08-06 08:45:00+07:00,39.9093,3.97333,0.508525011461259,True,True,True,False,False,False,True,True
2026-08-06 09:00:00+07:00,40.3927,4.13333,0.5272282092348718,True,True,True,False,False,False,True,True
2026-08-06 09:15:00+07:00,41.7127,4.55333,0.580623879107419,True,True,True,False,False,False,True,True
2026-08-06 09:30:00+07:00,41.674,4.5,0.579009313040192,True,True,True,True,True,True,True,True
2026-08-06 09:45:00+07:00,42.2147,4.66667,0.6018400832333641,True,True,True,True,True,True,True,True
2026-08-06 10:00:00+07:00,42.2427,4.68667,0.6030384360829478,True,True,True,True,True,True,True,True
2026-08-06 10:15:00+07:00,42.8027,4.88667,0.6273407267204454,True,True,True,True,True,True,True,True
2026-08-06 10:30:00+07:00,42.606,4.70667,0.618731570248128,True,True,True,True,True,True,True,True
2026-08-06 10:45:00+07:00,41.692,4.54,0.5797599011671041,True,True,True,True,True,True,True,True
2026-08-06 11:00:00+07:00,41.7573,4.52667,0.5824883129496923,True,True,True,False,False,False,True,True
2026-08-06 11:15:00+07:00,41.4907,4.45333,0.5714026799376051,True,True,True,False,False,False,True,True
2026-08-06 11:30:00+07:00,41.43,4.44,0.568898497656,True,True,True,False,False,False,True,True
2026-08-06 11:45:00+07:00,40.678,4.12667,0.538478989966016,True,True,True,True,True,True,True,True
2026-08-06 12:00:00+07:00,39.4927,3.78667,0.4927656947158078,True,True,True,False,False,False,True,True
2026-08-06 12:15:00+07:00,38.5067,3.6,0.4567713872807663,True,True,True,False,False,False,True,True
2026-08-06 12:30:00+07:00,37.1627,3.29333,0.410593212160551,True,True,True,False,False,False,True,True
2026-08-06 12:45:00+07:00,36.3253,3.01333,0.3834578351439622,True,True,True,True,True,True,True,True
2026-08-06 13:00:00+07:00,34.8267,2.71333,0.3379301659900014,True,True,True,True,True,True,True,True
2026-08-06 13:15:00+07:00,34.808,2.77333,0.337386109136896,True,True,True,True,True,True,True,True
2026-08-06 13:30:00+07:00,35.1807,2.84667,0.34834005529403966,True,True,True,True,True,True,True,True
2026-08-06 13:45:00+07:00,35.144,2.87333,0.34725104212787195,True,True,True,True,True,True,True,True
2026-08-06 14:00:00+07:00,36.3114,3.12143,0.38301780921700435,True,True,True,True,True,True,True,True
2026-08-06 14:15:00+07:00,37.0307,3.29333,0.4062335163625957,True,True,True,True,True,True,True,True
2026-08-06 14:30:00+07:00,37.3227,3.32667,0.4159193721731846,True,True,True,True,True,True,True,True
2026-08-06 14:45:00+07:00,36.9253,3.21333,0.4027746085852582,True,True,True,True,True,True,True,True
2026-08-06 15:00:00+07:00,36.3,3.05333,0.382657176,True,True,True,True,True,True,True,True
2026-08-06 15:15:00+07:00,36.0093,2.99333,0.373537341933795,True,True,True,True,True,True,True,True
2026-08-06 15:30:00+07:00,35.796,3.01333,0.366938672306688,True,True,True,True,True,True,True,True
2026-08-06 15:45:00+07:00,36.3307,3.08667,0.3836288713207635,True,True,True,True,True,True,True,True
2026-08-06 16:00:00+07:00,35.8807,2.94,0.3695495760878715,True,True,True,True,True,True,True,True
2026-08-06 16:15:00+07:00,35.7047,2.94667,0.3641381253995426,True,True,True,True,True,True,True,True
2026-08-06 16:30:00+07:00,35.2527,2.82,0.3504831492174974,True,True,True,True,True,True,True,True
2026-08-06 16:45:00+07:00,34.856,2.76667,0.33878379435212813,True,True,True,True,True,True,True,True
2026-08-06 17:00:00+07:00,34.6333,2.72,0.3323315793896643,True,True,True,True,True,True,True,True
2026-08-06 17:15:00+07:00,34.208,2.60667,0.320238127415296,True,True,True,True,True,True,True,True
2026-08-06 17:30:00+07:00,33.1767,2.44667,0.29213900386555725,True,True,True,True,True,True,True,True
2026-08-06 17:45:00+07:00,32.5013,1.7,0.27465795631821754,True,True,True,True,True,True,True,True
2026-08-07 07:15:00+07:00,10.0,2.36,0.008000000000000002,True,True,True,True,True,True,True,True
2026-08-07 07:30:00+07:00,49.1187,7.25333,0.9480485516550096,True,True,True,False,False,False,True,True
2026-08-07 07:45:00+07:00,42.7947,4.62667,0.6269890348048568,True,True,True,False,False,False,True,True
2026-08-07 08:00:00+07:00,37.3847,3.22,0.4179955774185315,True,True,True,False,False,False,True,True
2026-08-07 08:15:00+07:00,35.842,2.83333,0.3683551053415039,True,True,True,False,False,False,True,True
2026-08-07 08:30:00+07:00,34.076,2.55333,0.31654526072780803,True,True,True,False,False,False,True,True
2026-08-07 08:45:00+07:00,33.0713,2.47333,0.2893635259822169,True,True,True,False,False,False,True,True
2026-08-07 09:00:00+07:00,33.7373,2.61333,0.3071998193785129,True,True,True,False,False,False,True,True
2026-08-07 09:15:00+07:00,35.302,2.93333,0.351955631708864,True,True,True,False,False,False,True,True
2026-08-07 09:30:00+07:00,36.4627,3.11333,0.387825588154879,True,True,True,False,False,False,True,True
2026-08-07 09:45:00+07:00,37.8453,3.54667,0.43363651324772556,True,True,True,True,True,True,True,True
2026-08-07 10:00:00+07:00,38.7273,3.66,0.4646668028761233,True,True,True,False,False,False,True,True
2026-08-07 10:15:00+07:00,38.8053,3.72667,0.46748009412659913,True,True,True,False,False,False,True,True
2026-08-07 10:30:00+07:00,39.2193,3.78,0.4826024261441043,True,True,True,False,False,False,True,True
2026-08-07 10:45:00+07:00,38.8427,3.72,0.46883304938248394,True,True,True,True,True,True,True,True
2026-08-07 11:00:00+07:00,39.4477,3.89231,0.49108316611047453,True,True,True,True,True,True,True,True
2026-08-07 11:15:00+07:00,39.8733,3.93333,0.5071501145031907,True,True,True,True,True,True,True,True
2026-08-07 11:30:00+07:00,38.814,3.7,0.46779458637715193,True,True,True,True,True,True,True,True
2026-08-07 11:45:00+07:00,38.6013,3.63333,0.46014613631763357,True,True,True,True,True,True,True,True
2026-08-07 12:00:00+07:00,37.412,3.28,0.418911964148224,True,True,True,True,True,True,True,True
2026-08-07 12:15:00+07:00,35.2327,2.74667,0.34988696620791826,True,True,True,True,True,True,True,True
2026-08-07 12:30:00+07:00,34.2967,2.66667,0.32273568695636057,True,True,True,True,True,True,True,True
2026-08-07 12:45:00+07:00,33.4947,2.51333,0.30062027238316896,True,True,True,True,True,True,True,True
2026-08-07 13:00:00+07:00,33.9047,2.63333,0.31179540086125457,True,True,True,True,True,True,True,True
2026-08-07 13:15:00+07:00,33.978,2.62,0.31382202685881605,True,True,True,True,True,True,True,True
2026-08-07 13:30:00+07:00,34.2893,2.68,0.3225268276063675,True,True,True,True,True,True,True,True
2026-08-07 13:45:00+07:00,35.49,2.88667,0.357608625192,True,True,True,True,True,True,True,True
2026-08-07 14:00:00+07:00,35.8607,2.95333,0.3689319566549964,True,True,True,False,False,False,True,True
2026-08-07 14:15:00+07:00,35.664,2.97333,0.36289429467955203,True,True,True,False,False,False,True,True
2026-08-07 14:30:00+07:00,35.5233,2.91333,0.3586161944434746,True,True,True,False,False,False,True,True
2026-08-07 14:45:00+07:00,36.102,3.00667,0.37642960554566385,True,True,True,True,True,True,True,True
2026-08-07 15:00:00+07:00,35.19,2.82667,0.348616378872,True,True,True,True,True,True,True,True
2026-08-07 15:15:00+07:00,35.5373,2.90667,0.3590403615942409,True,True,True,True,True,True,True,True
2026-08-07 15:30:00+07:00,35.674,2.91333,0.363199641296192,True,True,True,True,True,True,True,True
2026-08-07 15:45:00+07:00,34.9153,2.74667,0.34051584137443675,True,True,True,True,True,True,True,True
2026-08-07 16:00:00+07:00,35.096,2.82667,0.3458301485178878,True,True,True,True,True,True,True,True
2026-08-07 16:15:00+07:00,34.78,2.72667,0.336572570816,True,True,True,True,True,True,True,True
2026-08-07 16:30:00+07:00,34.5107,2.72667,0.32881475100752033,True,True,True,True,True,True,True,True
2026-08-07 16:45:00+07:00,34.738,2.72667,0.33535471708217607,True,True,True,True,True,True,True,True
2026-08-07 17:00:00+07:00,34.4087,2.67333,0.3259078200629321,True,True,True,True,True,True,True,True
2026-08-07 17:15:00+07:00,33.9227,2.52667,0.3122922609415207,True,True,True,True,True,True,True,True
2026-08-07 17:30:00+07:00,33.3267,2.45333,0.2961194426059614,True,True,True,True,True,True,True,True
2026-08-07 17:45:00+07:00,30.744,1.75333,0.23247224056627197,True,True,True,True,True,True,True,True
2026-08-10 06:45:00+07:00,9.94667,1.72667,0.00787268936793391,True,True,True,False,False,False,True,True
2026-08-10 07:00:00+07:00,49.6053,7.56,0.9765044537915272,True,True,True,False,False,False,True,True
2026-08-10 07:15:00+07:00,47.0033,6.22667,0.8307589650842077,True,True,True,False,False,False,True,True
2026-08-10 07:30:00+07:00,39.1227,3.6,0.47904514732971265,True,True,True,False,False,False,True,True
2026-08-10 07:45:00+07:00,36.9207,3.01333,0.4026240993897018,True,True,True,False,False,False,True,True
2026-08-10 08:00:00+07:00,35.032,2.74667,0.3439416604221439,True,True,True,False,False,False,True,True
2026-08-10 08:15:00+07:00,33.5987,2.50667,0.3034292258107985,True,True,True,False,False,False,True,True
2026-08-10 08:30:00+07:00,32.59,2.41333,0.27691282383200005,True,True,True,False,False,False,True,True
2026-08-10 08:45:00+07:00,34.224,2.59333,0.320687689531392,True,True,True,False,False,False,True,True
2026-08-10 09:00:00+07:00,36.014,3.07333,0.37368362536595207,True,True,True,False,False,False,True,True
2026-08-10 09:15:00+07:00,38.9633,3.77333,0.4732135634935929,True,True,True,False,False,False,True,True
2026-08-10 09:30:00+07:00,41.7127,4.55333,0.580623879107419,True,True,True,False,False,False,True,True
2026-08-10 09:45:00+07:00,41.7587,4.58,0.582546902296648,True,True,True,True,True,True,True,True
2026-08-10 10:00:00+07:00,41.896,4.54444,0.5883119495290879,True,True,True,False,False,False,True,True
2026-08-10 10:15:00+07:00,40.9627,4.34,0.5498645374141989,True,True,True,False,False,False,True,True
2026-08-10 10:30:00+07:00,40.7073,4.29333,0.539643413104784,True,True,True,False,False,False,True,True
2026-08-10 10:45:00+07:00,41.2627,4.4,0.5620344209434871,True,True,True,True,True,True,True,True
2026-08-10 11:00:00+07:00,40.9987,4.26,0.5513155544629423,True,True,True,True,True,True,True,True
2026-08-10 11:15:00+07:00,41.9787,4.64667,0.5918027004422113,True,True,True,True,True,True,True,True
2026-08-10 11:30:00+07:00,41.448,4.41333,0.5696403240591361,True,True,True,True,True,True,True,True
2026-08-10 11:45:00+07:00,40.6853,4.12667,0.5387689453792996,True,True,True,True,True,True,True,True
2026-08-10 12:00:00+07:00,39.6607,3.85333,0.4990810870164843,True,True,True,True,True,True,True,True
2026-08-10 12:15:00+07:00,38.458,3.61333,0.4550405213432959,True,True,True,True,True,True,True,True
2026-08-10 12:30:00+07:00,36.69,3.1,0.395123738472,True,True,True,False,False,False,True,True
2026-08-10 12:45:00+07:00,36.2333,2.96667,0.38055169134704037,True,True,True,False,False,False,True,True
2026-08-10 13:00:00+07:00,35.21,2.87333,0.3492111180880001,True,True,True,False,False,False,True,True
2026-08-10 13:15:00+07:00,36.0067,3.00667,0.3734564355873662,True,True,True,False,False,False,True,True
2026-08-10 13:30:00+07:00,36.856,3.21333,0.400511125680128,True,True,True,True,True,True,True,True
2026-08-10 13:45:00+07:00,37.728,3.47333,0.429616880418816,True,True,True,True,True,True,True,True
2026-08-10 14:00:00+07:00,38.4967,3.57333,0.4564156158620723,True,True,True,True,True,True,True,True
2026-08-10 14:15:00+07:00,38.142,3.51333,0.44391556447430414,True,True,True,True,True,True,True,True
2026-08-10 14:30:00+07:00,37.6927,3.38667,0.4284121022056799,True,True,True,True,True,True,True,True
2026-08-10 14:45:00+07:00,36.49,3.08667,0.38869734759200003,True,True,True,True,True,True,True,True
2026-08-10 15:00:00+07:00,36.0673,2.98,0.3753452149451298,True,True,True,True,True,True,True,True
2026-08-10 15:15:00+07:00,35.8033,2.99333,0.3671632112449755,True,True,True,True,True,True,True,True
2026-08-10 15:30:00+07:00,35.1687,2.78,0.3479837245487977,True,True,True,True,True,True,True,True
2026-08-10 15:45:00+07:00,34.2973,2.64,0.32275262544897043,True,True,True,True,True,True,True,True
2026-08-10 16:00:00+07:00,34.452,2.7,0.327139738827264,True,True,True,True,True,True,True,True
2026-08-10 16:15:00+07:00,34.2493,2.59333,0.3213994179527772,True,True,True,True,True,True,True,True
2026-08-10 16:30:00+07:00,33.9353,2.6,0.31264037688271973,True,True,True,True,True,True,True,True
2026-08-10 16:45:00+07:00,34.546,2.68,0.329824788826688,True,True,True,True,True,True,True,True
2026-08-10 17:00:00+07:00,34.1533,2.62,0.31870436074773156,True,True,True,True,True,True,True,True
2026-08-10 17:15:00+07:00,33.2993,2.47333,0.29538966703960534,True,True,True,True,True,True,True,True
2026-08-10 17:30:00+07:00,32.6873,2.38,0.279400470972005,True,True,True,True,True,True,True,True
2026-08-10 17:45:00+07:00,32.242,1.83333,0.268136482531904,True,True,True,True,True,True,True,True
2026-08-11 07:15:00+07:00,42.9927,7.63333,0.6357321101921679,True,True,True,False,False,False,True,True
2026-08-11 07:30:00+07:00,47.034,6.26,0.8323878482824318,True,True,True,False,False,False,True,True
2026-08-11 07:45:00+07:00,40.5507,3.94667,0.5334393557588708,True,True,True,False,False,False,True,True
2026-08-11 08:00:00+07:00,36.7867,3.0,0.3982561388024271,True,True,True,False,False,False,True,True
2026-08-11 08:15:00+07:00,35.4073,2.77333,0.35511451091029606,True,True,True,False,False,False,True,True
2026-08-11 08:30:00+07:00,34.0087,2.62667,0.31467343456830793,True,True,True,False,False,False,True,True
2026-08-11 08:45:00+07:00,33.3,2.50667,0.2954082959999999,True,True,True,False,False,False,True,True
2026-08-11 09:00:00+07:00,34.7753,2.80667,0.3364361409146143,True,True,True,False,False,False,True,True
2026-08-11 09:15:00+07:00,35.774,2.98667,0.366262533318592,True,True,True,False,False,False,True,True
2026-08-11 09:30:00+07:00,36.602,3.19333,0.39228747039366385,True,True,True,False,False,False,True,True
2026-08-11 09:45:00+07:00,36.66,3.22,0.39415529836799995,True,True,True,True,True,True,True,True
2026-08-11 10:00:00+07:00,37.206,3.33333,0.4120300891025282,True,True,True,True,True,True,True,True
2026-08-11 10:15:00+07:00,37.7853,3.43333,0.4315773172594358,True,True,True,True,True,True,True,True
2026-08-11 10:30:00+07:00,37.978,3.49333,0.438214009322816,True,True,True,True,True,True,True,True
2026-08-11 10:45:00+07:00,37.4993,3.4,0.42185137544099716,True,True,True,True,True,True,True,True
2026-08-11 11:00:00+07:00,38.7327,3.67333,0.4648612045482784,True,True,True,True,True,True,True,True
2026-08-11 11:15:00+07:00,39.3253,3.84,0.4865260741904421,True,True,True,True,True,True,True,True
2026-08-11 11:30:00+07:00,39.3787,3.84667,0.4885107344999552,True,True,True,True,True,True,True,True
2026-08-11 11:45:00+07:00,39.7687,3.92667,0.5031693407065737,True,True,True,True,True,True,True,True
2026-08-11 12:00:00+07:00,39.2167,3.79333,0.4825064517289719,True,True,True,True,True,True,True,True
2026-08-11 12:15:00+07:00,39.022,3.69333,0.47535554110918404,True,True,True,True,True,True,True,True
2026-08-11 12:30:00+07:00,38.1447,3.54,0.4440098429760129,True,True,True,True,True,True,True,True
2026-08-11 12:45:00+07:00,37.462,3.34667,0.420593799161024,True,True,True,True,True,True,True,True
2026-08-11 13:00:00+07:00,37.4813,3.34,0.4212441896686862,True,True,True,True,True,True,True,True
2026-08-11 13:15:00+07:00,37.614,3.46667,0.4257342082523519,True,True,True,True,True,True,True,True
2026-08-11 13:30:00+07:00,38.2413,3.54667,0.447391707028152,True,True,True,True,True,True,True,True
2026-08-11 13:45:00+07:00,38.6047,3.66667,0.4602677359530067,True,True,True,True,True,True,True,True
2026-08-11 14:00:00+07:00,38.5007,3.6,0.4565579022527629,True,True,True,True,True,True,True,True
2026-08-11 14:15:00+07:00,38.7407,3.70667,0.46514930667926496,True,True,True,True,True,True,True,True
2026-08-11 14:30:00+07:00,38.3193,3.54,0.45013490189832045,True,True,True,True,True,True,True,True
2026-08-11 14:45:00+07:00,38.0847,3.48667,0.4419179108312434,True,True,True,True,True,True,True,True
2026-08-11 15:00:00+07:00,36.8633,3.18,0.40074915832233726,True,True,True,True,True,True,True,True
2026-08-11 15:15:00+07:00,37.2173,3.26667,0.41240562161553385,True,True,True,True,True,True,True,True
2026-08-11 15:30:00+07:00,36.7633,3.16667,0.39749663058580104,True,True,True,True,True,True,True,True
2026-08-11 15:45:00+07:00,36.908,3.24,0.40220875780249604,True,True,True,True,True,True,True,True
2026-08-11 16:00:00+07:00,37.0487,3.22,0.40682619418473026,True,True,True,True,True,True,True,True
2026-08-11 16:15:00+07:00,36.614,3.1,0.3926734323483519,True,True,True,True,True,True,True,True
2026-08-11 16:30:00+07:00,37.5573,3.36,0.4238118314660601,True,True,True,True,True,True,True,True
2026-08-11 16:45:00+07:00,36.8827,3.15333,0.4013821965378023,True,True,True,True,True,True,True,True
2026-08-11 17:00:00+07:00,36.884,3.16,0.401424640440832,True,True,True,True,True,True,True,True
2026-08-11 17:15:00+07:00,35.8927,2.90667,0.36992047839955183,True,True,True,True,True,True,True,True
2026-08-11 17:30:00+07:00,34.4913,2.69333,0.328260538466052,True,True,True,True,True,True,True,True
2026-08-11 17:45:00+07:00,30.8213,1.77333,0.2342301762129568,True,True,True,True,True,True,True,True
2026-08-13 07:15:00+07:00,16.516,2.69333,0.03604164540876798,True,True,True,False,False,False,True,True
2026-08-13 07:30:00+07:00,49.5267,7.55333,0.971869967265593,True,True,True,False,False,False,True,True
2026-08-13 07:45:00+07:00,45.756,5.57333,0.7663623155297281,True,True,True,False,False,False,True,True
2026-08-13 08:00:00+07:00,39.8727,3.84667,0.5071272205749326,True,True,True,False,False,False,True,True
2026-08-13 08:15:00+07:00,39.6953,3.89333,0.5003884220945216,True,True,True,False,False,False,True,True
2026-08-13 08:30:00+07:00,39.5687,3.94,0.49561601706006164,True,True,True,False,False,False,True,True
2026-08-13 08:45:00+07:00,41.858,4.56667,0.5867125904056958,True,True,True,False,False,False,True,True
2026-08-13 09:00:00+07:00,42.2267,4.56667,0.6023534684392653,True,True,True,False,False,False,True,True
2026-08-13 09:15:00+07:00,41.7767,4.56,0.5833005439180533,True,True,True,True,True,True,True,True
2026-08-13 09:30:00+07:00,41.7473,4.5,0.5820699318544227,True,True,True,True,True,True,True,True
2026-08-13 09:45:00+07:00,40.6893,4.21333,0.5389278691920317,True,True,True,True,True,True,True,True
2026-08-13 10:00:00+07:00,40.9533,4.21333,0.5494860803809795,True,True,True,True,True,True,True,True
2026-08-13 10:15:00+07:00,40.728,4.2,0.5404670712668161,True,True,True,True,True,True,True,True
2026-08-13 10:30:00+07:00,40.7147,4.19333,0.5399377647741241,True,True,True,False,False,False,True,True
2026-08-13 10:45:00+07:00,40.12,4.00667,0.516621837824,True,True,True,False,False,False,True,True
2026-08-13 11:00:00+07:00,39.792,3.99333,0.504054261448704,True,True,True,False,False,False,True,True
2026-08-13 11:15:00+07:00,40.1133,4.03333,0.5163630550497572,True,True,True,True,True,True,True,True
2026-08-13 11:30:00+07:00,39.6947,3.9,0.5003657321149609,True,True,True,True,True,True,True,True
2026-08-13 11:45:00+07:00,39.4633,3.87333,0.49166600825627294,True,True,True,True,True,True,True,True
2026-08-13 12:00:00+07:00,39.516,3.90667,0.4936383787207678,True,True,True,True,True,True,True,True
2026-08-13 12:15:00+07:00,39.1733,3.70667,0.4809062956226387,True,True,True,True,True,True,True,True
2026-08-13 12:30:00+07:00,37.7753,3.40667,0.43123475300109426,True,True,True,True,True,True,True,True
2026-08-13 12:45:00+07:00,36.46,3.06667,0.3877394410880001,True,True,True,True,True,True,True,True
2026-08-13 13:00:00+07:00,36.4007,3.16429,0.38585061175606683,True,True,True,True,True,True,True,True
2026-08-13 13:15:00+07:00,38.3173,3.54667,0.4500644238767899,True,True,True,True,True,True,True,True
2026-08-13 13:30:00+07:00,38.2107,3.51333,0.44631858180623246,True,True,True,True,True,True,True,True
2026-08-13 13:45:00+07:00,38.238,3.55333,0.447275895178176,True,True,True,True,True,True,True,True
2026-08-13 14:00:00+07:00,38.8707,3.68,0.46984766401303385,True,True,True,True,True,True,True,True
2026-08-13 14:15:00+07:00,37.5507,3.29333,0.42358843948359065,True,True,True,True,True,True,True,True
2026-08-13 14:30:00+07:00,36.4187,3.06,0.3864232995894977,True,True,True,True,True,True,True,True
2026-08-13 14:45:00+07:00,35.6927,2.92667,0.36377109900775983,True,True,True,False,False,False,True,True
2026-08-13 15:00:00+07:00,36.5573,3.18,0.39085198786710007,True,True,True,False,False,False,True,True
2026-08-13 15:15:00+07:00,37.668,3.45333,0.42757043953305607,True,True,True,False,False,False,True,True
2026-08-13 15:30:00+07:00,38.0987,3.48,0.4424054393133185,True,True,True,True,True,True,True,True
2026-08-13 15:45:00+07:00,36.8293,3.12,0.39964131598759817,True,True,True,True,True,True,True,True
2026-08-13 16:00:00+07:00,36.8893,3.21333,0.4015977119345436,True,True,True,True,True,True,True,True
2026-08-13 16:15:00+07:00,36.8147,3.13333,0.3991662227481002,True,True,True,True,True,True,True,True
2026-08-13 16:30:00+07:00,36.2773,3.0,0.3819397473150712,True,True,True,True,True,True,True,True
2026-08-13 16:45:00+07:00,37.1467,3.18,0.41006311100723664,True,True,True,True,True,True,True,True
2026-08-13 17:00:00+07:00,37.154,3.30667,0.4103049130261121,True,True,True,True,True,True,True,True
2026-08-13 17:15:00+07:00,36.462,3.04,0.3878032525050242,True,True,True,True,True,True,True,True
2026-08-13 17:30:00+07:00,35.5307,2.89333,0.35884035543295567,True,True,True,True,True,True,True,True
2026-08-13 17:45:00+07:00,34.976,2.02,0.34229488372940803,True,True,True,True,True,True,True,True
2026-08-14 07:15:00+07:00,9.978,2.22667,0.007947316074815998,True,True,True,False,False,False,True,True
2026-08-14 07:30:00+07:00,49.5121,7.62143,0.9710107265492524,True,True,True,False,False,False,True,True
2026-08-14 07:45:00+07:00,43.464,4.7,0.6568694486507519,True,True,True,False,False,False,True,True
2026-08-14 08:00:00+07:00,38.1133,3.21333,0.4429142436790371,True,True,True,False,False,False,True,True
2026-08-14 08:15:00+07:00,36.7127,3.03333,0.395857578152619,True,True,True,False,False,False,True,True
2026-08-14 08:30:00+07:00,35.082,2.76667,0.34541645257094405,True,True,True,False,False,False,True,True
2026-08-14 08:45:00+07:00,34.2053,2.68667,0.320162305265463,True,True,True,False,False,False,True,True
2026-08-14 09:00:00+07:00,35.54,2.94,0.359122203712,True,True,True,False,False,False,True,True
2026-08-14 09:15:00+07:00,37.7873,3.48667,0.431645851873901,True,True,True,False,False,False,True,True
2026-08-14 09:30:00+07:00,39.0513,3.79333,0.47642711954188555,True,True,True,False,False,False,True,True
2026-08-14 09:45:00+07:00,40.1927,4.06,0.51943538520308,True,True,True,True,True,True,True,True
2026-08-14 10:00:00+07:00,39.6513,3.90667,0.49872630883022157,True,True,True,False,False,False,True,True
2026-08-14 10:15:00+07:00,39.9613,4.00667,0.5105153573187151,True,True,True,False,False,False,True,True
2026-08-14 10:30:00+07:00,39.576,3.84667,0.495890375159808,True,True,True,False,False,False,True,True
2026-08-14 10:45:00+07:00,39.328,3.84667,0.48662629292441606,True,True,True,True,True,True,True,True
2026-08-14 11:00:00+07:00,40.2213,4.04,0.5205450214454207,True,True,True,False,False,False,True,True
2026-08-14 11:15:00+07:00,39.5387,3.92667,0.49448958047380476,True,True,True,False,False,False,True,True
2026-08-14 11:30:00+07:00,40.0693,4.02,0.5146657330529003,True,True,True,False,False,False,True,True
2026-08-14 11:45:00+07:00,39.8893,3.94,0.5077608734578236,True,True,True,True,True,True,True,True
2026-08-14 12:00:00+07:00,39.6553,3.93333,0.49887725771363495,True,True,True,True,True,True,True,True
2026-08-14 12:15:00+07:00,38.5233,3.64667,0.45736237593155465,True,True,True,True,True,True,True,True
2026-08-14 12:30:00+07:00,38.796,3.66,0.4671440686586879,True,True,True,True,True,True,True,True
2026-08-14 12:45:00+07:00,38.1367,3.53333,0.44373053807966273,True,True,True,True,True,True,True,True
2026-08-14 13:00:00+07:00,38.1553,3.56,0.44438010246239495,True,True,True,True,True,True,True,True
2026-08-14 13:15:00+07:00,37.8273,3.47333,0.43301806825785943,True,True,True,True,True,True,True,True
2026-08-14 13:30:00+07:00,37.8907,3.48667,0.4351989839528693,True,True,True,True,True,True,True,True
2026-08-14 13:45:00+07:00,37.2007,3.26,0.41185403294947465,True,True,True,True,True,True,True,True
2026-08-14 14:00:00+07:00,37.5587,3.41333,0.423859227739096,True,True,True,True,True,True,True,True
2026-08-14 14:15:00+07:00,36.9373,3.17333,0.40316741781358495,True,True,True,True,True,True,True,True
2026-08-14 14:30:00+07:00,36.79,3.13333,0.39836332671200003,True,True,True,True,True,True,True,True
2026-08-14 14:45:00+07:00,36.0393,2.96,0.37447172212494756,True,True,True,True,True,True,True,True
2026-08-14 15:00:00+07:00,36.2313,3.02667,0.38048867792798635,True,True,True,True,True,True,True,True
2026-08-14 15:15:00+07:00,35.7387,2.97333,0.3651793739964769,True,True,True,True,True,True,True,True
2026-08-14 15:30:00+07:00,35.7333,2.92667,0.36501386680036035,True,True,True,True,True,True,True,True
2026-08-14 15:45:00+07:00,35.6907,2.95333,0.36370995193019706,True,True,True,True,True,True,True,True
2026-08-14 16:00:00+07:00,35.9133,2.93333,0.37055777257924505,True,True,True,True,True,True,True,True
2026-08-14 16:15:00+07:00,35.6653,2.93333,0.3629339800580566,True,True,True,True,True,True,True,True
2026-08-14 16:30:00+07:00,35.916,3.01333,0.37064135564236794,True,True,True,True,True,True,True,True
2026-08-14 16:45:00+07:00,36.236,3.06667,0.3806367704980479,True,True,True,True,True,True,True,True
2026-08-14 17:00:00+07:00,36.3333,3.06,0.3837112402083763,True,True,True,True,True,True,True,True
2026-08-14 17:15:00+07:00,35.374,2.86667,0.354113514348992,True,True,True,True,True,True,True,True
2026-08-14 17:30:00+07:00,34.5387,2.68667,0.3296157447510048,True,True,True,True,True,True,True,True
2026-08-14 17:45:00+07:00,34.1573,1.96,0.31881635286159615,True,True,True,True,True,True,True,True
2026-08-17 06:45:00+07:00,10.6707,1.86429,0.009720054891001943,True,True,True,True,True,True,True,True
2026-08-17 07:00:00+07:00,49.77,7.75385,0.9862633826640002,True,True,True,False,False,False,True,True
2026-08-17 07:15:00+07:00,49.284,7.29333,0.957652250706432,True,True,True,False,False,False,True,True
2026-08-17 07:30:00+07:00,41.2933,4.28,0.5632857455405619,True,True,True,False,False,False,True,True
2026-08-17 07:45:00+07:00,37.762,3.42667,0.43077942347782405,True,True,True,False,False,False,True,True
2026-08-17 08:00:00+07:00,35.5093,2.92,0.358192361495915,True,True,True,False,False,False,True,True
2026-08-17 08:15:00+07:00,34.038,2.60667,0.3154874507429759,True,True,True,False,False,False,True,True
2026-08-17 08:30:00+07:00,32.2193,2.30667,0.26757053620578436,True,True,True,True,True,True,True,True
2026-08-17 08:45:00+07:00,31.32,2.18,0.24578492774399996,True,True,True,False,False,False,True,True
2026-08-17 09:00:00+07:00,33.0947,2.54667,0.2899781887215051,True,True,True,False,False,False,True,True
2026-08-17 09:15:00+07:00,33.668,2.63333,0.30531064202905595,True,True,True,False,False,False,True,True
2026-08-17 09:30:00+07:00,34.3627,2.79333,0.32460247636186296,True,True,True,False,False,False,True,True
2026-08-17 09:45:00+07:00,36.0433,3.03333,0.3745964237544219,True,True,True,True,True,True,True,True
2026-08-17 10:00:00+07:00,37.1693,3.36,0.41081201191159644,True,True,True,True,True,True,True,True
2026-08-17 10:15:00+07:00,35.86,3.1,0.3689103524479999,True,True,True,True,True,True,True,True
2026-08-17 10:30:00+07:00,36.954,3.26667,0.40371450222931193,True,True,True,True,True,True,True,True
2026-08-17 10:45:00+07:00,36.9213,3.37333,0.4026437288971728,True,True,True,True,True,True,True,True
2026-08-17 11:00:00+07:00,38.0647,3.61333,0.44122206308080025,True,True,True,True,True,True,True,True
2026-08-17 11:15:00+07:00,37.7173,3.5,0.42925145444701385,True,True,True,True,True,True,True,True
2026-08-17 11:30:00+07:00,38.1713,3.56667,0.44493937445787285,True,True,True,True,True,True,True,True
2026-08-17 11:45:00+07:00,38.2607,3.58667,0.4480729445616203,True,True,True,True,True,True,True,True
2026-08-17 12:00:00+07:00,36.066,3.05333,0.3753046298839681,True,True,True,True,True,True,True,True
2026-08-17 12:15:00+07:00,36.65,3.24667,0.393832837,True,True,True,True,True,True,True,True
2026-08-17 12:30:00+07:00,35.4493,2.89333,0.3563797168148893,True,True,True,True,True,True,True,True
2026-08-17 12:45:00+07:00,33.9107,2.66,0.3119609622868643,True,True,True,True,True,True,True,True
2026-08-17 13:00:00+07:00,33.9667,2.67333,0.31350902935883185,True,True,True,True,True,True,True,True
2026-08-17 13:15:00+07:00,33.8213,2.60667,0.30950015943863673,True,True,True,True,True,True,True,True
2026-08-17 13:30:00+07:00,33.124,2.53333,0.2907490570449921,True,True,True,True,True,True,True,True
2026-08-17 13:45:00+07:00,34.2007,2.68,0.3200331543541946,True,True,True,True,True,True,True,True
2026-08-17 14:00:00+07:00,33.5847,2.62,0.3030500826295234,True,True,True,True,True,True,True,True
2026-08-17 14:15:00+07:00,33.5673,2.57333,0.3025793021877299,True,True,True,True,True,True,True,True
2026-08-17 14:30:00+07:00,33.1373,2.52667,0.291099423727937,True,True,True,True,True,True,True,True
2026-08-17 14:45:00+07:00,33.3587,2.52667,0.29697325564554394,True,True,True,True,True,True,True,True
2026-08-17 15:00:00+07:00,33.192,2.49333,0.292543364911104,True,True,True,True,True,True,True,True
2026-08-17 15:15:00+07:00,33.45,2.58667,0.29941830900000005,True,True,True,True,True,True,True,True
2026-08-17 15:30:00+07:00,33.61,2.63333,0.303735479048,True,True,True,True,True,True,True,True
2026-08-17 15:45:00+07:00,34.1747,2.64667,0.31930382384831785,True,True,True,True,True,True,True,True
2026-08-17 16:00:00+07:00,33.6473,2.56,0.3047478483892466,True,True,True,True,True,True,True,True
2026-08-17 16:15:00+07:00,32.828,2.43333,0.28302399782041604,True,True,True,True,True,True,True,True
2026-08-17 16:30:00+07:00,32.2427,2.33333,0.2681539472933479,True,True,True,True,True,True,True,True
2026-08-17 16:45:00+07:00,31.7667,2.26667,0.25645211900143966,True,True,True,True,True,True,True,True
2026-08-17 17:00:00+07:00,32.052,2.19333,0.2634240297968639,True,True,True,True,True,True,True,True
2026-08-17 17:15:00+07:00,31.7627,2.25333,0.25635525536936704,True,True,True,True,True,True,True,True
2026-08-17 17:30:00+07:00,31.2813,2.11333,0.2448749537628144,True,True,True,True,True,True,True,True
2026-08-17 17:45:00+07:00,31.692,1.77333,0.254647213807104,True,True,True,True,True,True,True,True
2026-08-18 07:15:00+07:00,42.866,7.60667,0.6301281273431679,True,True,True,False,False,False,True,True
2026-08-18 07:30:00+07:00,48.0814,6.71429,0.8892447318207453,True,True,True,False,False,False,True,True
2026-08-18 07:45:00+07:00,39.3567,3.75833,0.4876924317345219,True,True,True,False,False,False,True,True
2026-08-18 08:00:00+07:00,37.1513,3.14,0.4102154683288215,True,True,True,False,False,False,True,True
2026-08-18 08:15:00+07:00,35.524,2.84667,0.358637394862592,True,True,True,False,False,False,True,True
2026-08-18 08:30:00+07:00,34.1707,2.66,0.3191917175993619,True,True,True,False,False,False,True,True
2026-08-18 08:45:00+07:00,33.292,2.52,0.29519544026470396,True,True,True,False,False,False,True,True
2026-08-18 09:00:00+07:00,34.4093,2.8,0.325924869364579,True,True,True,False,False,False,True,True
2026-08-18 09:15:00+07:00,35.3553,2.96,0.353552218814747,True,True,True,False,False,False,True,True
2026-08-18 09:30:00+07:00,36.3753,3.22667,0.38504344856607037,True,True,True,False,False,False,True,True
2026-08-18 09:45:00+07:00,36.1713,3.13333,0.3786015083607528,True,True,True,True,True,True,True,True
2026-08-18 10:00:00+07:00,36.3887,3.17333,0.38546913438644087,True,True,True,True,True,True,True,True
2026-08-18 10:15:00+07:00,36.4353,3.125,0.38695194704811975,True,True,True,True,True,True,True,True
2026-08-18 10:30:00+07:00,35.6936,2.96154,0.36379861742843095,True,True,True,True,True,True,True,True
2026-08-18 10:45:00+07:00,36.5647,3.22,0.3910893869815602,True,True,True,True,True,True,True,True
2026-08-18 11:00:00+07:00,36.0107,3.02667,0.37358091172916036,True,True,True,True,True,True,True,True
2026-08-18 11:15:00+07:00,34.6807,2.72667,0.33369795966415966,True,True,True,True,True,True,True,True
2026-08-18 11:30:00+07:00,34.2227,2.74,0.3206511469156088,True,True,True,True,True,True,True,True
2026-08-18 11:45:00+07:00,34.8373,2.84667,0.3382388214285689,True,True,True,True,True,True,True,True
2026-08-18 12:00:00+07:00,35.5033,2.88667,0.35801082107856763,True,True,True,False,False,False,True,True
2026-08-18 12:15:00+07:00,35.7247,3.0,0.3647503845176657,True,True,True,False,False,False,True,True
2026-08-18 12:30:00+07:00,36.81,3.2,0.39901336192800013,True,True,True,False,False,False,True,True
2026-08-18 12:45:00+07:00,35.9053,3.02,0.3703101928355349,True,True,True,True,True,True,True,True
2026-08-18 13:00:00+07:00,36.2507,3.01333,0.3811002016763028,True,True,True,True,True,True,True,True
2026-08-18 13:15:00+07:00,35.5573,2.93333,0.35964689466814004,True,True,True,True,True,True,True,True
2026-08-18 13:30:00+07:00,36.3793,3.08,0.3851704861299062,True,True,True,True,True,True,True,True
2026-08-18 13:45:00+07:00,36.754,3.17333,0.3971950431125119,True,True,True,True,True,True,True,True
2026-08-18 14:00:00+07:00,36.6413,3.12667,0.3935524387136559,True,True,True,True,True,True,True,True
2026-08-18 14:15:00+07:00,36.718,3.15333,0.3960290459058562,True,True,True,True,True,True,True,True
2026-08-18 14:30:00+07:00,36.49,3.07333,0.38869734759200003,True,True,True,True,True,True,True,True
2026-08-18 14:45:00+07:00,36.5567,3.12,0.39083274350191405,True,True,True,True,True,True,True,True
2026-08-18 15:00:00+07:00,35.8273,2.95333,0.36790206704393935,True,True,True,False,False,False,True,True
2026-08-18 15:15:00+07:00,36.0087,3.02667,0.373518670201428,True,True,True,False,False,False,True,True
2026-08-18 15:30:00+07:00,36.0573,3.02,0.3750330974676201,True,True,True,False,False,False,True,True
2026-08-18 15:45:00+07:00,35.9727,2.97333,0.3723995045677887,True,True,True,True,True,True,True,True
2026-08-18 16:00:00+07:00,34.95,2.77333,0.3415320990000001,True,True,True,True,True,True,True,True
2026-08-18 16:15:00+07:00,34.4207,2.63333,0.3262489190803019,True,True,True,True,True,True,True,True
2026-08-18 16:30:00+07:00,33.85,2.6,0.31028873300000004,True,True,True,True,True,True,True,True
2026-08-18 16:45:00+07:00,33.634,2.50667,0.30438661187283206,True,True,True,True,True,True,True,True
2026-08-18 17:00:00+07:00,32.9913,2.38,0.287268676741212,True,True,True,True,True,True,True,True
2026-08-18 17:15:00+07:00,32.3627,2.3,0.27115912829994293,True,True,True,True,True,True,True,True
2026-08-18 17:30:00+07:00,31.4587,2.15333,0.24906477073808003,True,True,True,True,True,True,True,True
2026-08-18 17:45:00+07:00,29.3987,1.73333,0.20327050516044642,True,True,True,True,True,True,True,True
2026-08-19 07:15:00+07:00,46.2193,7.41333,0.7898781096824242,True,True,True,False,False,False,True,True
2026-08-19 07:30:00+07:00,45.754,5.78,0.766261826568512,True,True,True,False,False,False,True,True
2026-08-19 07:45:00+07:00,37.81,3.20714,0.43242422832800015,True,True,True,False,False,False,True,True
2026-08-19 08:00:00+07:00,35.8658,2.88333,0.36908938419381043,True,True,True,False,False,False,True,True
2026-08-19 08:15:00+07:00,34.3633,2.66,0.32461948010893715,True,True,True,False,False,False,True,True
2026-08-19 08:30:00+07:00,32.806,2.37333,0.2824553653009279,True,True,True,False,False,False,True,True
2026-08-19 08:45:00+07:00,32.7747,2.42,0.2816476697012938,True,True,True,False,False,False,True,True
2026-08-19 09:00:00+07:00,34.3213,2.68,0.32343065124291676,True,True,True,False,False,False,True,True
2026-08-19 09:15:00+07:00,34.9573,2.78,0.34174615094076405,True,True,True,False,False,False,True,True
2026-08-19 09:30:00+07:00,35.0187,2.81333,0.3435500737919137,True,True,True,False,False,False,True,True
2026-08-19 09:45:00+07:00,34.986,2.74667,0.3425885646180479,True,True,True,True,True,True,True,True
2026-08-19 10:00:00+07:00,34.1567,2.62,0.3187995523722501,True,True,True,True,True,True,True,True
2026-08-19 10:15:00+07:00,34.19,2.64,0.31973287247199994,True,True,True,True,True,True,True,True
2026-08-19 10:30:00+07:00,34.1687,2.62667,0.3191356743162377,True,True,True,True,True,True,True,True
2026-08-19 10:45:00+07:00,34.0407,2.56667,0.31556253303519316,True,True,True,True,True,True,True,True
2026-08-19 11:00:00+07:00,34.0564,2.59286,0.31599935869860907,True,True,True,True,True,True,True,True
2026-08-19 11:15:00+07:00,34.3467,2.65333,0.3241492621154284,True,True,True,True,True,True,True,True
2026-08-19 11:30:00+07:00,34.5417,2.70833,0.32970164258101364,True,True,True,True,True,True,True,True
2026-08-19 11:45:00+07:00,35.1893,2.88,0.3485955752393517,True,True,True,True,True,True,True,True
2026-08-19 12:00:00+07:00,36.6153,3.17333,0.39271526008530844,True,True,True,True,True,True,True,True
2026-08-19 12:15:00+07:00,36.4907,3.09333,0.3887197175588051,True,True,True,True,True,True,True,True
2026-08-19 12:30:00+07:00,35.54,2.9,0.359122203712,True,True,True,True,True,True,True,True
2026-08-19 12:45:00+07:00,35.2807,2.83333,0.35131894262801566,True,True,True,True,True,True,True,True
2026-08-19 13:00:00+07:00,35.246,2.87333,0.350283352535488,True,True,True,True,True,True,True,True
2026-08-19 13:15:00+07:00,35.5567,2.94667,0.359628688744554,True,True,True,True,True,True,True,True
2026-08-19 13:30:00+07:00,36.316,3.04667,0.38316339201996813,True,True,True,True,True,True,True,True
2026-08-19 13:45:00+07:00,36.1627,2.88667,0.37833152644959117,True,True,True,True,True,True,True,True
2026-08-19 14:00:00+07:00,36.32,2.60909,0.38329001574400007,True,True,True,True,True,True,True,True
2026-08-19 14:15:00+07:00,33.278,2.4,0.29482318880761593,True,True,True,True,True,True,True,True
2026-08-19 14:30:00+07:00,33.5347,2.52667,0.3016985782226154,True,True,True,True,True,True,True,True
2026-08-19 14:45:00+07:00,33.2467,2.48667,0.29399207313993236,True,True,True,True,True,True,True,True
2026-08-19 15:00:00+07:00,33.5993,2.51333,0.3034454818671332,True,True,True,True,True,True,True,True
2026-08-19 15:15:00+07:00,33.1167,2.46667,0.29055687007547565,True,True,True,True,True,True,True,True
2026-08-19 15:30:00+07:00,33.6713,2.57333,0.30540042673935286,True,True,True,True,True,True,True,True
2026-08-19 15:45:00+07:00,33.78,2.6,0.308367729216,True,True,True,True,True,True,True,True
2026-08-19 16:00:00+07:00,33.5873,2.55333,0.3031204710398689,True,True,True,True,True,True,True,True
2026-08-19 16:15:00+07:00,33.5647,2.50667,0.30250899758308025,True,True,True,True,True,True,True,True
2026-08-19 16:30:00+07:00,33.48,2.51333,0.300224641536,True,True,True,True,True,True,True,True
2026-08-19 16:45:00+07:00,33.772,2.52667,0.3081486921251839,True,True,True,True,True,True,True,True
2026-08-19 17:00:00+07:00,32.4913,2.30667,0.274404514032932,True,True,True,True,True,True,True,True
2026-08-19 17:15:00+07:00,31.7893,2.17333,0.2569998569369676,True,True,True,True,True,True,True,True
2026-08-19 17:30:00+07:00,31.6253,2.19333,0.25304277920581025,True,True,True,True,True,True,True,True
2026-08-19 17:45:00+07:00,31.8,1.73333,0.257259456,True,True,True,True,True,True,True,True
2026-08-20 07:15:00+07:00,13.2653,2.46,0.018674166019272614,True,True,True,False,False,False,True,True
2026-08-20 07:30:00+07:00,48.806,6.94,0.930057145524928,True,True,True,False,False,False,True,True
2026-08-20 07:45:00+07:00,40.284,3.81333,0.5229832130104319,True,True,True,False,False,False,True,True
2026-08-20 08:00:00+07:00,37.48,3.15333,0.4212003599359999,True,True,True,False,False,False,True,True
2026-08-20 08:15:00+07:00,35.7487,2.78667,0.36548600090000244,True,True,True,False,False,False,True,True
2026-08-20 08:30:00+07:00,33.7327,2.50667,0.30707417863347825,True,True,True,False,False,False,True,True
2026-08-20 08:45:00+07:00,32.488,2.32,0.274320912306176,True,True,True,False,False,False,True,True
2026-08-20 09:00:00+07:00,32.3447,2.35333,0.27070692714588507,True,True,True,False,False,False,True,True
2026-08-20 09:15:00+07:00,32.8093,2.41333,0.28254061157936294,True,True,True,False,False,False,True,True
2026-08-20 09:30:00+07:00,32.774,2.38,0.28162962384659207,True,True,True,False,False,False,True,True
2026-08-20 09:45:00+07:00,33.5713,2.51333,0.30268748438649673,True,True,True,False,False,False,True,True
2026-08-20 10:00:00+07:00,33.9887,2.58667,0.3141185969834968,True,True,True,True,True,True,True,True
2026-08-20 10:15:00+07:00,34.3087,2.66,0.3230745694252761,True,True,True,True,True,True,True,True
2026-08-20 10:30:00+07:00,34.4853,2.68667,0.32808925869710787,True,True,True,True,True,True,True,True
2026-08-20 10:45:00+07:00,34.1107,2.64,0.3175132713164163,True,True,True,True,True,True,True,True
2026-08-20 11:00:00+07:00,35.3127,2.86,0.35227576089327495,True,True,True,True,True,True,True,True
2026-08-20 11:15:00+07:00,34.7033,2.74,0.33435075699747946,True,True,True,True,True,True,True,True
2026-08-20 11:30:00+07:00,35.0547,2.78667,0.34461069466493843,True,True,True,True,True,True,True,True
2026-08-20 11:45:00+07:00,35.5573,2.93333,0.35964689466814004,True,True,True,True,True,True,True,True
2026-08-20 12:00:00+07:00,36.0627,3.00667,0.375201619406495,True,True,True,True,True,True,True,True
2026-08-20 12:15:00+07:00,35.7933,2.94,0.3668556468550819,True,True,True,True,True,True,True,True
2026-08-20 12:30:00+07:00,35.5653,2.88,0.3598896990322406,True,True,True,True,True,True,True,True
2026-08-20 12:45:00+07:00,34.9353,2.82,0.3411013341488797,True,True,True,True,True,True,True,True
2026-08-20 13:00:00+07:00,34.3047,2.65333,0.3229615822573186,True,True,True,True,True,True,True,True
2026-08-20 13:15:00+07:00,34.366,2.65333,0.32469600431916806,True,True,True,True,True,True,True,True
2026-08-20 13:30:00+07:00,34.996,2.76667,0.34288241343948817,True,True,True,True,True,True,True,True
2026-08-20 13:45:00+07:00,35.2347,2.84667,0.3499465540614873,True,True,True,True,True,True,True,True
2026-08-20 14:00:00+07:00,36.3887,3.12,0.38546913438644087,True,True,True,True,True,True,True,True
2026-08-20 14:15:00+07:00,37.8827,3.41333,0.43492338676076236,True,True,True,True,True,True,True,True
2026-08-20 14:30:00+07:00,38.1467,3.5,0.4440796875085965,True,True,True,True,True,True,True,True
2026-08-20 14:45:00+07:00,36.9433,3.21333,0.40336391816404593,True,True,True,True,True,True,True,True
2026-08-20 15:00:00+07:00,35.8273,2.86667,0.36790206704393935,True,True,True,True,True,True,True,True
2026-08-20 15:15:00+07:00,33.6793,2.52,0.3056181596997539,True,True,True,True,True,True,True,True
2026-08-20 15:30:00+07:00,33.4233,2.48,0.29870188843381873,True,True,True,True,True,True,True,True
2026-08-20 15:45:00+07:00,33.0747,2.45333,0.2894527819659418,True,True,True,True,True,True,True,True
2026-08-20 16:00:00+07:00,33.102,2.42667,0.29017012045766394,True,True,True,True,True,True,True,True
2026-08-20 16:15:00+07:00,32.5373,2.34667,0.27557164062136097,True,True,True,True,True,True,True,True
2026-08-20 16:30:00+07:00,32.648,2.35333,0.27839391105433614,True,True,True,True,True,True,True,True
2026-08-20 16:45:00+07:00,32.8307,2.4,0.28309383707160357,True,True,True,True,True,True,True,True
2026-08-20 17:00:00+07:00,32.362,2.24667,0.27114153329542406,True,True,True,True,True,True,True,True
2026-08-20 17:15:00+07:00,31.7767,2.18,0.25669438482445334,True,True,True,False,False,False,True,True
2026-08-20 17:30:00+07:00,31.8379,2.20769,0.25818037660763155,True,True,True,False,False,False,True,True
2026-08-20 17:45:00+07:00,29.7213,1.75333,0.21003583187554078,True,True,True,False,False,False,True,True
2026-08-21 07:15:00+07:00,13.1213,2.44,0.018072597749444773,True,True,True,False,False,False,True,True
2026-08-21 07:30:00+07:00,47.1193,6.26,0.8369248766322086,True,True,True,False,False,False,True,True
2026-08-21 07:45:00+07:00,38.614,3.48667,0.4606004561563519,True,True,True,False,False,False,True,True
2026-08-21 08:00:00+07:00,36.1793,2.95333,0.378852769609154,True,True,True,False,False,False,True,True
2026-08-21 08:15:00+07:00,34.456,2.64667,0.3272536983265281,True,True,True,False,False,False,True,True
2026-08-21 08:30:00+07:00,32.9933,2.4,0.28732092435047385,True,True,True,False,False,False,True,True
2026-08-21 08:45:00+07:00,31.14,2.07333,0.24157156435200003,True,True,True,True,True,True,True,True
2026-08-21 09:00:00+07:00,30.9973,2.06,0.23826573262360254,True,True,True,False,False,False,True,True
2026-08-21 09:15:00+07:00,31.718,2.19333,0.25527446302585605,True,True,True,False,False,False,True,True
2026-08-21 09:30:00+07:00,31.912,2.26667,0.25998725394022404,True,True,True,False,False,False,True,True
2026-08-21 09:45:00+07:00,32.4093,2.33333,0.2723321656930589,True,True,True,False,False,False,True,True
2026-08-21 10:00:00+07:00,32.3687,2.31333,0.2713099738496295,True,True,True,True,True,True,True,True
2026-08-21 10:15:00+07:00,32.162,2.34667,0.26614550140422405,True,True,True,True,True,True,True,True
2026-08-21 10:30:00+07:00,32.2693,2.30667,0.26881817031477245,True,True,True,True,True,True,True,True
2026-08-21 10:45:00+07:00,32.2573,2.35333,0.2685183851995721,True,True,True,True,True,True,True,True
2026-08-21 11:00:00+07:00,32.8013,2.37333,0.28233398353838557,True,True,True,True,True,True,True,True
2026-08-21 11:15:00+07:00,32.1387,2.30667,0.2655674870920608,True,True,True,True,True,True,True,True
2026-08-21 11:30:00+07:00,32.2693,2.30667,0.26881817031477245,True,True,True,True,True,True,True,True
2026-08-21 11:45:00+07:00,32.6467,2.38,0.2783606565511165,True,True,True,True,True,True,True,True
2026-08-21 12:00:00+07:00,32.4893,2.34667,0.2743538442923996,True,True,True,True,True,True,True,True
2026-08-21 12:15:00+07:00,32.562,2.36,0.27619970022662393,True,True,True,True,True,True,True,True
2026-08-21 12:30:00+07:00,32.7567,2.4,0.2811838783359461,True,True,True,True,True,True,True,True
2026-08-21 12:45:00+07:00,32.6723,2.34615,0.2790160020071605,True,True,True,True,True,True,True,True
2026-08-21 13:00:00+07:00,32.2127,2.24,0.26740613749329906,True,True,True,True,True,True,True,True
2026-08-21 13:15:00+07:00,31.952,2.28,0.26096612058726404,True,True,True,True,True,True,True,True
2026-08-21 13:30:00+07:00,31.9473,2.22,0.26085097658781453,True,True,True,True,True,True,True,True
2026-08-21 13:45:00+07:00,31.5273,2.10667,0.2506976858020114,True,True,True,True,True,True,True,True
2026-08-21 14:00:00+07:00,31.6136,2.16429,0.2527620382777877,True,True,True,True,True,True,True,True
2026-08-21 14:15:00+07:00,31.8053,2.21333,0.25738810716747895,True,True,True,True,True,True,True,True
2026-08-21 14:30:00+07:00,32.292,2.29333,0.2693858739287041,True,True,True,True,True,True,True,True
2026-08-21 14:45:00+07:00,32.0993,2.29333,0.2645919774894932,True,True,True,True,True,True,True,True
2026-08-21 15:00:00+07:00,32.7647,2.37333,0.2813899449221521,True,True,True,True,True,True,True,True
2026-08-21 15:15:00+07:00,32.53,2.34667,0.2753862022160001,True,True,True,True,True,True,True,True
2026-08-21 15:30:00+07:00,32.582,2.38,0.276708949130944,True,True,True,True,True,True,True,True
2026-08-21 15:45:00+07:00,32.6767,2.36,0.27912874299087725,True,True,True,True,True,True,True,True
2026-08-21 16:00:00+07:00,33.108,2.43333,0.29032793596569595,True,True,True,True,True,True,True,True
2026-08-21 16:15:00+07:00,33.322,2.5,0.29599417681798407,True,True,True,True,True,True,True,True
2026-08-21 16:30:00+07:00,33.0987,2.38,0.2900833463105185,True,True,True,True,True,True,True,True
2026-08-21 16:45:00+07:00,32.9173,2.42,0.28533996499280573,True,True,True,True,True,True,True,True
2026-08-21 17:00:00+07:00,33.3053,2.42,0.2955493692587191,True,True,True,True,True,True,True,True
2026-08-21 17:15:00+07:00,32.7487,2.37333,0.28097791237832237,True,True,True,True,True,True,True,True
2026-08-21 17:30:00+07:00,32.392,2.31333,0.27189628784230413,True,True,True,True,True,True,True,True
2026-08-21 17:45:00+07:00,32.462,1.87333,0.27366282588102403,True,True,True,True,True,True,True,True
