timestamp,hz,kw,cube,mask_on-hours,mask_outage,mask_override,mask_settling,in_evaluation,in_analysis,in_no_settling,in_all_usable
2026-05-18 12:00:00+07:00,35.075,2.775,0.345209728375,True,True,True,True,True,True,True,True
2026-05-18 12:15:00+07:00,35.5427,2.9,0.359204058265916,True,True,True,False,False,False,True,True
2026-05-18 12:30:00+07:00,36.1773,2.96,0.3787899438783754,True,True,True,False,False,False,True,True
2026-05-18 12:45:00+07:00,34.55,2.72667,0.3299393709999999,True,True,True,False,False,False,True,True
2026-05-18 13:00:00+07:00,34.8223,2.83077,0.33780210003332456,True,True,True,False,False,False,True,True
2026-05-18 13:15:00+07:00,36.6979,3.18571,0.39537902462825375,True,True,True,False,False,False,True,True
2026-05-18 13:30:00+07:00,36.6913,3.09333,0.39516574003048394,True,True,True,False,False,False,True,True
2026-05-18 13:45:00+07:00,37.326,3.3,0.41602970625580793,True,True,True,False,False,False,True,True
2026-05-18 14:00:00+07:00,37.2333,3.27333,0.4129377392404004,True,True,True,False,False,False,True,True
2026-05-18 14:15:00+07:00,37.4807,3.36667,0.42122396018348757,True,True,True,False,False,False,True,True
2026-05-18 14:30:00+07:00,37.178,3.24667,0.411100548510016,True,True,True,False,False,False,True,True
2026-05-18 14:45:00+07:00,37.3307,3.30667,0.41618688242052354,True,True,True,False,False,False,True,True
2026-05-18 15:00:00+07:00,37.264,3.26667,0.4139600212459521,True,True,True,False,False,False,True,True
2026-05-18 15:15:00+07:00,37.1233,3.26,0.4092886599624506,True,True,True,True,True,True,True,True
2026-05-18 15:30:00+07:00,37.2727,3.24,0.41425002981283676,True,True,True,True,True,True,True,True
2026-05-18 15:45:00+07:00,37.1367,3.24667,0.40973202959430294,True,True,True,True,True,True,True,True
2026-05-18 16:00:00+07:00,36.7467,3.17333,0.39695842005469245,True,True,True,True,True,True,True,True
2026-05-18 16:15:00+07:00,36.9473,3.21333,0.4034949538626145,True,True,True,True,True,True,True,True
2026-05-18 16:30:00+07:00,37.2887,3.27333,0.4147837324485447,True,True,True,True,True,True,True,True
2026-05-18 16:45:00+07:00,37.1413,3.23333,0.40988430490193595,True,True,True,True,True,True,True,True
2026-05-18 17:00:00+07:00,36.664,3.06667,0.3942843321835521,True,True,True,False,False,False,True,True
2026-05-18 17:15:00+07:00,35.686,2.96,0.36356628327084806,True,True,True,False,False,False,True,True
2026-05-18 17:30:00+07:00,36.1293,2.96667,0.37728420926896616,True,True,True,False,False,False,True,True
2026-05-18 17:45:00+07:00,30.386,2.28,0.22444533721964804,True,True,True,False,False,False,True,True
2026-05-19 07:15:00+07:00,47.8213,6.32,0.8748913467584768,True,True,True,False,False,False,True,True
2026-05-19 07:30:00+07:00,43.9587,5.25333,0.67955483744508,True,True,True,False,False,False,True,True
2026-05-19 07:45:00+07:00,39.6447,3.82667,0.49847730974725296,True,True,True,False,False,False,True,True
2026-05-19 08:00:00+07:00,37.3127,3.24,0.415585145595195,True,True,True,False,False,False,True,True
2026-05-19 08:15:00+07:00,34.9973,2.94,0.34292062612344265,True,True,True,False,False,False,True,True
2026-05-19 08:30:00+07:00,34.9093,2.81333,0.340340324282459,True,True,True,False,False,False,True,True
2026-05-19 08:45:00+07:00,35.4633,2.87333,0.35680211895483305,True,True,True,False,False,False,True,True
2026-05-19 09:00:00+07:00,34.8587,2.74667,0.33886252861038396,True,True,True,False,False,False,True,True
2026-05-19 09:15:00+07:00,35.5927,2.96,0.36072213205586384,True,True,True,False,False,False,True,True
2026-05-19 09:30:00+07:00,35.6473,2.90667,0.36238474745916666,True,True,True,False,False,False,True,True
2026-05-19 09:45:00+07:00,35.964,2.98,0.37212937537075186,True,True,True,False,False,False,True,True
2026-05-19 10:00:00+07:00,36.0627,2.99333,0.375201619406495,True,True,True,True,True,True,True,True
2026-05-19 10:15:00+07:00,36.2713,3.03333,0.38175026853760863,True,True,True,True,True,True,True,True
2026-05-19 10:30:00+07:00,36.0773,2.98667,0.3756575055456794,True,True,True,True,True,True,True,True
2026-05-19 10:45:00+07:00,36.4307,3.07333,0.38680540611873954,True,True,True,True,True,True,True,True
2026-05-19 11:00:00+07:00,35.7553,2.94,0.36568846865241106,True,True,True,True,True,True,True,True
2026-05-19 11:15:00+07:00,33.8853,2.62,0.31126048649741184,True,True,True,False,False,False,True,True
2026-05-19 11:30:00+07:00,33.9427,2.6,0.31284494645957994,True,True,True,False,False,False,True,True
2026-05-19 11:45:00+07:00,34.2913,2.68,0.32258326719074004,True,True,True,False,False,False,True,True
2026-05-19 12:00:00+07:00,34.0453,2.64667,0.3156904784491173,True,True,True,False,False,False,True,True
2026-05-19 12:15:00+07:00,34.2075,2.75,0.32022408537337504,True,True,True,False,False,False,True,True
2026-05-19 12:30:00+07:00,33.9707,2.65333,0.31361980112660987,True,True,True,False,False,False,True,True
2026-05-19 12:45:00+07:00,34.4253,2.70667,0.32637973677985815,True,True,True,False,False,False,True,True
2026-05-19 13:00:00+07:00,34.0007,2.62667,0.31445142119984276,True,True,True,False,False,False,True,True
2026-05-19 13:15:00+07:00,33.7327,2.60667,0.30707417863347825,True,True,True,False,False,False,True,True
2026-05-19 13:30:00+07:00,34.05,2.63333,0.3158212409999999,True,True,True,False,False,False,True,True
2026-05-19 13:45:00+07:00,34.122,2.62667,0.31782892787078404,True,True,True,False,False,False,True,True
2026-05-19 14:00:00+07:00,34.3567,2.67333,0.324432471547722,True,True,True,False,False,False,True,True
2026-05-19 14:15:00+07:00,34.2527,2.66,0.3214951454425374,True,True,True,False,False,False,True,True
2026-05-19 14:30:00+07:00,34.5467,2.70667,0.32984483879170057,True,True,True,False,False,False,True,True
2026-05-19 14:45:00+07:00,34.6567,2.74667,0.33300565443093016,True,True,True,False,False,False,True,True
2026-05-19 15:00:00+07:00,34.5827,2.68667,0.3308770756569944,True,True,True,False,False,False,True,True
2026-05-19 15:15:00+07:00,34.3646,2.72308,0.3246563235980011,True,True,True,False,False,False,True,True
2026-05-19 15:30:00+07:00,33.9233,2.87667,0.3123088320284986,True,True,True,False,False,False,True,True
2026-05-19 15:45:00+07:00,35.534,2.94667,0.358940349226432,True,True,True,False,False,False,True,True
2026-05-19 16:00:00+07:00,30.23,2.90667,0.22100618533600003,True,True,True,False,False,False,True,True
2026-05-19 16:15:00+07:00,30.0,2.9,0.21599999999999997,True,True,True,False,False,False,True,True
2026-05-19 16:30:00+07:00,30.0,2.9,0.21599999999999997,True,True,True,False,False,False,True,True
2026-05-19 16:45:00+07:00,30.0,2.9,0.21599999999999997,True,True,True,False,False,False,True,True
2026-05-19 17:00:00+07:00,30.2467,2.7,0.22137265995585248,True,True,True,False,False,False,True,True
2026-05-19 17:15:00+07:00,32.0827,2.34667,0.2641816922995943,True,True,True,False,False,False,True,True
2026-05-19 17:30:00+07:00,34.678,2.76,0.33362002747001596,True,True,True,False,False,False,True,True
2026-05-19 17:45:00+07:00,28.5313,1.98,0.18580383255327446,True,True,True,False,False,False,True,True
2026-05-20 09:15:00+07:00,34.095,2.7,0.31707505125899993,True,True,True,True,True,True,True,True
2026-05-20 09:30:00+07:00,34.0087,2.5,0.31467343456830793,True,True,True,False,False,False,True,True
2026-05-20 09:45:00+07:00,33.6,2.57333,0.30346444800000005,True,True,True,False,False,False,True,True
2026-05-20 10:00:00+07:00,33.5967,2.57333,0.3033750431494084,True,True,True,False,False,False,True,True
2026-05-20 10:15:00+07:00,33.6873,2.62,0.30583599612296486,True,True,True,False,False,False,True,True
2026-05-20 10:30:00+07:00,33.772,2.59333,0.3081486921251839,True,True,True,False,False,False,True,True
2026-05-20 10:45:00+07:00,33.5593,2.56667,0.3023630151261829,True,True,True,False,False,False,True,True
2026-05-20 11:00:00+07:00,33.558,2.53333,0.302327878216896,True,True,True,True,True,True,True,True
2026-05-20 11:15:00+07:00,33.602,2.56667,0.30351864130566397,True,True,True,False,False,False,True,True
2026-05-20 11:30:00+07:00,33.6487,2.6,0.30478588990282635,True,True,True,False,False,False,True,True
2026-05-20 11:45:00+07:00,33.5053,2.57333,0.300905772785551,True,True,True,False,False,False,True,True
2026-05-20 12:00:00+07:00,34.0147,2.66667,0.3148400131548521,True,True,True,False,False,False,True,True
2026-05-20 12:15:00+07:00,34.0453,2.65333,0.3156904784491173,True,True,True,False,False,False,True,True
2026-05-20 12:30:00+07:00,34.09,2.64667,0.3169355754320001,True,True,True,False,False,False,True,True
2026-05-20 12:45:00+07:00,34.256,2.66,0.32158807559372793,True,True,True,True,True,True,True,True
2026-05-20 13:00:00+07:00,33.3613,2.60667,0.29704269995661914,True,True,True,False,False,False,True,True
2026-05-20 13:15:00+07:00,33.8273,2.6,0.3096649074300193,True,True,True,False,False,False,True,True
2026-05-20 13:30:00+07:00,33.7147,2.60667,0.3065828702310043,True,True,True,False,False,False,True,True
2026-05-20 13:45:00+07:00,33.5967,2.57333,0.3033750431494084,True,True,True,False,False,False,True,True
2026-05-20 14:00:00+07:00,33.8473,2.65333,0.3102144896242385,True,True,True,False,False,False,True,True
2026-05-20 14:15:00+07:00,33.6933,2.60667,0.30599944135262586,True,True,True,False,False,False,True,True
2026-05-20 14:30:00+07:00,33.9353,2.6,0.31264037688271973,True,True,True,False,False,False,True,True
2026-05-20 14:45:00+07:00,33.82,2.59333,0.309464471744,True,True,True,True,True,True,True,True
2026-05-20 15:00:00+07:00,33.9873,2.6,0.31407978279625287,True,True,True,False,False,False,True,True
2026-05-20 15:15:00+07:00,33.7613,2.6,0.3078558921904432,True,True,True,False,False,False,True,True
2026-05-20 15:30:00+07:00,34.284,2.65333,0.32237729454643194,True,True,True,False,False,False,True,True
2026-05-20 15:45:00+07:00,34.458,2.66667,0.32731068799929597,True,True,True,True,True,True,True,True
2026-05-20 16:00:00+07:00,34.4473,2.75333,0.32700587022521443,True,True,True,True,True,True,True,True
2026-05-20 16:15:00+07:00,34.4827,2.68,0.32801505597069824,True,True,True,True,True,True,True,True
2026-05-20 16:30:00+07:00,34.7947,2.74,0.336999515171577,True,True,True,False,False,False,True,True
2026-05-20 16:45:00+07:00,34.4513,2.72,0.3271197986353096,True,True,True,False,False,False,True,True
2026-05-20 17:00:00+07:00,34.2073,2.64,0.320218468671544,True,True,True,False,False,False,True,True
2026-05-20 17:15:00+07:00,34.0433,2.62667,0.315634845759702,True,True,True,False,False,False,True,True
2026-05-20 17:30:00+07:00,33.968,2.59333,0.31354502732185613,True,True,True,False,False,False,True,True
2026-05-20 17:45:00+07:00,27.2447,2.1,0.16178418941966896,True,True,True,False,False,False,True,True
2026-05-21 07:15:00+07:00,15.8953,2.38,0.03212892346071342,True,True,True,False,False,False,True,True
2026-05-21 07:30:00+07:00,42.704,4.92667,0.6230109162373121,True,True,True,False,False,False,True,True
2026-05-21 07:45:00+07:00,37.982,3.44667,0.438352487441344,True,True,True,False,False,False,True,True
2026-05-21 08:00:00+07:00,35.5207,2.85333,0.3585374573444379,True,True,True,False,False,False,True,True
2026-05-21 08:15:00+07:00,33.8187,2.61333,0.3094287867928417,True,True,True,False,False,False,True,True
2026-05-21 08:30:00+07:00,32.9793,2.47333,0.2869553240931221,True,True,True,False,False,False,True,True
2026-05-21 08:45:00+07:00,34.0,2.65455,0.31443200000000004,True,True,True,False,False,False,True,True
2026-05-21 09:00:00+07:00,33.85,2.62857,0.31028873300000004,True,True,True,False,False,False,True,True
2026-05-21 09:15:00+07:00,33.5427,2.54667,0.30191454834799597,True,True,True,False,False,False,True,True
2026-05-21 09:30:00+07:00,33.8513,2.6,0.3103244840349736,True,True,True,False,False,False,True,True
2026-05-21 09:45:00+07:00,33.5547,2.52,0.30223869674969855,True,True,True,False,False,False,True,True
2026-05-21 10:00:00+07:00,33.8453,2.58667,0.31015950216708543,True,True,True,False,False,False,True,True
2026-05-21 10:15:00+07:00,33.7947,2.59333,0.308770480417417,True,True,True,False,False,False,True,True
2026-05-21 10:30:00+07:00,33.4647,2.56667,0.29981323130446424,True,True,True,False,False,False,True,True
2026-05-21 10:45:00+07:00,33.772,2.62667,0.3081486921251839,True,True,True,False,False,False,True,True
2026-05-21 11:00:00+07:00,33.564,2.56667,0.30249007128115196,True,True,True,False,False,False,True,True
2026-05-21 11:15:00+07:00,33.578,2.62667,0.3028687473324161,True,True,True,False,False,False,True,True
2026-05-21 11:30:00+07:00,33.604,2.64,0.303572841062912,True,True,True,False,False,False,True,True
2026-05-21 11:45:00+07:00,33.5273,2.57333,0.3014988975759313,True,True,True,False,False,False,True,True
2026-05-21 12:00:00+07:00,34.0967,2.65333,0.3171224823600884,True,True,True,False,False,False,True,True
2026-05-21 12:15:00+07:00,33.9347,2.62,0.3126237940698794,True,True,True,False,False,False,True,True
2026-05-21 12:30:00+07:00,34.2413,2.62,0.32117425176191206,True,True,True,False,False,False,True,True
2026-05-21 12:45:00+07:00,33.8177,2.63846,0.30940133869720987,True,True,True,False,False,False,True,True
2026-05-21 13:00:00+07:00,33.42,2.78667,0.298613421504,True,True,True,False,False,False,True,True
2026-05-21 13:15:00+07:00,33.42,2.68667,0.298613421504,True,True,True,False,False,False,True,True
2026-05-21 13:30:00+07:00,33.42,2.34667,0.298613421504,True,True,True,False,False,False,True,True
2026-05-21 13:45:00+07:00,33.42,2.88667,0.298613421504,True,True,True,False,False,False,True,True
2026-05-21 14:00:00+07:00,33.1787,2.68,0.2921918403348832,True,True,True,False,False,False,True,True
2026-05-21 14:15:00+07:00,32.564,2.40667,0.276250596977152,True,True,True,False,False,False,True,True
2026-05-21 14:30:00+07:00,33.862,2.62,0.3106188468794241,True,True,True,False,False,False,True,True
2026-05-21 14:45:00+07:00,33.5013,2.58,0.3007980155587776,True,True,True,False,False,False,True,True
2026-05-21 15:00:00+07:00,34.2127,2.68667,0.32037014267521896,True,True,True,False,False,False,True,True
2026-05-21 15:15:00+07:00,33.44,2.62,0.29914985267199995,True,True,True,False,False,False,True,True
2026-05-21 15:30:00+07:00,34.218,2.73333,0.3205190544658561,True,True,True,False,False,False,True,True
2026-05-21 15:45:00+07:00,33.814,2.62,0.309299794857152,True,True,True,False,False,False,True,True
2026-05-21 16:00:00+07:00,33.9753,2.72,0.31374722091288615,True,True,True,False,False,False,True,True
2026-05-21 16:15:00+07:00,33.998,2.69333,0.31437651526393584,True,True,True,True,True,True,True,True
2026-05-21 16:30:00+07:00,34.1453,2.69333,0.31848045520613344,True,True,True,True,True,True,True,True
2026-05-21 16:45:00+07:00,34.984,2.82,0.3425298150072321,True,True,True,False,False,False,True,True
2026-05-21 17:00:00+07:00,33.7273,2.62,0.3069267310413233,True,True,True,False,False,False,True,True
2026-05-21 17:15:00+07:00,34.3547,2.73333,0.32437581646982655,True,True,True,False,False,False,True,True
2026-05-21 17:30:00+07:00,33.5293,2.58,0.30155285662719006,True,True,True,False,False,False,True,True
2026-05-21 17:45:00+07:00,29.9973,2.03333,0.21594168524864252,True,True,True,False,False,False,True,True
2026-05-22 07:15:00+07:00,16.1487,2.06667,0.03369012999302644,True,True,True,True,True,True,True,True
2026-05-22 07:30:00+07:00,43.3247,5.06667,0.6505739649180817,True,True,True,False,False,False,True,True
2026-05-22 07:45:00+07:00,37.926,3.43333,0.43641644687020814,True,True,True,False,False,False,True,True
2026-05-22 08:00:00+07:00,35.36,2.93333,0.3536932372479999,True,True,True,False,False,False,True,True
2026-05-22 08:15:00+07:00,33.9353,2.64,0.31264037688271973,True,True,True,False,False,False,True,True
2026-05-22 08:30:00+07:00,33.0247,2.50667,0.28814204251183384,True,True,True,False,False,False,True,True
2026-05-22 08:45:00+07:00,33.6347,2.60667,0.3044056172004314,True,True,True,False,False,False,True,True
2026-05-22 09:00:00+07:00,33.4533,2.59333,0.2995069348207794,True,True,True,False,False,False,True,True
2026-05-22 09:15:00+07:00,33.5887,2.59333,0.30315837700567294,True,True,True,False,False,False,True,True
2026-05-22 09:30:00+07:00,33.4133,2.60667,0.29843386056584514,True,True,True,False,False,False,True,True
2026-05-22 09:45:00+07:00,32.9767,2.52,0.28688746106768537,True,True,True,False,False,False,True,True
2026-05-22 10:00:00+07:00,33.52,2.54667,0.3013020016640001,True,True,True,False,False,False,True,True
2026-05-22 10:15:00+07:00,33.292,2.58667,0.29519544026470396,True,True,True,False,False,False,True,True
2026-05-22 10:30:00+07:00,33.2307,2.51333,0.29356782563950745,True,True,True,False,False,False,True,True
2026-05-22 10:45:00+07:00,33.3953,2.58667,0.29795181453851344,True,True,True,False,False,False,True,True
2026-05-22 11:00:00+07:00,33.486,2.58,0.300386081562048,True,True,True,False,False,False,True,True
2026-05-22 11:15:00+07:00,33.3007,2.56667,0.29542692574361074,True,True,True,False,False,False,True,True
2026-05-22 11:30:00+07:00,33.5947,2.59333,0.3033208669385851,True,True,True,False,False,False,True,True
2026-05-22 11:45:00+07:00,33.142,2.53333,0.29122330479430414,True,True,True,False,False,False,True,True
2026-05-22 12:00:00+07:00,33.93,2.68,0.312493915656,True,True,True,False,False,False,True,True
2026-05-22 12:15:00+07:00,33.9447,2.62667,0.312900250848541,True,True,True,False,False,False,True,True
2026-05-22 12:30:00+07:00,33.908,2.64667,0.31188645239449597,True,True,True,False,False,False,True,True
2026-05-22 12:45:00+07:00,33.936,2.66,0.31265972423884797,True,True,True,False,False,False,True,True
2026-05-22 13:00:00+07:00,33.5553,2.6,0.30225491025725915,True,True,True,False,False,False,True,True
2026-05-22 13:15:00+07:00,33.5027,2.62,0.3008357276613174,True,True,True,False,False,False,True,True
2026-05-22 13:30:00+07:00,33.396,2.52667,0.2979705510650881,True,True,True,False,False,False,True,True
2026-05-22 13:45:00+07:00,33.5687,2.55333,0.30261716302470165,True,True,True,False,False,False,True,True
2026-05-22 14:00:00+07:00,33.8007,2.61333,0.3089349693894908,True,True,True,False,False,False,True,True
2026-05-22 14:15:00+07:00,33.2233,2.52667,0.2933717492839467,True,True,True,False,False,False,True,True
2026-05-22 14:30:00+07:00,33.5267,2.58667,0.30148271111583325,True,True,True,False,False,False,True,True
2026-05-22 14:45:00+07:00,33.2713,2.56,0.2946451506719287,True,True,True,False,False,False,True,True
2026-05-22 15:00:00+07:00,33.2953,2.54667,0.29528323086149744,True,True,True,False,False,False,True,True
2026-05-22 15:15:00+07:00,33.5853,2.6,0.3030663251415637,True,True,True,False,False,False,True,True
2026-05-22 15:30:00+07:00,33.396,2.6,0.2979705510650881,True,True,True,False,False,False,True,True
2026-05-22 15:45:00+07:00,33.3807,2.54667,0.29756120313847145,True,True,True,False,False,False,True,True
2026-05-22 16:00:00+07:00,33.0827,2.5,0.28966286844255434,True,True,True,False,False,False,True,True
2026-05-22 16:15:00+07:00,34.0254,2.66786,0.3151372241816565,True,True,True,False,False,False,True,True
2026-05-22 16:30:00+07:00,33.1053,2.54,0.290256911907887,True,True,True,False,False,False,True,True
2026-05-22 16:45:00+07:00,34.3093,2.66667,0.3230915197730028,True,True,True,False,False,False,True,True
2026-05-22 17:00:00+07:00,33.6307,2.57333,0.30429702598341146,True,True,True,False,False,False,True,True
2026-05-22 17:15:00+07:00,33.7633,2.64667,0.3079106070497211,True,True,True,False,False,False,True,True
2026-05-22 17:30:00+07:00,33.776,2.64,0.30825819770060814,True,True,True,False,False,False,True,True
2026-05-22 17:45:00+07:00,29.3393,1.97333,0.20204087033895568,True,True,True,False,False,False,True,True
2026-05-25 06:45:00+07:00,12.8107,2.45333,0.016819325293128344,True,True,True,True,True,True,True,True
2026-05-25 07:00:00+07:00,47.6473,6.71333,0.8653760554786867,True,True,True,False,False,False,True,True
2026-05-25 07:15:00+07:00,41.1727,4.29333,0.5583647980919807,True,True,True,False,False,False,True,True
2026-05-25 07:30:00+07:00,38.0567,3.42667,0.44094392863795406,True,True,True,False,False,False,True,True
2026-05-25 07:45:00+07:00,35.5185,2.9,0.3584708426476531,True,True,True,False,False,False,True,True
2026-05-25 08:00:00+07:00,33.7833,2.62667,0.30845811224630826,True,True,True,False,False,False,True,True
2026-05-25 08:15:00+07:00,33.3387,2.6,0.29643943044953297,True,True,True,False,False,False,True,True
2026-05-25 08:30:00+07:00,34.3773,2.68667,0.32501640280184735,True,True,True,False,False,False,True,True
2026-05-25 08:45:00+07:00,33.5373,2.61333,0.30176875721232105,True,True,True,False,False,False,True,True
2026-05-25 09:00:00+07:00,33.662,2.60667,0.3051474421882239,True,True,True,False,False,False,True,True
2026-05-25 09:15:00+07:00,33.752,2.62,0.3076015532400641,True,True,True,False,False,False,True,True
2026-05-25 09:30:00+07:00,33.8853,2.61333,0.31126048649741184,True,True,True,False,False,False,True,True
2026-05-25 09:45:00+07:00,33.7073,2.60667,0.306381039992064,True,True,True,False,False,False,True,True
2026-05-25 10:00:00+07:00,33.658,2.59333,0.305038674610496,True,True,True,False,False,False,True,True
2026-05-25 10:15:00+07:00,34.1607,2.68667,0.31891156678380433,True,True,True,False,False,False,True,True
2026-05-25 10:30:00+07:00,34.1313,2.65333,0.31808887289561044,True,True,True,False,False,False,True,True
2026-05-25 10:45:00+07:00,34.028,2.68667,0.3152094719196159,True,True,True,False,False,False,True,True
2026-05-25 11:00:00+07:00,33.9133,2.65333,0.31203272376852514,True,True,True,False,False,False,True,True
2026-05-25 11:15:00+07:00,34.29,2.72,0.32254658071199993,True,True,True,False,False,False,True,True
2026-05-25 11:30:00+07:00,34.384,2.72667,0.32520647308083195,True,True,True,False,False,False,True,True
2026-05-25 11:45:00+07:00,33.566,2.57333,0.30254414852396805,True,True,True,False,False,False,True,True
2026-05-25 12:00:00+07:00,34.53,2.73846,0.329366725416,True,True,True,False,False,False,True,True
2026-05-25 12:15:00+07:00,34.6233,2.73333,0.3320437907890507,True,True,True,False,False,False,True,True
2026-05-25 12:30:00+07:00,34.188,2.68,0.31967676586137606,True,True,True,False,False,False,True,True
2026-05-25 12:45:00+07:00,34.3233,2.70667,0.3234871962162427,True,True,True,False,False,False,True,True
2026-05-25 13:00:00+07:00,34.024,2.65333,0.31509832612659194,True,True,True,False,False,False,True,True
2026-05-25 13:15:00+07:00,33.4193,2.56,0.2985946580374965,True,True,True,False,False,False,True,True
2026-05-25 13:30:00+07:00,34.428,2.75333,0.32645653736601593,True,True,True,False,False,False,True,True
2026-05-25 13:45:00+07:00,34.4273,2.69333,0.32643662494619546,True,True,True,False,False,False,True,True
2026-05-25 14:00:00+07:00,34.1827,2.71333,0.31952811508781026,True,True,True,False,False,False,True,True
2026-05-25 14:15:00+07:00,34.694,2.78,0.3340820250190721,True,True,True,False,False,False,True,True
2026-05-25 14:30:00+07:00,34.5813,2.78,0.3308368929222623,True,True,True,False,False,False,True,True
2026-05-25 14:45:00+07:00,34.8893,2.81333,0.3397557029190237,True,True,True,False,False,False,True,True
2026-05-25 15:00:00+07:00,34.986,2.82,0.3425885646180479,True,True,True,False,False,False,True,True
2026-05-25 15:15:00+07:00,34.5187,2.72,0.3290434737956337,True,True,True,False,False,False,True,True
2026-05-25 15:30:00+07:00,34.9393,2.83333,0.3412185131824117,True,True,True,False,False,False,True,True
2026-05-25 15:45:00+07:00,36.3793,3.17333,0.3851704861299062,True,True,True,False,False,False,True,True
2026-05-25 16:00:00+07:00,36.4453,3.16,0.3872706419615015,True,True,True,False,False,False,True,True
2026-05-25 16:15:00+07:00,36.2327,3.12667,0.3805327865908783,True,True,True,False,False,False,True,True
2026-05-25 16:30:00+07:00,36.838,3.22667,0.399924598659776,True,True,True,True,True,True,True,True
2026-05-25 16:45:00+07:00,36.5967,3.19333,0.39211708441348847,True,True,True,True,True,True,True,True
2026-05-25 17:00:00+07:00,35.9287,3.04667,0.3710346742084231,True,True,True,False,False,False,True,True
2026-05-25 17:15:00+07:00,36.3327,3.06667,0.3836922309571743,True,True,True,False,False,False,True,True
2026-05-25 17:30:00+07:00,35.13,2.84667,0.34683621357600003,True,True,True,False,False,False,True,True
2026-05-25 17:45:00+07:00,29.108,2.05333,0.197300000221696,True,True,True,False,False,False,True,True
2026-05-26 07:15:00+07:00,47.5287,6.71333,0.8589300441957193,True,True,True,False,False,False,True,True
2026-05-26 07:30:00+07:00,40.8913,4.26667,0.546994223564036,True,True,True,False,False,False,True,True
2026-05-26 07:45:00+07:00,37.4893,3.28667,0.42151397803119955,True,True,True,False,False,False,True,True
2026-05-26 08:00:00+07:00,35.1487,2.86667,0.3473903801236664,True,True,True,False,False,False,True,True
2026-05-26 08:15:00+07:00,33.9087,2.64,0.3119057686346521,True,True,True,False,False,False,True,True
2026-05-26 08:30:00+07:00,33.056,2.54,0.2889621011169279,True,True,True,False,False,False,True,True
2026-05-26 08:45:00+07:00,34.1973,2.69333,0.31993771731147447,True,True,True,False,False,False,True,True
2026-05-26 09:00:00+07:00,33.6413,2.61333,0.30458484918397605,True,True,True,False,False,False,True,True
2026-05-26 09:15:00+07:00,33.9993,2.68667,0.3144125795998372,True,True,True,False,False,False,True,True
2026-05-26 09:30:00+07:00,33.7453,2.66,0.30741840664206943,True,True,True,False,False,False,True,True
2026-05-26 09:45:00+07:00,33.884,2.62,0.3112246636088321,True,True,True,False,False,False,True,True
2026-05-26 10:00:00+07:00,33.9147,2.66,0.3120713691242363,True,True,True,True,True,True,True,True
2026-05-26 10:15:00+07:00,33.0587,2.51333,0.2890329138045761,True,True,True,False,False,False,True,True
2026-05-26 10:30:00+07:00,34.1273,2.73333,0.31797705122010733,True,True,True,False,False,False,True,True
2026-05-26 10:45:00+07:00,33.2647,2.54667,0.2944698399152321,True,True,True,False,False,False,True,True
2026-05-26 11:00:00+07:00,33.8553,2.62667,0.310434504443507,True,True,True,False,False,False,True,True
2026-05-26 11:15:00+07:00,33.748,2.64667,0.307492203239936,True,True,True,False,False,False,True,True
2026-05-26 11:30:00+07:00,33.618,2.52,0.3039524200402561,True,True,True,False,False,False,True,True
2026-05-26 11:45:00+07:00,33.8653,2.62,0.3107096692253686,True,True,True,False,False,False,True,True
2026-05-26 12:00:00+07:00,33.6813,2.6,0.30567260910495847,True,True,True,False,False,False,True,True
2026-05-26 12:15:00+07:00,34.3107,2.67333,0.32313107288996834,True,True,True,False,False,False,True,True
2026-05-26 12:30:00+07:00,33.9667,2.64667,0.31350902935883185,True,True,True,False,False,False,True,True
2026-05-26 12:45:00+07:00,34.2693,2.68667,0.32196279379429255,True,True,True,False,False,False,True,True
2026-05-26 13:00:00+07:00,33.6933,2.58,0.30599944135262586,True,True,True,False,False,False,True,True
2026-05-26 13:15:00+07:00,33.6687,2.61333,0.3053296857999577,True,True,True,False,False,False,True,True
2026-05-26 13:30:00+07:00,33.6993,2.58667,0.3061629448043092,True,True,True,True,True,True,True,True
2026-05-26 13:45:00+07:00,33.9013,2.66,0.3117016087270016,True,True,True,False,False,False,True,True
2026-05-26 14:00:00+07:00,33.3033,2.51333,0.29549612879157555,True,True,True,False,False,False,True,True
2026-05-26 14:15:00+07:00,33.82,2.64667,0.309464471744,True,True,True,False,False,False,True,True
2026-05-26 14:30:00+07:00,33.8113,2.63333,0.3092257093216713,True,True,True,False,False,False,True,True
2026-05-26 14:45:00+07:00,34.538,2.76,0.3295957040709759,True,True,True,False,False,False,True,True
2026-05-26 15:00:00+07:00,33.7033,2.58,0.3062719794561194,True,True,True,False,False,False,True,True
2026-05-26 15:15:00+07:00,34.7253,2.78,0.33498704064450613,True,True,True,False,False,False,True,True
2026-05-26 15:30:00+07:00,34.548,2.74667,0.329882076596736,True,True,True,False,False,False,True,True
2026-05-26 15:45:00+07:00,34.598,2.74,0.331316427641536,True,True,True,False,False,False,True,True
2026-05-26 16:00:00+07:00,34.9273,2.78,0.3408670565696753,True,True,True,False,False,False,True,True
2026-05-26 16:15:00+07:00,35.022,2.84667,0.34364720664518394,True,True,True,False,False,False,True,True
2026-05-26 16:30:00+07:00,35.3287,2.8,0.3527548208112871,True,True,True,False,False,False,True,True
2026-05-26 16:45:00+07:00,34.876,2.81333,0.33936730058700787,True,True,True,False,False,False,True,True
2026-05-26 17:00:00+07:00,33.814,2.56,0.309299794857152,True,True,True,False,False,False,True,True
2026-05-26 17:15:00+07:00,34.6287,2.77333,0.33219917598929527,True,True,True,False,False,False,True,True
2026-05-26 17:30:00+07:00,34.816,2.86,0.3376187892039681,True,True,True,False,False,False,True,True
2026-05-26 17:45:00+07:00,30.2553,2.24667,0.22156154134453093,True,True,True,False,False,False,True,True
2026-05-27 07:15:00+07:00,46.3573,6.16667,0.7969744283849082,True,True,True,False,False,False,True,True
2026-05-27 07:30:00+07:00,39.522,3.79333,0.49386327091718385,True,True,True,False,False,False,True,True
2026-05-27 07:45:00+07:00,37.1,3.12,0.408518488,True,True,True,False,False,False,True,True
2026-05-27 08:00:00+07:00,34.454,2.75333,0.32719671526931204,True,True,True,False,False,False,True,True
2026-05-27 08:15:00+07:00,33.2973,2.57333,0.2953364457540106,True,True,True,False,False,False,True,True
2026-05-27 08:30:00+07:00,33.5553,2.62667,0.30225491025725915,True,True,True,False,False,False,True,True
2026-05-27 08:45:00+07:00,33.688,2.64667,0.305855061733376,True,True,True,False,False,False,True,True
2026-05-27 09:00:00+07:00,33.8887,2.64,0.3113541901250408,True,True,True,False,False,False,True,True
2026-05-27 09:15:00+07:00,33.6913,2.6,0.3059449531408039,True,True,True,False,False,False,True,True
2026-05-27 09:30:00+07:00,33.6667,2.61333,0.3052752771268237,True,True,True,False,False,False,True,True
2026-05-27 09:45:00+07:00,33.752,2.59333,0.3076015532400641,True,True,True,False,False,False,True,True
2026-05-27 10:00:00+07:00,34.254,2.72667,0.3215317521525119,True,True,True,False,False,False,True,True
2026-05-27 10:15:00+07:00,34.33,2.69333,0.32367666989599997,True,True,True,False,False,False,True,True
2026-05-27 10:30:00+07:00,34.068,2.67333,0.31632236769945593,True,True,True,False,False,False,True,True
2026-05-27 10:45:00+07:00,33.91,2.61333,0.3119416437679999,True,True,True,True,True,True,True,True
2026-05-27 11:00:00+07:00,34.3453,2.68,0.3241096259521654,True,True,True,True,True,True,True,True
2026-05-27 11:15:00+07:00,34.266,2.68667,0.3218697914647679,True,True,True,True,True,True,True,True
2026-05-27 11:30:00+07:00,34.2153,2.69333,0.3204431879777246,True,True,True,True,True,True,True,True
2026-05-27 11:45:00+07:00,34.1633,2.66667,0.31898439021986513,True,True,True,True,True,True,True,True
2026-05-27 12:00:00+07:00,34.45,2.73333,0.3270827690000001,True,True,True,True,True,True,True,True
2026-05-27 12:15:00+07:00,34.2773,2.65333,0.3221883283411513,True,True,True,True,True,True,True,True
2026-05-27 12:30:00+07:00,34.4493,2.72,0.3270628311231292,True,True,True,True,True,True,True,True
2026-05-27 12:45:00+07:00,34.3973,2.70667,0.32558399629046664,True,True,True,True,True,True,True,True
2026-05-27 13:00:00+07:00,34.3353,2.68667,0.3238266044611837,True,True,True,True,True,True,True,True
2026-05-27 13:15:00+07:00,34.044,2.64667,0.3156543164574719,True,True,True,True,True,True,True,True
2026-05-27 13:30:00+07:00,34.2793,2.68,0.3222447284300101,True,True,True,True,True,True,True,True
2026-05-27 13:45:00+07:00,34.3087,2.69333,0.3230745694252761,True,True,True,True,True,True,True,True
2026-05-27 14:00:00+07:00,34.5313,2.72667,0.3294039272286345,True,True,True,True,True,True,True,True
2026-05-27 14:15:00+07:00,34.4553,2.76667,0.327233753504003,True,True,True,True,True,True,True,True
2026-05-27 14:30:00+07:00,34.7793,2.77333,0.33655224913189014,True,True,True,True,True,True,True,True
2026-05-27 14:45:00+07:00,34.7067,2.72667,0.33444903905879797,True,True,True,True,True,True,True,True
2026-05-27 15:00:00+07:00,34.6487,2.70667,0.3327750989833864,True,True,True,True,True,True,True,True
2026-05-27 15:15:00+07:00,34.9047,2.77333,0.3402058020314146,True,True,True,True,True,True,True,True
2026-05-27 15:30:00+07:00,34.9127,2.79333,0.34043977656089114,True,True,True,True,True,True,True,True
2026-05-27 15:45:00+07:00,35.0493,2.79333,0.3444514625701853,True,True,True,True,True,True,True,True
2026-05-27 16:00:00+07:00,35.1913,2.83333,0.3486550163856439,True,True,True,True,True,True,True,True
2026-05-27 16:15:00+07:00,34.8793,2.78,0.3394636434642661,True,True,True,True,True,True,True,True
2026-05-27 16:30:00+07:00,35.5273,2.93333,0.3587373509498512,True,True,True,True,True,True,True,True
2026-05-27 16:45:00+07:00,35.3713,2.85333,0.3540324350099048,True,True,True,True,True,True,True,True
2026-05-27 17:00:00+07:00,35.282,2.85333,0.3513577795661439,True,True,True,True,True,True,True,True
2026-05-27 17:15:00+07:00,35.0467,2.82667,0.3443748127623806,True,True,True,True,True,True,True,True
2026-05-27 17:30:00+07:00,35.0753,2.82667,0.3452185862912622,True,True,True,True,True,True,True,True
2026-05-27 17:45:00+07:00,30.3067,2.28,0.22269267751841404,True,True,True,True,True,True,True,True
2026-05-28 07:15:00+07:00,19.2087,3.47333,0.05670011091522003,True,True,True,False,False,False,True,True
2026-05-28 07:30:00+07:00,42.2887,4.82667,0.6050106101713448,True,True,True,False,False,False,True,True
2026-05-28 07:45:00+07:00,37.9,3.42,0.435519512,True,True,True,False,False,False,True,True
2026-05-28 08:00:00+07:00,35.704,2.94,0.36411670874931207,True,True,True,False,False,False,True,True
2026-05-28 08:15:00+07:00,34.0853,2.62667,0.3168045054546437,True,True,True,False,False,False,True,True
2026-05-28 08:30:00+07:00,32.9213,2.48667,0.2854439983029329,True,True,True,False,False,False,True,True
2026-05-28 08:45:00+07:00,33.9693,2.66667,0.31358102804036436,True,True,True,False,False,False,True,True
2026-05-28 09:00:00+07:00,33.844,2.64667,0.31012376380467205,True,True,True,False,False,False,True,True
2026-05-28 09:15:00+07:00,33.7367,2.61333,0.30718342951207883,True,True,True,False,False,False,True,True
2026-05-28 09:30:00+07:00,34.3207,2.67333,0.32341368903592604,True,True,True,False,False,False,True,True
2026-05-28 09:45:00+07:00,34.6708,2.65714,0.3334122676074153,True,True,True,False,False,False,True,True
2026-05-28 10:15:00+07:00,34.1533,2.56667,0.31870436074773156,True,True,True,True,True,True,True,True
2026-05-28 10:30:00+07:00,34.4113,2.70667,0.325981704664407,True,True,True,True,True,True,True,True
2026-05-28 10:45:00+07:00,35.0187,2.77333,0.3435500737919137,True,True,True,True,True,True,True,True
2026-05-28 11:00:00+07:00,35.0013,2.76667,0.34303822141961765,True,True,True,True,True,True,True,True
2026-05-28 11:15:00+07:00,34.8053,2.75333,0.337307603749959,True,True,True,True,True,True,True,True
2026-05-28 11:30:00+07:00,35.0413,2.79333,0.3442156533431599,True,True,True,True,True,True,True,True
2026-05-28 11:45:00+07:00,34.7807,2.74667,0.33659289331813563,True,True,True,True,True,True,True,True
2026-05-28 12:00:00+07:00,35.3313,2.84,0.35283270904668235,True,True,True,True,True,True,True,True
2026-05-28 12:15:00+07:00,35.0893,2.78667,0.3456321242685757,True,True,True,True,True,True,True,True
2026-05-28 12:30:00+07:00,35.3547,2.82667,0.35353421915998656,True,True,True,True,True,True,True,True
2026-05-28 12:45:00+07:00,34.9047,2.73333,0.3402058020314146,True,True,True,True,True,True,True,True
2026-05-28 13:00:00+07:00,34.5807,2.74,0.33081967274618346,True,True,True,True,True,True,True,True
2026-05-28 13:15:00+07:00,34.8607,2.77333,0.3389208581472363,True,True,True,True,True,True,True,True
2026-05-28 13:30:00+07:00,35.1027,2.84,0.3460282483892534,True,True,True,True,True,True,True,True
2026-05-28 13:45:00+07:00,35.0553,2.8,0.34462839014849905,True,True,True,True,True,True,True,True
2026-05-28 14:00:00+07:00,35.218,2.84667,0.34944920304185617,True,True,True,True,True,True,True,True
2026-05-28 14:15:00+07:00,35.5113,2.89333,0.3582528886034232,True,True,True,True,True,True,True,True
2026-05-28 14:30:00+07:00,35.42,2.85333,0.35549676870400004,True,True,True,True,True,True,True,True
2026-05-28 14:45:00+07:00,35.35,2.85333,0.35339324300000013,True,True,True,True,True,True,True,True
2026-05-28 15:00:00+07:00,35.8593,2.96667,0.36888874908443087,True,True,True,True,True,True,True,True
2026-05-28 15:15:00+07:00,36.4167,3.02667,0.38635963964356357,True,True,True,True,True,True,True,True
2026-05-28 15:30:00+07:00,36.318,3.04,0.38322670039545603,True,True,True,True,True,True,True,True
2026-05-28 15:45:00+07:00,36.478,3.09333,0.388313995898816,True,True,True,True,True,True,True,True
2026-05-28 16:00:00+07:00,36.2873,3.09333,0.38225568458746095,True,True,True,True,True,True,True,True
2026-05-28 16:15:00+07:00,36.2853,3.06667,0.3821924832001958,True,True,True,True,True,True,True,True
2026-05-28 16:30:00+07:00,36.6147,3.07333,0.3926959546068682,True,True,True,True,True,True,True,True
2026-05-28 16:45:00+07:00,36.4787,3.09333,0.3883363511551313,True,True,True,False,False,False,True,True
2026-05-28 17:00:00+07:00,36.3287,3.16,0.3835655186598471,True,True,True,False,False,False,True,True
2026-05-28 17:15:00+07:00,36.118,3.05333,0.376930315480256,True,True,True,False,False,False,True,True
2026-05-28 17:30:00+07:00,35.592,2.94,0.36070084955750403,True,True,True,False,False,False,True,True
2026-05-28 17:45:00+07:00,28.716,2.39333,0.18943569732556806,True,True,True,False,False,False,True,True
2026-05-29 07:15:00+07:00,12.6387,2.04667,0.016150917653140823,True,True,True,False,False,False,True,True
2026-05-29 07:30:00+07:00,44.5093,5.46667,0.7054110841777549,True,True,True,False,False,False,True,True
2026-05-29 07:45:00+07:00,38.4833,3.52667,0.4559391718571002,True,True,True,False,False,False,True,True
2026-05-29 08:00:00+07:00,35.7947,2.94667,0.366898695525737,True,True,True,False,False,False,True,True
2026-05-29 08:15:00+07:00,34.114,2.64,0.317605432588352,True,True,True,False,False,False,True,True
2026-05-29 08:30:00+07:00,33.1647,2.50667,0.2918221188046162,True,True,True,False,False,False,True,True
2026-05-29 08:45:00+07:00,33.7093,2.61333,0.3064355799675468,True,True,True,False,False,False,True,True
2026-05-29 09:00:00+07:00,33.4467,2.56667,0.29932970066420456,True,True,True,False,False,False,True,True
2026-05-29 09:15:00+07:00,33.6247,2.56667,0.30413418758512967,True,True,True,False,False,False,True,True
2026-05-29 09:30:00+07:00,33.7607,2.62667,0.30783947899670033,True,True,True,False,False,False,True,True
2026-05-29 09:45:00+07:00,34.3333,2.64667,0.3237700199416563,True,True,True,False,False,False,True,True
2026-05-29 10:00:00+07:00,34.198,2.65333,0.319957364563136,True,True,True,False,False,False,True,True
2026-05-29 10:15:00+07:00,34.2,2.67333,0.32001350400000006,True,True,True,False,False,False,True,True
2026-05-29 10:30:00+07:00,34.388,2.66667,0.3253199831925759,True,True,True,True,True,True,True,True
2026-05-29 10:45:00+07:00,34.4147,2.65333,0.32607833983731627,True,True,True,True,True,True,True,True
2026-05-29 11:00:00+07:00,34.6413,2.75333,0.3325619299605361,True,True,True,True,True,True,True,True
2026-05-29 11:15:00+07:00,34.7693,2.74,0.33626202866417254,True,True,True,True,True,True,True,True
2026-05-29 11:30:00+07:00,34.7187,2.72,0.33479607086614555,True,True,True,True,True,True,True,True
2026-05-29 11:45:00+07:00,34.6933,2.72667,0.3340618037099859,True,True,True,True,True,True,True,True
2026-05-29 12:00:00+07:00,34.9953,2.76,0.3428618385547695,True,True,True,True,True,True,True,True
2026-05-29 12:15:00+07:00,34.876,2.76667,0.33936730058700787,True,True,True,True,True,True,True,True
2026-05-29 12:30:00+07:00,35.0227,2.75333,0.3436678129371767,True,True,True,True,True,True,True,True
2026-05-29 12:45:00+07:00,34.988,2.77333,0.3426473209461759,True,True,True,True,True,True,True,True
2026-05-29 13:00:00+07:00,34.2993,2.71333,0.3228090913713654,True,True,True,True,True,True,True,True
2026-05-29 13:15:00+07:00,34.8307,2.77692,0.3380466176711235,True,True,True,False,False,False,True,True
2026-05-29 13:30:00+07:00,34.788,2.78,0.3368048767349759,True,True,True,False,False,False,True,True
2026-05-29 13:45:00+07:00,34.85,2.78667,0.3386088730000001,True,True,True,False,False,False,True,True
2026-05-29 14:00:00+07:00,34.906,2.78667,0.34024381559532796,True,True,True,False,False,False,True,True
2026-05-29 14:15:00+07:00,34.8907,2.78,0.3397966046055892,True,True,True,True,True,True,True,True
2026-05-29 14:30:00+07:00,35.3133,2.83333,0.35229371780802904,True,True,True,True,True,True,True,True
2026-05-29 14:45:00+07:00,35.352,2.89333,0.3534532282736638,True,True,True,True,True,True,True,True
2026-05-29 15:00:00+07:00,35.5,2.88667,0.3579109999999999,True,True,True,True,True,True,True,True
2026-05-29 15:15:00+07:00,35.558,2.88667,0.359668135688896,True,True,True,True,True,True,True,True
2026-05-29 15:30:00+07:00,35.4807,2.94,0.3573275695039675,True,True,True,True,True,True,True,True
2026-05-29 15:45:00+07:00,35.76,2.97333,0.36583269580799993,True,True,True,True,True,True,True,True
2026-05-29 16:00:00+07:00,35.644,2.90667,0.36228411495987195,True,True,True,True,True,True,True,True
2026-05-29 16:15:00+07:00,35.652,2.90667,0.362528104702464,True,True,True,True,True,True,True,True
2026-05-29 16:30:00+07:00,35.9727,2.98667,0.3723995045677887,True,True,True,True,True,True,True,True
2026-05-29 16:45:00+07:00,36.512,3.08,0.389400814157824,True,True,True,True,True,True,True,True
2026-05-29 17:00:00+07:00,36.754,3.15333,0.3971950431125119,True,True,True,True,True,True,True,True
2026-05-29 17:15:00+07:00,36.83,3.14,0.3996641038959999,True,True,True,False,False,False,True,True
2026-05-29 17:30:00+07:00,36.412,3.08,0.386210066292224,True,True,True,False,False,False,True,True
2026-05-29 17:45:00+07:00,30.4307,2.08667,0.22543732096017954,True,True,True,False,False,False,True,True
2026-06-01 08:00:00+07:00,47.9707,6.76667,0.88311681597925,True,True,True,False,False,False,True,True
2026-06-01 08:15:00+07:00,46.4447,6.18,0.801490673275541,True,True,True,False,False,False,True,True
2026-06-01 08:30:00+07:00,40.5827,4.02667,0.5347032205147545,True,True,True,False,False,False,True,True
2026-06-01 08:45:00+07:00,37.3393,3.25333,0.41647458384103575,True,True,True,False,False,False,True,True
2026-06-01 09:00:00+07:00,35.2687,2.88667,0.3509605829400537,True,True,True,False,False,False,True,True
2026-06-01 09:15:00+07:00,33.7673,2.64,0.3080200562163217,True,True,True,False,False,False,True,True
2026-06-01 09:30:00+07:00,33.0693,2.50667,0.28931103103458033,True,True,True,False,False,False,True,True
2026-06-01 09:45:00+07:00,33.9733,2.66,0.3136918167659667,True,True,True,False,False,False,True,True
2026-06-01 10:00:00+07:00,34.438,2.73333,0.32674108892537607,True,True,True,False,False,False,True,True
2026-06-01 10:15:00+07:00,34.5373,2.74,0.32957566420328105,True,True,True,False,False,False,True,True
2026-06-01 10:30:00+07:00,34.4767,2.8,0.3278438616117253,True,True,True,True,True,True,True,True
2026-06-01 10:45:00+07:00,34.5933,2.76,0.3311814219462499,True,True,True,True,True,True,True,True
2026-06-01 11:00:00+07:00,34.7247,2.77333,0.3349696767555057,True,True,True,True,True,True,True,True
2026-06-01 11:15:00+07:00,34.572,2.71333,0.33057004733798406,True,True,True,True,True,True,True,True
2026-06-01 11:30:00+07:00,34.8253,2.74,0.33788941422072216,True,True,True,True,True,True,True,True
2026-06-01 11:45:00+07:00,34.936,2.79333,0.341121838542848,True,True,True,True,True,True,True,True
2026-06-01 12:00:00+07:00,35.022,2.79333,0.34364720664518394,True,True,True,True,True,True,True,True
2026-06-01 12:15:00+07:00,34.6313,2.74,0.3322740083718905,True,True,True,True,True,True,True,True
2026-06-01 12:30:00+07:00,35.136,2.84667,0.347013956763648,True,True,True,True,True,True,True,True
2026-06-01 12:45:00+07:00,34.7633,2.76,0.33608797649508115,True,True,True,True,True,True,True,True
2026-06-01 13:00:00+07:00,35.158,2.83333,0.347666201314496,True,True,True,True,True,True,True,True
2026-06-01 13:15:00+07:00,35.5647,2.88,0.35987148491540033,True,True,True,True,True,True,True,True
2026-06-01 13:30:00+07:00,35.5693,2.9,0.3600111421839804,True,True,True,True,True,True,True,True
2026-06-01 13:45:00+07:00,35.9353,2.94,0.37123918581503973,True,True,True,True,True,True,True,True
2026-06-01 14:00:00+07:00,36.162,3.05333,0.378309556828224,True,True,True,True,True,True,True,True
2026-06-01 14:15:00+07:00,35.8353,2.98,0.36814857240042376,True,True,True,True,True,True,True,True
2026-06-01 14:30:00+07:00,36.0253,3.06667,0.3740354843673142,True,True,True,True,True,True,True,True
2026-06-01 14:45:00+07:00,36.4573,3.11333,0.38765330677920407,True,True,True,True,True,True,True,True
2026-06-01 15:00:00+07:00,36.8167,3.26,0.3992312817449076,True,True,True,True,True,True,True,True
2026-06-01 15:15:00+07:00,36.7387,3.19333,0.3966992150610369,True,True,True,True,True,True,True,True
2026-06-01 15:30:00+07:00,36.916,3.22,0.40247035698636796,True,True,True,True,True,True,True,True
2026-06-01 15:45:00+07:00,37.748,3.41333,0.4303004756239359,True,True,True,True,True,True,True,True
2026-06-01 16:00:00+07:00,36.794,3.14667,0.39849327723347194,True,True,True,True,True,True,True,True
2026-06-01 16:15:00+07:00,35.9033,2.98,0.37024831513511147,True,True,True,True,True,True,True,True
2026-06-01 16:30:00+07:00,35.714,2.90667,0.36442274059475205,True,True,True,True,True,True,True,True
2026-06-01 16:45:00+07:00,32.6107,2.38,0.2774408143547764,True,True,True,True,True,True,True,True
2026-06-02 06:15:00+07:00,12.8747,1.95333,0.017072665890309785,True,True,True,True,True,True,True,True
2026-06-02 06:30:00+07:00,46.7713,6.37333,0.8185181436674888,True,True,True,True,True,True,True,True
2026-06-02 06:45:00+07:00,40.872,4.12,0.5462200730787838,True,True,True,True,True,True,True,True
2026-06-02 07:00:00+07:00,37.574,3.36,0.42437743164179187,True,True,True,False,False,False,True,True
2026-06-02 07:15:00+07:00,35.2473,2.86667,0.35032211311718264,True,True,True,False,False,False,True,True
2026-06-02 07:30:00+07:00,34.0,2.62667,0.31443200000000004,True,True,True,False,False,False,True,True
2026-06-02 07:45:00+07:00,33.5633,2.58,0.302471145768649,True,True,True,False,False,False,True,True
2026-06-02 08:00:00+07:00,34.896,2.74667,0.339951476441088,True,True,True,False,False,False,True,True
2026-06-02 08:15:00+07:00,34.8627,2.70667,0.338979194377343,True,True,True,False,False,False,True,True
2026-06-02 08:30:00+07:00,34.7833,2.75333,0.33666838405966815,True,True,True,False,False,False,True,True
2026-06-02 08:45:00+07:00,34.982,2.78667,0.34247107211334404,True,True,True,True,True,True,True,True
2026-06-02 09:00:00+07:00,34.8133,2.72667,0.337540247725349,True,True,True,False,False,False,True,True
2026-06-02 09:15:00+07:00,35.1513,2.8,0.34746747672770145,True,True,True,False,False,False,True,True
2026-06-02 09:30:00+07:00,35.0473,2.8,0.34439250017019046,True,True,True,False,False,False,True,True
2026-06-02 09:45:00+07:00,35.2227,2.88667,0.3495891284025687,True,True,True,True,True,True,True,True
2026-06-02 10:00:00+07:00,35.45,2.85333,0.3564008290000001,True,True,True,True,True,True,True,True
2026-06-02 10:15:00+07:00,35.62,2.94,0.36155280262399986,True,True,True,False,False,False,True,True
2026-06-02 10:30:00+07:00,35.7047,2.9,0.3641381253995426,True,True,True,False,False,False,True,True
2026-06-02 10:45:00+07:00,35.216,2.86,0.3493896716615681,True,True,True,False,False,False,True,True
2026-06-02 11:00:00+07:00,35.3653,2.84667,0.3538523030126086,True,True,True,True,True,True,True,True
2026-06-02 11:15:00+07:00,35.67,2.89333,0.36307748210400004,True,True,True,True,True,True,True,True
2026-06-02 11:30:00+07:00,35.63,2.92667,0.361857396376,True,True,True,True,True,True,True,True
2026-06-02 11:45:00+07:00,35.74,2.94667,0.365219225792,True,True,True,True,True,True,True,True
2026-06-02 12:00:00+07:00,35.4947,2.85333,0.357750720131489,True,True,True,True,True,True,True,True
2026-06-02 12:15:00+07:00,35.75,2.89333,0.36552587499999994,True,True,True,True,True,True,True,True
2026-06-02 12:30:00+07:00,35.5273,2.89333,0.3587373509498512,True,True,True,True,True,True,True,True
2026-06-02 12:45:00+07:00,35.748,2.94667,0.3654645314319359,True,True,True,True,True,True,True,True
2026-06-02 13:00:00+07:00,35.412,2.83333,0.355255944436224,True,True,True,True,True,True,True,True
2026-06-02 13:15:00+07:00,35.7013,2.94,0.3640341095360097,True,True,True,True,True,True,True,True
2026-06-02 13:30:00+07:00,36.07,2.97333,0.37542951634400007,True,True,True,True,True,True,True,True
2026-06-02 13:45:00+07:00,36.5947,3.09333,0.39205280064106507,True,True,True,True,True,True,True,True
2026-06-02 14:00:00+07:00,36.578,3.08667,0.39151630538041615,True,True,True,True,True,True,True,True
2026-06-02 14:15:00+07:00,36.5793,3.10667,0.3915580509066582,True,True,True,True,True,True,True,True
2026-06-02 14:30:00+07:00,36.828,3.14,0.39959899788441616,True,True,True,True,True,True,True,True
2026-06-02 14:45:00+07:00,36.5247,3.06667,0.38980729235939393,True,True,True,True,True,True,True,True
2026-06-02 15:00:00+07:00,36.3553,3.06,0.3844086797289071,True,True,True,True,True,True,True,True
2026-06-02 15:15:00+07:00,35.6907,2.92,0.36370995193019706,True,True,True,True,True,True,True,True
2026-06-02 15:30:00+07:00,35.5947,2.86667,0.360782943806905,True,True,True,True,True,True,True,True
2026-06-02 15:45:00+07:00,35.99,2.94667,0.372937046392,True,True,True,True,True,True,True,True
2026-06-02 16:00:00+07:00,35.4407,2.88667,0.35612040658125704,True,True,True,True,True,True,True,True
2026-06-02 16:15:00+07:00,34.9387,2.79333,0.34120093461682865,True,True,True,True,True,True,True,True
2026-06-02 16:30:00+07:00,35.2133,2.82,0.349309315023493,True,True,True,True,True,True,True,True
2026-06-02 16:45:00+07:00,35.298,2.85333,0.351836007068736,True,True,True,True,True,True,True,True
2026-06-02 17:00:00+07:00,35.4307,2.81333,0.3558190412589797,True,True,True,True,True,True,True,True
2026-06-02 17:15:00+07:00,35.1527,2.78,0.3475089950080016,True,True,True,True,True,True,True,True
2026-06-02 17:30:00+07:00,34.8947,2.76,0.339913484654993,True,True,True,True,True,True,True,True
2026-06-02 17:45:00+07:00,30.2333,2.22,0.22107857038688034,True,True,True,True,True,True,True,True
2026-06-04 07:15:00+07:00,19.2253,2.51333,0.056847237291026226,True,True,True,False,False,False,True,True
2026-06-04 07:30:00+07:00,47.57,6.74,0.8611710887440001,True,True,True,False,False,False,True,True
2026-06-04 07:45:00+07:00,42.126,4.51333,0.5980543550110079,True,True,True,False,False,False,True,True
2026-06-04 08:00:00+07:00,38.5333,3.46,0.45771863910976823,True,True,True,False,False,False,True,True
2026-06-04 08:15:00+07:00,35.748,2.90667,0.3654645314319359,True,True,True,False,False,False,True,True
2026-06-04 08:30:00+07:00,34.5753,2.74667,0.33066471805018216,True,True,True,False,False,False,True,True
2026-06-04 08:45:00+07:00,34.2007,2.64,0.3200331543541946,True,True,True,False,False,False,True,True
2026-06-04 09:00:00+07:00,35.228,2.94,0.3497469613788161,True,True,True,False,False,False,True,True
2026-06-04 09:15:00+07:00,35.526,2.9,0.35869797209260806,True,True,True,False,False,False,True,True
2026-06-04 09:30:00+07:00,35.5047,2.94,0.3580531750215106,True,True,True,False,False,False,True,True
2026-06-04 09:45:00+07:00,35.9107,2.96,0.37047729706238436,True,True,True,True,True,True,True,True
2026-06-04 10:00:00+07:00,35.9147,3.0,0.37060111037655635,True,True,True,True,True,True,True,True
2026-06-04 10:15:00+07:00,35.9787,2.96,0.3725858767108513,True,True,True,True,True,True,True,True
2026-06-04 10:30:00+07:00,35.9953,3.0,0.3731018302849295,True,True,True,True,True,True,True,True
2026-06-04 10:45:00+07:00,36.0087,2.99333,0.373518670201428,True,True,True,True,True,True,True,True
2026-06-04 11:00:00+07:00,36.3867,3.04667,0.3854055792802829,True,True,True,True,True,True,True,True
2026-06-04 11:15:00+07:00,36.2207,3.05333,0.38015482293506997,True,True,True,True,True,True,True,True
2026-06-04 11:30:00+07:00,36.5467,3.14,0.3905120970744205,True,True,True,True,True,True,True,True
2026-06-04 11:45:00+07:00,36.4993,3.11333,0.3889946186292371,True,True,True,True,True,True,True,True
2026-06-04 12:00:00+07:00,36.5653,3.06667,0.3911086397704006,True,True,True,True,True,True,True,True
2026-06-04 12:15:00+07:00,35.844,2.97333,0.36841677193267214,True,True,True,True,True,True,True,True
2026-06-04 12:30:00+07:00,35.7127,2.93333,0.364382946761659,True,True,True,True,True,True,True,True
2026-06-04 12:45:00+07:00,35.5833,2.92,0.36043640835835633,True,True,True,True,True,True,True,True
2026-06-04 13:00:00+07:00,35.6353,2.94667,0.3620189004031919,True,True,True,True,True,True,True,True
2026-06-04 13:15:00+07:00,35.994,3.00667,0.3730614071022719,True,True,True,True,True,True,True,True
2026-06-04 13:30:00+07:00,36.1887,3.02,0.3791481435975287,True,True,True,True,True,True,True,True
2026-06-04 13:45:00+07:00,36.794,3.06667,0.39849327723347194,True,True,True,True,True,True,True,True
2026-06-04 14:00:00+07:00,36.7467,3.16,0.39695842005469245,True,True,True,True,True,True,True,True
2026-06-04 14:15:00+07:00,36.836,3.1,0.3998594643604479,True,True,True,True,True,True,True,True
2026-06-04 14:30:00+07:00,36.7273,3.2,0.39633004294220336,True,True,True,True,True,True,True,True
2026-06-04 14:45:00+07:00,36.7167,3.13333,0.3959869831955718,True,True,True,True,True,True,True,True
2026-06-04 15:00:00+07:00,36.988,3.20667,0.40482985585817594,True,True,True,True,True,True,True,True
2026-06-04 15:15:00+07:00,36.9713,3.15333,0.4042817640476008,True,True,True,True,True,True,True,True
2026-06-04 15:30:00+07:00,36.6313,3.05333,0.39323030627701056,True,True,True,True,True,True,True,True
2026-06-04 15:45:00+07:00,36.4547,3.08667,0.3875703746871626,True,True,True,True,True,True,True,True
2026-06-04 16:00:00+07:00,36.2393,3.01333,0.3807407733464997,True,True,True,True,True,True,True,True
2026-06-04 16:15:00+07:00,36.3673,3.02667,0.3847894572440178,True,True,True,True,True,True,True,True
2026-06-04 16:30:00+07:00,35.9513,2.95333,0.37173528341614964,True,True,True,True,True,True,True,True
2026-06-04 16:45:00+07:00,35.8733,2.94667,0.36932097662575075,True,True,True,True,True,True,True,True
2026-06-04 17:00:00+07:00,35.8487,2.88667,0.3685617155120584,True,True,True,True,True,True,True,True
2026-06-04 17:15:00+07:00,35.654,2.91333,0.36258911925011206,True,True,True,True,True,True,True,True
2026-06-04 17:30:00+07:00,35.6827,2.86,0.36346543214225013,True,True,True,True,True,True,True,True
2026-06-04 17:45:00+07:00,28.374,2.11333,0.18274759918099198,True,True,True,True,True,True,True,True
2026-06-05 07:15:00+07:00,19.242,2.38667,0.05699550656390401,True,True,True,False,False,False,True,True
2026-06-05 07:30:00+07:00,47.0107,6.44667,0.8311514003545203,True,True,True,False,False,False,True,True
2026-06-05 07:45:00+07:00,41.2747,4.26,0.5625249153596539,True,True,True,False,False,False,True,True
2026-06-05 08:00:00+07:00,37.6427,3.22667,0.4267094752077317,True,True,True,False,False,False,True,True
2026-06-05 08:15:00+07:00,35.2913,2.86667,0.3516356965272999,True,True,True,False,False,False,True,True
2026-06-05 08:30:00+07:00,34.342,2.7,0.324016210637504,True,True,True,False,False,False,True,True
2026-06-05 08:45:00+07:00,33.7673,2.62667,0.3080200562163217,True,True,True,False,False,False,True,True
2026-06-05 09:00:00+07:00,35.218,2.84667,0.34944920304185617,True,True,True,False,False,False,True,True
2026-06-05 09:15:00+07:00,34.876,2.76,0.33936730058700787,True,True,True,False,False,False,True,True
2026-06-05 09:30:00+07:00,34.768,2.76667,0.336224312262656,True,True,True,False,False,False,True,True
2026-06-05 09:45:00+07:00,34.8193,2.73333,0.3377148008891604,True,True,True,True,True,True,True,True
2026-06-05 10:00:00+07:00,34.6033,2.74667,0.33146871211534346,True,True,True,True,True,True,True,True
2026-06-05 10:15:00+07:00,35.6277,2.625,0.3617873246706073,True,True,True,True,True,True,True,True
2026-06-05 10:30:00+07:00,35.73,2.6,0.36491274813599983,True,True,True,True,True,True,True,True
2026-06-05 10:45:00+07:00,35.73,2.36667,0.36491274813599983,True,True,True,True,True,True,True,True
2026-06-05 11:00:00+07:00,35.128,2.75333,0.34677697933721596,True,True,True,True,True,True,True,True
2026-06-05 11:15:00+07:00,35.6867,2.94667,0.36358767833253103,True,True,True,True,True,True,True,True
2026-06-05 11:30:00+07:00,35.5347,2.94,0.35896156241893545,True,True,True,True,True,True,True,True
2026-06-05 11:45:00+07:00,35.316,2.88,0.3523745314759681,True,True,True,True,True,True,True,True
2026-06-05 12:00:00+07:00,35.2733,2.82667,0.3510979253361346,True,True,True,True,True,True,True,True
2026-06-05 12:15:00+07:00,35.616,2.91333,0.3614310129991679,True,True,True,True,True,True,True,True
2026-06-05 12:30:00+07:00,35.486,2.87333,0.3574877229700479,True,True,True,True,True,True,True,True
2026-06-05 12:45:00+07:00,35.5933,2.91333,0.3607403748636099,True,True,True,True,True,True,True,True
2026-06-05 13:00:00+07:00,35.8593,2.88571,0.36888874908443087,True,True,True,True,True,True,True,True
2026-06-05 13:15:00+07:00,35.5633,2.91333,0.35982898769936905,True,True,True,True,True,True,True,True
2026-06-05 13:30:00+07:00,35.6607,2.89231,0.36279356786544437,True,True,True,True,True,True,True,True
2026-06-05 13:45:00+07:00,35.8413,2.92333,0.36833352366040795,True,True,True,True,True,True,True,True
2026-06-05 14:00:00+07:00,36.0073,2.96,0.37347510524567223,True,True,True,True,True,True,True,True
2026-06-05 14:15:00+07:00,35.8793,2.98571,0.36950632030802616,True,True,True,True,True,True,True,True
2026-06-05 14:30:00+07:00,35.7707,2.94286,0.36616118416537796,True,True,True,True,True,True,True,True
2026-06-05 14:45:00+07:00,35.848,2.96667,0.3685401257615359,True,True,True,True,True,True,True,True
2026-06-05 15:00:00+07:00,36.14,2.98,0.377619516352,True,True,True,True,True,True,True,True
2026-06-05 15:15:00+07:00,36.174,3.00667,0.37868629660819203,True,True,True,True,True,True,True,True
2026-06-05 15:30:00+07:00,35.7873,2.92667,0.36667119069198095,True,True,True,True,True,True,True,True
2026-06-05 15:45:00+07:00,36.0787,2.98929,0.3757012400477071,True,True,True,True,True,True,True,True
2026-06-05 16:00:00+07:00,36.216,3.005,0.3800068554055681,True,True,True,True,True,True,True,True
2026-06-05 16:15:00+07:00,35.8862,2.97143,0.36971954219007946,True,True,True,True,True,True,True,True
2026-06-05 16:30:00+07:00,36.112,3.0,0.37674249725542397,True,True,True,True,True,True,True,True
2026-06-05 16:45:00+07:00,36.2373,3.07333,0.38067773905591296,True,True,True,True,True,True,True,True
2026-06-05 17:00:00+07:00,36.0367,2.98667,0.37439068090840705,True,True,True,True,True,True,True,True
2026-06-05 17:15:00+07:00,35.714,2.88667,0.36442274059475205,True,True,True,True,True,True,True,True
2026-06-05 17:30:00+07:00,35.376,2.82667,0.3541735810990079,True,True,True,True,True,True,True,True
2026-06-05 17:45:00+07:00,30.3873,2.04667,0.22447414569279694,True,True,True,True,True,True,True,True
2026-06-08 06:45:00+07:00,19.4093,2.78667,0.05849511582817887,True,True,True,True,True,True,True,True
2026-06-08 07:00:00+07:00,48.0147,6.90667,0.8855491001610921,True,True,True,False,False,False,True,True
2026-06-08 07:15:00+07:00,44.128,5.31333,0.687436710281216,True,True,True,False,False,False,True,True
2026-06-08 07:30:00+07:00,39.498,3.78,0.492964111791936,True,True,True,False,False,False,True,True
2026-06-08 07:45:00+07:00,36.5167,3.02667,0.38955121014489974,True,True,True,False,False,False,True,True
2026-06-08 08:00:00+07:00,34.5047,2.78667,0.32864327849135055,True,True,True,False,False,False,True,True
2026-06-08 08:15:00+07:00,33.262,2.60667,0.2943981419258241,True,True,True,False,False,False,True,True
2026-06-08 08:30:00+07:00,34.0573,2.73333,0.31602441186970004,True,True,True,False,False,False,True,True
2026-06-08 08:45:00+07:00,34.1187,2.64,0.3177367233666095,True,True,True,False,False,False,True,True
2026-06-08 09:00:00+07:00,33.9967,2.66,0.3143404536859524,True,True,True,False,False,False,True,True
2026-06-08 09:15:00+07:00,33.4273,2.55333,0.29880914449923546,True,True,True,False,False,False,True,True
2026-06-08 09:30:00+07:00,35.4407,2.80667,0.35612040658125704,True,True,True,False,False,False,True,True
2026-06-08 09:45:00+07:00,35.3533,2.56667,0.35349222234136346,True,True,True,False,False,False,True,True
2026-06-08 10:00:00+07:00,35.6693,2.68,0.3630561070619564,True,True,True,False,False,False,True,True
2026-06-08 10:15:00+07:00,35.0087,2.69333,0.343255843584868,True,True,True,True,True,True,True,True
2026-06-08 10:30:00+07:00,35.4867,2.83333,0.3575088788914589,True,True,True,False,False,False,True,True
2026-06-08 10:45:00+07:00,34.9767,2.77333,0.3423154359264053,True,True,True,False,False,False,True,True
2026-06-08 11:00:00+07:00,33.9587,2.64,0.3132875640794801,True,True,True,False,False,False,True,True
2026-06-08 11:15:00+07:00,34.428,2.70667,0.32645653736601593,True,True,True,False,False,False,True,True
2026-06-08 11:30:00+07:00,34.8093,2.78,0.3374239123708828,True,True,True,False,False,False,True,True
2026-06-08 11:45:00+07:00,34.45,2.75333,0.3270827690000001,True,True,True,False,False,False,True,True
2026-06-08 12:00:00+07:00,34.8167,2.78,0.33763915379818754,True,True,True,False,False,False,True,True
2026-06-08 12:15:00+07:00,34.7193,2.70667,0.3348134287551844,True,True,True,True,True,True,True,True
2026-06-08 12:30:00+07:00,34.9427,2.79333,0.34131813645854,True,True,True,True,True,True,True,True
2026-06-08 12:45:00+07:00,35.0307,2.78667,0.34390337192307563,True,True,True,True,True,True,True,True
2026-06-08 13:00:00+07:00,34.5447,2.75333,0.329787555333037,True,True,True,True,True,True,True,True
2026-06-08 13:15:00+07:00,35.076,2.83333,0.34523925535180805,True,True,True,True,True,True,True,True
2026-06-08 13:30:00+07:00,34.9267,2.74,0.34084949007693727,True,True,True,True,True,True,True,True
2026-06-08 13:45:00+07:00,34.7213,2.76,0.33487129271834076,True,True,True,True,True,True,True,True
2026-06-08 14:00:00+07:00,34.4373,2.71333,0.3267211649361849,True,True,True,True,True,True,True,True
2026-06-08 14:15:00+07:00,34.1867,2.65333,0.319640300084491,True,True,True,True,True,True,True,True
2026-06-08 14:30:00+07:00,34.2233,2.67333,0.3206680123933067,True,True,True,True,True,True,True,True
2026-06-08 14:45:00+07:00,34.3333,2.68,0.3237700199416563,True,True,True,True,True,True,True,True
2026-06-08 15:00:00+07:00,34.702,2.77333,0.334313183651264,True,True,True,True,True,True,True,True
2026-06-08 15:15:00+07:00,34.6813,2.75333,0.33371527957751834,True,True,True,True,True,True,True,True
2026-06-08 15:30:00+07:00,33.65,2.59333,0.3048212169999999,True,True,True,False,False,False,True,True
2026-06-08 15:45:00+07:00,34.1667,2.68,0.3190796375935037,True,True,True,False,False,False,True,True
2026-06-08 16:00:00+07:00,33.6393,2.58,0.30453052903432365,True,True,True,False,False,False,True,True
2026-06-08 16:15:00+07:00,33.9467,2.6,0.31295556175488454,True,True,True,False,False,False,True,True
2026-06-08 16:30:00+07:00,34.1187,2.7,0.3177367233666095,True,True,True,False,False,False,True,True
2026-06-08 16:45:00+07:00,33.9593,2.64,0.3133041703564868,True,True,True,False,False,False,True,True
2026-06-08 17:00:00+07:00,34.2207,2.68667,0.3205949329275499,True,True,True,False,False,False,True,True
2026-06-08 17:15:00+07:00,34.2253,2.68,0.32072423492342617,True,True,True,False,False,False,True,True
2026-06-08 17:30:00+07:00,33.674,2.6,0.30547390004819197,True,True,True,False,False,False,True,True
2026-06-08 17:45:00+07:00,27.2353,2.09333,0.16161679024744785,True,True,True,False,False,False,True,True
2026-06-09 07:15:00+07:00,44.8033,6.64,0.7194821052772156,True,True,True,False,False,False,True,True
2026-06-09 07:30:00+07:00,43.8345,5.20909,0.673811095839309,True,True,True,False,False,False,True,True
2026-06-09 07:45:00+07:00,39.0453,3.68667,0.4762075526999174,True,True,True,False,False,False,True,True
2026-06-09 08:00:00+07:00,36.064,2.95333,0.375242197041152,True,True,True,False,False,False,True,True
2026-06-09 08:15:00+07:00,34.2467,2.71333,0.3213262274012924,True,True,True,False,False,False,True,True
2026-06-09 08:30:00+07:00,33.3413,2.55333,0.2965087915190079,True,True,True,False,False,False,True,True
2026-06-09 08:45:00+07:00,33.9187,2.62667,0.31218180200809764,True,True,True,False,False,False,True,True
2026-06-09 09:00:00+07:00,34.1327,2.61333,0.31812801667466223,True,True,True,False,False,False,True,True
2026-06-09 09:15:00+07:00,34.9573,2.77333,0.34174615094076405,True,True,True,False,False,False,True,True
2026-06-09 09:30:00+07:00,36.5113,3.02,0.38937841806798307,True,True,True,False,False,False,True,True
2026-06-09 09:45:00+07:00,35.9953,3.02667,0.3731018302849295,True,True,True,False,False,False,True,True
2026-06-09 10:00:00+07:00,36.3767,3.02,0.38508790853550934,True,True,True,False,False,False,True,True
2026-06-09 10:15:00+07:00,36.3333,3.02667,0.3837112402083763,True,True,True,False,False,False,True,True
2026-06-09 10:30:00+07:00,36.3113,3.00667,0.38301464478307123,True,True,True,False,False,False,True,True
2026-06-09 10:45:00+07:00,36.3447,3.10667,0.38407253528252505,True,True,True,False,False,False,True,True
2026-06-09 11:00:00+07:00,36.514,3.04,0.38946480771795206,True,True,True,True,True,True,True,True
2026-06-09 11:15:00+07:00,35.8927,2.94667,0.36992047839955183,True,True,True,False,False,False,True,True
2026-06-09 11:30:00+07:00,36.5407,3.11333,0.3903197934245933,True,True,True,False,False,False,True,True
2026-06-09 11:45:00+07:00,36.1407,2.98667,0.37764145925028925,True,True,True,False,False,False,True,True
2026-06-09 12:00:00+07:00,35.8913,2.96,0.3698771936812361,True,True,True,False,False,False,True,True
2026-06-09 12:15:00+07:00,35.328,2.85333,0.35273385286041614,True,True,True,False,False,False,True,True
2026-06-09 12:30:00+07:00,35.3413,2.84667,0.35313238603212793,True,True,True,False,False,False,True,True
2026-06-09 12:45:00+07:00,34.7087,2.73333,0.33450686103189997,True,True,True,False,False,False,True,True
2026-06-09 13:00:00+07:00,35.0693,2.8,0.34504145675410036,True,True,True,False,False,False,True,True
2026-06-09 13:15:00+07:00,35.254,2.83333,0.3505219245365119,True,True,True,False,False,False,True,True
2026-06-09 13:30:00+07:00,35.484,2.88,0.35742728207923213,True,True,True,False,False,False,True,True
2026-06-09 13:45:00+07:00,36.2873,3.04,0.38225568458746095,True,True,True,False,False,False,True,True
2026-06-09 14:00:00+07:00,36.3253,3.05333,0.3834578351439622,True,True,True,False,False,False,True,True
2026-06-09 14:15:00+07:00,37.012,3.20667,0.405618399885824,True,True,True,False,False,False,True,True
2026-06-09 14:30:00+07:00,35.512,2.9,0.358274074701824,True,True,True,False,False,False,True,True
2026-06-09 14:45:00+07:00,35.0253,2.8,0.34374435780515433,True,True,True,False,False,False,True,True
2026-06-09 15:00:00+07:00,34.4473,2.76,0.32700587022521443,True,True,True,False,False,False,True,True
2026-06-09 15:15:00+07:00,34.67,2.7,0.333389188504,True,True,True,False,False,False,True,True
2026-06-09 15:30:00+07:00,33.85,2.62,0.31028873300000004,True,True,True,False,False,False,True,True
2026-06-09 15:45:00+07:00,34.594,2.69333,0.33120152685267207,True,True,True,False,False,False,True,True
2026-06-09 16:00:00+07:00,34.0907,2.62667,0.316955099584981,True,True,True,False,False,False,True,True
2026-06-09 16:15:00+07:00,34.656,2.71333,0.3329854765793279,True,True,True,False,False,False,True,True
2026-06-09 16:30:00+07:00,34.092,2.64,0.316991360853504,True,True,True,False,False,False,True,True
2026-06-09 16:45:00+07:00,34.4193,2.67333,0.3262091119372564,True,True,True,False,False,False,True,True
2026-06-09 17:00:00+07:00,34.488,2.64667,0.32816632721817607,True,True,True,False,False,False,True,True
2026-06-09 17:15:00+07:00,34.0713,2.61333,0.3164142983907767,True,True,True,False,False,False,True,True
2026-06-09 17:30:00+07:00,34.3333,2.66667,0.3237700199416563,True,True,True,False,False,False,True,True
2026-06-09 17:45:00+07:00,29.7647,1.96667,0.21095727936367217,True,True,True,False,False,False,True,True
2026-06-10 07:15:00+07:00,47.056,6.46,0.8335564348129278,True,True,True,True,True,True,True,True
2026-06-10 07:30:00+07:00,41.4813,4.36667,0.5710144024389263,True,True,True,True,True,True,True,True
2026-06-10 07:45:00+07:00,37.958,3.35333,0.4375220561752959,True,True,True,True,True,True,True,True
2026-06-10 08:00:00+07:00,36.3873,3.04667,0.3854246450785571,True,True,True,True,True,True,True,True
2026-06-10 08:15:00+07:00,34.8927,2.82,0.33985504128059185,True,True,True,True,True,True,True,True
2026-06-10 08:30:00+07:00,34.9293,2.81333,0.34092561590445397,True,True,True,True,True,True,True,True
2026-06-10 08:45:00+07:00,34.5927,2.73333,0.3311641898169038,True,True,True,True,True,True,True,True
2026-06-10 09:00:00+07:00,34.576,2.76667,0.33068480203980805,True,True,True,True,True,True,True,True
2026-06-10 09:15:00+07:00,34.37,2.7,0.32480939562399985,True,True,True,True,True,True,True,True
2026-06-10 09:30:00+07:00,34.4773,2.74,0.3278609783665433,True,True,True,True,True,True,True,True
2026-06-10 09:45:00+07:00,34.2093,2.66667,0.3202746386454268,True,True,True,True,True,True,True,True
2026-06-10 10:00:00+07:00,34.392,2.69333,0.325433519714304,True,True,True,True,True,True,True,True
2026-06-10 10:15:00+07:00,34.5307,2.72667,0.3293867568131956,True,True,True,True,True,True,True,True
2026-06-10 10:30:00+07:00,34.3567,2.7,0.324432471547722,True,True,True,True,True,True,True,True
2026-06-10 10:45:00+07:00,34.7647,2.78,0.33612858329447215,True,True,True,True,True,True,True,True
2026-06-10 11:00:00+07:00,34.7587,2.76667,0.33595457718072796,True,True,True,True,True,True,True,True
2026-06-10 11:15:00+07:00,34.65,2.78,0.33281255699999995,True,True,True,True,True,True,True,True
2026-06-10 11:30:00+07:00,34.5073,2.71333,0.32871757592723216,True,True,True,True,True,True,True,True
2026-06-10 11:45:00+07:00,35.0427,2.77333,0.344256912186436,True,True,True,True,True,True,True,True
2026-06-10 12:00:00+07:00,34.6407,2.76,0.3325446499766492,True,True,True,True,True,True,True,True
2026-06-10 12:15:00+07:00,34.6953,2.76,0.33411958104372147,True,True,True,True,True,True,True,True
2026-06-10 12:30:00+07:00,34.7187,2.74,0.33479607086614555,True,True,True,True,True,True,True,True
2026-06-10 12:45:00+07:00,34.398,2.70667,0.32560387402233604,True,True,True,True,True,True,True,True
2026-06-10 13:00:00+07:00,34.1987,2.65333,0.3199770126191345,True,True,True,True,True,True,True,True
2026-06-10 13:15:00+07:00,34.578,2.68,0.3307421893484161,True,True,True,True,True,True,True,True
2026-06-10 13:30:00+07:00,34.358,2.72667,0.324469300885696,True,True,True,True,True,True,True,True
2026-06-10 13:45:00+07:00,34.538,2.72667,0.3295957040709759,True,True,True,True,True,True,True,True
2026-06-10 14:00:00+07:00,34.284,2.66,0.32237729454643194,True,True,True,True,True,True,True,True
2026-06-10 14:15:00+07:00,34.426,2.75333,0.32639964688620804,True,True,True,True,True,True,True,True
2026-06-10 14:30:00+07:00,34.5607,2.73333,0.33024600874690835,True,True,True,True,True,True,True,True
2026-06-10 14:45:00+07:00,34.9333,2.75333,0.3410427546936723,True,True,True,True,True,True,True,True
2026-06-10 15:00:00+07:00,34.5293,2.76,0.3293466948309501,True,True,True,True,True,True,True,True
2026-06-10 15:15:00+07:00,34.7133,2.73333,0.33463987686081303,True,True,True,True,True,True,True,True
2026-06-10 15:30:00+07:00,34.6987,2.73333,0.33421781779941456,True,True,True,True,True,True,True,True
2026-06-10 15:45:00+07:00,34.6327,2.74667,0.33231430738614226,True,True,True,True,True,True,True,True
2026-06-10 16:00:00+07:00,35.0767,2.81333,0.34525992523734145,True,True,True,True,True,True,True,True
2026-06-10 16:15:00+07:00,34.8927,2.76667,0.33985504128059185,True,True,True,True,True,True,True,True
2026-06-10 16:30:00+07:00,35.8193,2.97333,0.3676556717489204,True,True,True,True,True,True,True,True
2026-06-10 16:45:00+07:00,36.244,3.11333,0.38088893131827195,True,True,True,True,True,True,True,True
2026-06-10 17:00:00+07:00,36.4953,3.18667,0.3888667415500095,True,True,True,True,True,True,True,True
2026-06-10 17:15:00+07:00,35.8573,2.96667,0.3688270298358282,True,True,True,True,True,True,True,True
2026-06-10 17:30:00+07:00,35.0273,2.78667,0.34380324620637115,True,True,True,True,True,True,True,True
2026-06-10 17:45:00+07:00,26.892,2.08,0.155581980194304,True,True,True,True,True,True,True,True
2026-06-11 07:15:00+07:00,15.932,2.35333,0.03235198110054401,True,True,True,True,True,True,True,True
2026-06-11 07:30:00+07:00,44.632,5.52,0.711261059231744,True,True,True,True,True,True,True,True
2026-06-11 07:45:00+07:00,39.3227,3.84667,0.48642958026710464,True,True,True,True,True,True,True,True
2026-06-11 08:00:00+07:00,36.858,3.12,0.4005763307256959,True,True,True,True,True,True,True,True
2026-06-11 08:15:00+07:00,35.4413,2.96,0.3561384939097839,True,True,True,True,True,True,True,True
2026-06-11 08:30:00+07:00,34.5273,2.74667,0.3292894690628912,True,True,True,True,True,True,True,True
2026-06-11 08:45:00+07:00,34.265,2.74286,0.32184161247700005,True,True,True,True,True,True,True,True
2026-06-11 09:00:00+07:00,34.23,2.66667,0.320856383736,True,True,True,True,True,True,True,True
2026-06-11 09:15:00+07:00,34.22,2.68,0.320575259584,True,True,True,True,True,True,True,True
2026-06-11 09:30:00+07:00,34.312,2.67333,0.32316780367462394,True,True,True,True,True,True,True,True
2026-06-11 09:45:00+07:00,34.1833,2.68,0.31954494116365245,True,True,True,True,True,True,True,True
2026-06-11 10:00:00+07:00,34.4471,2.71429,0.32700017449919283,True,True,True,True,True,True,True,True
2026-06-11 10:15:00+07:00,34.3433,2.7,0.3240530084669099,True,True,True,True,True,True,True,True
2026-06-11 10:30:00+07:00,33.9353,2.65333,0.31264037688271973,True,True,True,True,True,True,True,True
2026-06-11 10:45:00+07:00,34.4447,2.70667,0.32693183094562084,True,True,True,True,True,True,True,True
2026-06-11 11:00:00+07:00,34.328,2.7,0.32362010284441606,True,True,True,True,True,True,True,True
2026-06-11 11:15:00+07:00,34.4573,2.75333,0.327290740861284,True,True,True,True,True,True,True,True
2026-06-11 11:30:00+07:00,34.528,2.73333,0.32930949732761594,True,True,True,True,True,True,True,True
2026-06-11 11:45:00+07:00,34.624,2.73333,0.33206393058099215,True,True,True,True,True,True,True,True
2026-06-11 12:00:00+07:00,35.02,2.80667,0.343588336064,True,True,True,True,True,True,True,True
2026-06-11 12:15:00+07:00,34.6767,2.74667,0.3335825088895973,True,True,True,True,True,True,True,True
2026-06-11 12:30:00+07:00,34.1967,2.66,0.31992087745022457,True,True,True,True,True,True,True,True
2026-06-11 12:45:00+07:00,34.2287,2.66667,0.32081982830587125,True,True,True,True,True,True,True,True
2026-06-11 13:00:00+07:00,34.102,2.62,0.317270386153664,True,True,True,True,True,True,True,True
2026-06-11 13:15:00+07:00,34.364,2.68667,0.32463931856435185,True,True,True,True,True,True,True,True
2026-06-11 13:30:00+07:00,34.574,2.71333,0.33062742136979195,True,True,True,True,True,True,True,True
2026-06-11 13:45:00+07:00,34.5373,2.8,0.32957566420328105,True,True,True,True,True,True,True,True
2026-06-11 14:00:00+07:00,34.574,2.74667,0.33062742136979195,True,True,True,True,True,True,True,True
2026-06-11 14:15:00+07:00,34.7733,2.78,0.33637809682145475,True,True,True,True,True,True,True,True
2026-06-11 14:30:00+07:00,34.754,2.78,0.33581831434451187,True,True,True,True,True,True,True,True
2026-06-11 14:45:00+07:00,34.7927,2.74,0.336941406296696,True,True,True,True,True,True,True,True
2026-06-11 15:00:00+07:00,34.968,2.82,0.34206005989785615,True,True,True,True,True,True,True,True
2026-06-11 15:15:00+07:00,35.1627,2.82,0.34780565033863114,True,True,True,True,True,True,True,True
2026-06-11 15:30:00+07:00,35.3073,2.86667,0.35211417611840007,True,True,True,True,True,True,True,True
2026-06-11 15:45:00+07:00,35.034,2.82,0.34400057135443196,True,True,True,True,True,True,True,True
2026-06-11 16:00:00+07:00,35.278,2.9,0.35123829043961596,True,True,True,True,True,True,True,True
2026-06-11 16:15:00+07:00,35.4877,2.90769,0.3575391030841929,True,True,True,False,False,False,True,True
2026-06-11 16:30:00+07:00,36.5267,3.10667,0.3898713304439133,True,True,True,False,False,False,True,True
2026-06-11 16:45:00+07:00,36.9743,3.21667,0.4043801871793232,True,True,True,False,False,False,True,True
2026-06-11 17:00:00+07:00,36.922,3.19333,0.40266663079558396,True,True,True,False,False,False,True,True
2026-06-11 17:15:00+07:00,34.9707,2.72667,0.3421393009303699,True,True,True,False,False,False,True,True
2026-06-11 17:30:00+07:00,33.7107,2.58,0.30647376180131247,True,True,True,False,False,False,True,True
2026-06-11 17:45:00+07:00,27.092,1.86,0.159079122901504,True,True,True,False,False,False,True,True
2026-06-12 07:15:00+07:00,16.042,2.46667,0.033026725968704006,True,True,True,False,False,False,True,True
2026-06-12 07:30:00+07:00,44.2087,5.33333,0.6912151043292201,True,True,True,False,False,False,True,True
2026-06-12 07:45:00+07:00,38.536,3.5,0.4578148618772481,True,True,True,False,False,False,True,True
2026-06-12 08:00:00+07:00,35.916,2.9,0.37064135564236794,True,True,True,False,False,False,True,True
2026-06-12 08:15:00+07:00,34.2693,2.65333,0.32196279379429255,True,True,True,False,False,False,True,True
2026-06-12 08:30:00+07:00,33.336,2.52,0.296367413096448,True,True,True,False,False,False,True,True
2026-06-12 08:45:00+07:00,34.1347,2.62667,0.31818394192951144,True,True,True,False,False,False,True,True
2026-06-12 09:00:00+07:00,34.3847,2.64667,0.32522633544405144,True,True,True,False,False,False,True,True
2026-06-12 09:15:00+07:00,34.4727,2.7,0.3277297651373487,True,True,True,False,False,False,True,True
2026-06-12 09:30:00+07:00,34.6067,2.74,0.331566428607062,True,True,True,True,True,True,True,True
2026-06-12 09:45:00+07:00,34.262,2.68667,0.32175708538182396,True,True,True,True,True,True,True,True
2026-06-12 10:00:00+07:00,34.624,2.74,0.33206393058099215,True,True,True,False,False,False,True,True
2026-06-12 10:15:00+07:00,34.824,2.74667,0.337851576225792,True,True,True,False,False,False,True,True
2026-06-12 10:30:00+07:00,34.252,2.67333,0.3214754352880641,True,True,True,False,False,False,True,True
2026-06-12 10:45:00+07:00,35.036,2.78,0.344059489013248,True,True,True,False,False,False,True,True
2026-06-12 11:00:00+07:00,34.236,2.68,0.321025137090048,True,True,True,False,False,False,True,True
2026-06-12 11:15:00+07:00,34.822,2.81333,0.33779336944198407,True,True,True,False,False,False,True,True
2026-06-12 11:30:00+07:00,34.3573,2.66,0.32444946935738816,True,True,True,False,False,False,True,True
2026-06-12 11:45:00+07:00,34.934,2.78,0.34106325674003196,True,True,True,False,False,False,True,True
2026-06-12 12:00:00+07:00,34.8453,2.75333,0.3384718933372455,True,True,True,False,False,False,True,True
2026-06-12 12:15:00+07:00,34.9073,2.75333,0.340281831990816,True,True,True,False,False,False,True,True
2026-06-12 12:30:00+07:00,34.77,2.71333,0.33628233866400004,True,True,True,False,False,False,True,True
2026-06-12 12:45:00+07:00,34.6587,2.72667,0.3330633099270721,True,True,True,False,False,False,True,True
2026-06-12 13:00:00+07:00,34.5267,2.69333,0.3292723026251933,True,True,True,False,False,False,True,True
2026-06-12 13:15:00+07:00,35.13,2.78,0.34683621357600003,True,True,True,False,False,False,True,True
2026-06-12 13:30:00+07:00,34.8513,2.73333,0.33864676751553363,True,True,True,False,False,False,True,True
2026-06-12 13:45:00+07:00,35.0593,2.85333,0.34474637551982285,True,True,True,False,False,False,True,True
2026-06-12 14:00:00+07:00,35.2947,2.88,0.351737337148657,True,True,True,False,False,False,True,True
2026-06-12 14:15:00+07:00,35.4587,2.92667,0.35666329288431997,True,True,True,False,False,False,True,True
2026-06-12 14:30:00+07:00,34.6593,2.76667,0.33308060787351895,True,True,True,False,False,False,True,True
2026-06-12 14:45:00+07:00,35.0293,2.79333,0.34386214133282994,True,True,True,False,False,False,True,True
2026-06-12 15:00:00+07:00,35.1327,2.84667,0.3469161904976223,True,True,True,False,False,False,True,True
2026-06-12 15:15:00+07:00,34.926,2.78,0.34082899659820803,True,True,True,False,False,False,True,True
2026-06-12 15:30:00+07:00,35.3567,2.86,0.353594220385082,True,True,True,False,False,False,True,True
2026-06-12 15:45:00+07:00,34.782,2.77333,0.3366306372781439,True,True,True,False,False,False,True,True
2026-06-12 16:00:00+07:00,34.9993,2.82667,0.34297942041159724,True,True,True,False,False,False,True,True
2026-06-12 16:15:00+07:00,34.878,2.77333,0.33942568803321593,True,True,True,False,False,False,True,True
2026-06-12 16:30:00+07:00,35.6107,2.92,0.36126968387805636,True,True,True,False,False,False,True,True
2026-06-12 16:45:00+07:00,35.4293,2.86667,0.355776863686334,True,True,True,False,False,False,True,True
2026-06-12 17:00:00+07:00,35.768,2.92667,0.366078276038656,True,True,True,False,False,False,True,True
2026-06-12 17:15:00+07:00,35.4233,2.88,0.35559614041253856,True,True,True,False,False,False,True,True
2026-06-12 17:30:00+07:00,35.6413,2.91333,0.3622017931370961,True,True,True,False,False,False,True,True
2026-06-12 17:45:00+07:00,27.762,2.00667,0.17117574891782397,True,True,True,False,False,False,True,True
2026-06-16 10:00:00+07:00,35.7111,2.9,0.3643339737132691,True,True,True,True,True,True,True,True
2026-06-16 10:15:00+07:00,36.6147,3.16667,0.3926959546068682,True,True,True,False,False,False,True,True
2026-06-16 10:30:00+07:00,36.3087,3.04667,0.382932375618396,True,True,True,False,False,False,True,True
2026-06-16 10:45:00+07:00,36.0647,3.01333,0.37526404774848016,True,True,True,False,False,False,True,True
2026-06-16 11:00:00+07:00,36.2327,3.12,0.3805327865908783,True,True,True,True,True,True,True,True
2026-06-16 11:15:00+07:00,36.5047,3.13333,0.38916729715167064,True,True,True,True,True,True,True,True
2026-06-16 11:30:00+07:00,36.348,3.08,0.3841771630095359,True,True,True,True,True,True,True,True
2026-06-16 11:45:00+07:00,36.5613,3.09333,0.3909802997792112,True,True,True,True,True,True,True,True
2026-06-16 12:00:00+07:00,35.8627,2.90667,0.368993687608303,True,True,True,False,False,False,True,True
2026-06-16 12:15:00+07:00,35.256,2.83333,0.35058158445772797,True,True,True,False,False,False,True,True
2026-06-16 12:30:00+07:00,35.21,2.82667,0.3492111180880001,True,True,True,False,False,False,True,True
2026-06-16 12:45:00+07:00,35.118,2.86667,0.3464809093042561,True,True,True,False,False,False,True,True
2026-06-16 13:00:00+07:00,35.554,2.88667,0.35954676969171206,True,True,True,False,False,False,True,True
2026-06-16 13:15:00+07:00,36.506,3.08,0.389208875537728,True,True,True,False,False,False,True,True
2026-06-16 13:30:00+07:00,36.882,3.16,0.4013593433677439,True,True,True,False,False,False,True,True
2026-06-16 13:45:00+07:00,36.6647,3.08667,0.39430691599617634,True,True,True,False,False,False,True,True
2026-06-16 14:00:00+07:00,36.56,3.09333,0.3909385953280001,True,True,True,True,True,True,True,True
2026-06-16 14:15:00+07:00,36.5247,3.11333,0.38980729235939393,True,True,True,True,True,True,True,True
2026-06-16 14:30:00+07:00,36.3247,2.99333,0.3834388342629617,True,True,True,True,True,True,True,True
2026-06-16 14:45:00+07:00,36.2253,3.03333,0.38029967940774617,True,True,True,True,True,True,True,True
2026-06-16 15:00:00+07:00,35.8953,2.99333,0.3700008732639133,True,True,True,True,True,True,True,True
2026-06-16 15:15:00+07:00,36.2113,3.02,0.3798589262766152,True,True,True,True,True,True,True,True
2026-06-16 15:30:00+07:00,35.7993,2.88667,0.36704016486900526,True,True,True,True,True,True,True,True
2026-06-16 15:45:00+07:00,35.9107,2.96667,0.37047729706238436,True,True,True,True,True,True,True,True
2026-06-16 16:00:00+07:00,35.9933,2.94667,0.3730396419825539,True,True,True,True,True,True,True,True
2026-06-16 16:15:00+07:00,35.9453,2.92667,0.3715491950564215,True,True,True,True,True,True,True,True
2026-06-16 16:30:00+07:00,35.956,2.97333,0.37188109602252817,True,True,True,True,True,True,True,True
2026-06-16 16:45:00+07:00,36.2247,3.02,0.38028078299874574,True,True,True,True,True,True,True,True
2026-06-16 17:00:00+07:00,34.7787,2.74,0.3365348311965793,True,True,True,False,False,False,True,True
2026-06-16 17:15:00+07:00,35.1547,2.80667,0.3475683125739546,True,True,True,False,False,False,True,True
2026-06-16 17:30:00+07:00,34.9053,2.72667,0.34022334640137486,True,True,True,False,False,False,True,True
2026-06-16 17:45:00+07:00,27.8733,2.01333,0.1732427840708707,True,True,True,False,False,False,True,True
2026-06-17 07:00:00+07:00,3.33333,0.5,0.00029629540740829636,False,True,True,True,False,False,False,True
2026-06-17 07:15:00+07:00,46.984,6.37333,0.8297360327352322,True,True,True,False,False,False,True,True
2026-06-17 07:30:00+07:00,41.3433,4.27333,0.5653343880884298,True,True,True,False,False,False,True,True
2026-06-17 07:45:00+07:00,36.894,3.16667,0.40175123203987195,True,True,True,False,False,False,True,True
2026-06-17 08:00:00+07:00,35.42,2.80667,0.35549676870400004,True,True,True,False,False,False,True,True
2026-06-17 08:15:00+07:00,33.8413,2.57333,0.31004954674728785,True,True,True,False,False,False,True,True
2026-06-17 08:30:00+07:00,33.508,2.58,0.3009785234600961,True,True,True,False,False,False,True,True
2026-06-17 08:45:00+07:00,34.6129,2.70714,0.33174466694003757,True,True,True,False,False,False,True,True
2026-06-17 09:00:00+07:00,34.43,2.66667,0.326513434456,True,True,True,False,False,False,True,True
2026-06-17 09:15:00+07:00,34.52,2.73333,0.32908065126400005,True,True,True,False,False,False,True,True
2026-06-17 09:30:00+07:00,34.5773,2.70667,0.3307221030352393,True,True,True,False,False,False,True,True
2026-06-17 09:45:00+07:00,34.6987,2.74667,0.33421781779941456,True,True,True,True,True,True,True,True
2026-06-17 10:00:00+07:00,34.528,2.71333,0.32930949732761594,True,True,True,False,False,False,True,True
2026-06-17 10:15:00+07:00,34.7547,2.76,0.3358386064738906,True,True,True,False,False,False,True,True
2026-06-17 10:30:00+07:00,35.2727,2.81333,0.3510800090789167,True,True,True,False,False,False,True,True
2026-06-17 10:45:00+07:00,34.6987,2.76,0.33421781779941456,True,True,True,False,False,False,True,True
2026-06-17 11:00:00+07:00,34.8927,2.81333,0.33985504128059185,True,True,True,False,False,False,True,True
2026-06-17 11:15:00+07:00,35.0667,2.83333,0.34496471944152757,True,True,True,False,False,False,True,True
2026-06-17 11:30:00+07:00,35.0767,2.78,0.34525992523734145,True,True,True,False,False,False,True,True
2026-06-17 11:45:00+07:00,35.4667,2.94,0.35690475267887173,True,True,True,False,False,False,True,True
2026-06-17 12:00:00+07:00,35.8153,2.96,0.3675325153667806,True,True,True,False,False,False,True,True
2026-06-17 12:15:00+07:00,35.134,2.82,0.34695470228883196,True,True,True,False,False,False,True,True
2026-06-17 12:30:00+07:00,34.8793,2.74,0.3394636434642661,True,True,True,False,False,False,True,True
2026-06-17 12:45:00+07:00,34.6707,2.77333,0.3334093826612419,True,True,True,False,False,False,True,True
2026-06-17 13:00:00+07:00,34.85,2.8,0.3386088730000001,True,True,True,False,False,False,True,True
2026-06-17 13:15:00+07:00,35.2713,2.86,0.35103820684904863,True,True,True,False,False,False,True,True
2026-06-17 13:30:00+07:00,36.1321,3.0,0.3773719339958333,True,True,True,False,False,False,True,True
2026-06-17 13:45:00+07:00,35.24,2.88214,0.35010449459200016,True,True,True,False,False,False,True,True
2026-06-17 14:00:00+07:00,36.5796,3.09231,0.3915676849110267,True,True,True,True,True,True,True,True
2026-06-17 14:15:00+07:00,36.4013,3.09333,0.3858696922284015,True,True,True,True,True,True,True,True
2026-06-17 14:30:00+07:00,36.4987,3.12,0.38897543528042244,True,True,True,True,True,True,True,True
2026-06-17 14:45:00+07:00,36.5533,3.09333,0.3907237040309955,True,True,True,True,True,True,True,True
2026-06-17 15:00:00+07:00,37.1687,3.22667,0.4107921178139176,True,True,True,True,True,True,True,True
2026-06-17 15:15:00+07:00,36.872,3.17333,0.40103296421478396,True,True,True,True,True,True,True,True
2026-06-17 15:30:00+07:00,36.6813,3.13333,0.3948427277226384,True,True,True,True,True,True,True,True
2026-06-17 15:45:00+07:00,36.796,3.17333,0.39855826309068804,True,True,True,True,True,True,True,True
2026-06-17 16:00:00+07:00,36.7453,3.14667,0.39691305103254954,True,True,True,True,True,True,True,True
2026-06-17 16:15:00+07:00,36.748,3.2,0.3970005515279359,True,True,True,True,True,True,True,True
2026-06-17 16:30:00+07:00,37.4793,3.26667,0.4211767605700422,True,True,True,True,True,True,True,True
2026-06-17 16:45:00+07:00,37.278,3.29333,0.414426768071616,True,True,True,True,True,True,True,True
2026-06-17 17:00:00+07:00,37.458,3.4,0.4204590870072959,True,True,True,True,True,True,True,True
2026-06-17 17:15:00+07:00,37.6267,3.36,0.42616558887220934,True,True,True,True,True,True,True,True
2026-06-17 17:30:00+07:00,37.352,3.27333,0.4168996876656639,True,True,True,True,True,True,True,True
2026-06-17 17:45:00+07:00,32.1,2.58667,0.264609288,True,True,True,True,True,True,True,True
2026-06-18 07:15:00+07:00,16.0427,2.81333,0.033031049566195854,True,True,True,False,False,False,True,True
2026-06-18 07:30:00+07:00,45.5253,5.82,0.7548287549078343,True,True,True,False,False,False,True,True
2026-06-18 07:45:00+07:00,40.2427,4.0,0.5213763415250278,True,True,True,False,False,False,True,True
2026-06-18 08:00:00+07:00,37.898,3.32,0.43545056795833614,True,True,True,False,False,False,True,True
2026-06-18 08:15:00+07:00,36.2087,3.00667,0.37977710963674,True,True,True,False,False,False,True,True
2026-06-18 08:30:00+07:00,35.7993,2.92,0.36704016486900526,True,True,True,False,False,False,True,True
2026-06-18 08:45:00+07:00,35.898,2.98,0.3700843725663361,True,True,True,True,True,True,True,True
2026-06-18 09:00:00+07:00,35.9387,2.90667,0.3713445696013887,True,True,True,True,True,True,True,True
2026-06-18 09:15:00+07:00,35.81,2.91333,0.3673693755280001,True,True,True,True,True,True,True,True
2026-06-18 09:30:00+07:00,35.788,2.94,0.3666927073909759,True,True,True,True,True,True,True,True
2026-06-18 09:45:00+07:00,35.7053,2.92667,0.364156483196703,True,True,True,True,True,True,True,True
2026-06-18 10:00:00+07:00,35.51,2.86667,0.3582135452079999,True,True,True,True,True,True,True,True
2026-06-18 10:15:00+07:00,35.656,2.9,0.36265014064332796,True,True,True,True,True,True,True,True
2026-06-18 10:30:00+07:00,35.7173,2.93333,0.36452376872109377,True,True,True,True,True,True,True,True
2026-06-18 10:45:00+07:00,35.666,2.9,0.36295535030636794,True,True,True,True,True,True,True,True
2026-06-18 11:00:00+07:00,36.036,2.98,0.37436886411724807,True,True,True,True,True,True,True,True
2026-06-18 11:15:00+07:00,36.0393,2.98,0.37447172212494756,True,True,True,True,True,True,True,True
2026-06-18 11:30:00+07:00,36.1353,2.95333,0.3774722074762719,True,True,True,True,True,True,True,True
2026-06-18 11:45:00+07:00,36.098,3.03333,0.3763044973855359,True,True,True,True,True,True,True,True
2026-06-18 12:00:00+07:00,36.4407,3.03333,0.38712402057701706,True,True,True,True,True,True,True,True
2026-06-18 12:15:00+07:00,35.932,2.96,0.3711369206205441,True,True,True,True,True,True,True,True
2026-06-18 12:30:00+07:00,35.792,2.91333,0.36681567610470406,True,True,True,True,True,True,True,True
2026-06-18 12:45:00+07:00,35.9607,2.94667,0.37202694675377235,True,True,True,True,True,True,True,True
2026-06-18 13:00:00+07:00,35.9867,2.98667,0.3728344696141389,True,True,True,True,True,True,True,True
2026-06-18 13:15:00+07:00,35.9113,2.96667,0.37049586730124706,True,True,True,True,True,True,True,True
2026-06-18 13:30:00+07:00,36.4267,3.08,0.3866780093009772,True,True,True,True,True,True,True,True
2026-06-18 13:45:00+07:00,36.5133,3.14,0.38944240917446105,True,True,True,True,True,True,True,True
2026-06-18 14:00:00+07:00,36.7427,3.15333,0.3968288034486679,True,True,True,True,True,True,True,True
2026-06-18 14:15:00+07:00,36.7167,3.18,0.3959869831955718,True,True,True,True,True,True,True,True
2026-06-18 14:30:00+07:00,36.5167,3.09333,0.38955121014489974,True,True,True,True,True,True,True,True
2026-06-18 14:45:00+07:00,36.91,3.14,0.40227414696799996,True,True,True,True,True,True,True,True
2026-06-18 15:00:00+07:00,36.7587,3.18667,0.397347439213848,True,True,True,True,True,True,True,True
2026-06-18 15:15:00+07:00,36.8493,3.16,0.4002927403353533,True,True,True,True,True,True,True,True
2026-06-18 15:30:00+07:00,37.2513,3.23333,0.41353691846087753,True,True,True,True,True,True,True,True
2026-06-18 15:45:00+07:00,36.896,3.14,0.401816571609088,True,True,True,True,True,True,True,True
2026-06-18 16:00:00+07:00,36.9573,3.16667,0.4038226672586841,True,True,True,True,True,True,True,True
2026-06-18 16:15:00+07:00,37.2393,3.26667,0.4131374012942596,True,True,True,True,True,True,True,True
2026-06-18 16:30:00+07:00,37.5253,3.34,0.4227294512105542,True,True,True,True,True,True,True,True
2026-06-18 16:45:00+07:00,36.5687,3.08,0.3912177508423816,True,True,True,True,True,True,True,True
2026-06-18 17:00:00+07:00,35.4107,2.92308,0.35521682076850436,True,True,True,True,True,True,True,True
2026-06-18 17:15:00+07:00,34.8987,2.74667,0.3400303915035264,True,True,True,True,True,True,True,True
2026-06-18 17:30:00+07:00,34.754,2.73333,0.33581831434451187,True,True,True,True,True,True,True,True
2026-06-18 17:45:00+07:00,27.7153,1.95333,0.1703133685396846,True,True,True,True,True,True,True,True
2026-06-19 07:15:00+07:00,15.9553,2.42667,0.032494129752043015,True,True,True,False,False,False,True,True
2026-06-19 07:30:00+07:00,44.572,5.34,0.708396411497984,True,True,True,False,False,False,True,True
2026-06-19 07:45:00+07:00,38.9683,3.625,0.4733957635221999,True,True,True,False,False,False,True,True
2026-06-19 08:00:00+07:00,37.31,3.15333,0.4154949351280001,True,True,True,False,False,False,True,True
2026-06-19 08:15:00+07:00,35.5873,2.79333,0.36055797446178894,True,True,True,False,False,False,True,True
2026-06-19 08:30:00+07:00,34.8233,2.79333,0.33783120309092274,True,True,True,False,False,False,True,True
2026-06-19 08:45:00+07:00,34.9707,2.82,0.3421393009303699,True,True,True,True,True,True,True,True
2026-06-19 09:00:00+07:00,35.2967,2.85333,0.3517971348977206,True,True,True,True,True,True,True,True
2026-06-19 09:15:00+07:00,35.2307,2.77333,0.3498273851190275,True,True,True,True,True,True,True,True
2026-06-19 09:30:00+07:00,35.0807,2.76,0.3453780546960635,True,True,True,True,True,True,True,True
2026-06-19 09:45:00+07:00,34.956,2.76,0.3417080255585281,True,True,True,True,True,True,True,True
2026-06-19 10:00:00+07:00,35.018,2.78667,0.343529472206656,True,True,True,False,False,False,True,True
2026-06-19 10:15:00+07:00,35.11,2.78,0.3462441746479999,True,True,True,False,False,False,True,True
2026-06-19 10:30:00+07:00,35.134,2.79333,0.34695470228883196,True,True,True,False,False,False,True,True
2026-06-19 10:45:00+07:00,35.1893,2.75333,0.3485955752393517,True,True,True,True,True,True,True,True
2026-06-19 11:00:00+07:00,35.088,2.77333,0.34559371041177606,True,True,True,False,False,False,True,True
2026-06-19 11:15:00+07:00,35.2113,2.83333,0.3492497995320552,True,True,True,False,False,False,True,True
2026-06-19 11:30:00+07:00,35.1847,2.78,0.3484588862425794,True,True,True,False,False,False,True,True
2026-06-19 11:45:00+07:00,35.3973,2.83333,0.35481371342542667,True,True,True,True,True,True,True,True
2026-06-19 12:00:00+07:00,35.2407,2.80667,0.35012535821410506,True,True,True,False,False,False,True,True
2026-06-19 12:15:00+07:00,35.1013,2.77333,0.34598684813567365,True,True,True,False,False,False,True,True
2026-06-19 12:30:00+07:00,35.382,2.84,0.3543538221037439,True,True,True,False,False,False,True,True
2026-06-19 12:45:00+07:00,35.288,2.82667,0.3515370640629759,True,True,True,True,True,True,True,True
2026-06-19 13:00:00+07:00,35.04,2.77333,0.344177344512,True,True,True,True,True,True,True,True
2026-06-19 13:15:00+07:00,35.1573,2.8,0.34764543550055604,True,True,True,True,True,True,True,True
2026-06-19 13:30:00+07:00,35.226,2.84667,0.34968739618540806,True,True,True,True,True,True,True,True
2026-06-19 13:45:00+07:00,35.526,2.87333,0.35869797209260806,True,True,True,True,True,True,True,True
2026-06-19 14:00:00+07:00,35.658,2.91333,0.36271116888249605,True,True,True,True,True,True,True,True
2026-06-19 14:15:00+07:00,35.544,2.84667,0.3592434741534719,True,True,True,True,True,True,True,True
2026-06-19 14:30:00+07:00,34.966,2.78,0.3420013707255681,True,True,True,True,True,True,True,True
2026-06-19 14:45:00+07:00,35.4347,2.84667,0.35593956697711926,True,True,True,True,True,True,True,True
2026-06-19 15:00:00+07:00,35.8387,2.93333,0.3682533705109329,True,True,True,True,True,True,True,True
2026-06-19 15:15:00+07:00,35.5507,2.88667,0.3594466633000708,True,True,True,True,True,True,True,True
2026-06-19 15:30:00+07:00,35.604,2.88667,0.3610658082309119,True,True,True,True,True,True,True,True
2026-06-19 15:45:00+07:00,35.3347,2.88,0.3529345801913033,True,True,True,True,True,True,True,True
2026-06-19 16:00:00+07:00,35.4853,2.84,0.3574665678832679,True,True,True,True,True,True,True,True
2026-06-19 16:15:00+07:00,35.624,2.89333,0.361674619604992,True,True,True,True,True,True,True,True
2026-06-19 16:30:00+07:00,35.5547,2.93333,0.35956800677001843,True,True,True,True,True,True,True,True
2026-06-19 16:45:00+07:00,36.2967,3.01333,0.3825528244390806,True,True,True,True,True,True,True,True
2026-06-19 17:00:00+07:00,35.9447,2.98,0.37153058963686086,True,True,True,True,True,True,True,True
2026-06-19 17:15:00+07:00,35.7527,2.96,0.3656086997049774,True,True,True,True,True,True,True,True
2026-06-19 17:30:00+07:00,35.2607,2.82667,0.35072181191834034,True,True,True,True,True,True,True,True
2026-06-19 17:45:00+07:00,27.7127,2.02667,0.17026544123397908,True,True,True,True,True,True,True,True
2026-06-20 13:00:00+07:00,47.7289,6.52667,0.8698297614855086,True,True,False,True,False,False,False,True
2026-06-20 13:15:00+07:00,48.3987,6.64,0.9069661460910864,True,True,False,True,False,False,False,True
2026-06-20 13:30:00+07:00,48.944,6.80667,0.9379687425310722,True,True,False,True,False,False,False,True
2026-06-20 13:45:00+07:00,49.0053,6.82,0.9414974402350308,True,True,False,True,False,False,False,True
2026-06-20 14:00:00+07:00,49.292,6.89333,0.9581186776407041,True,True,False,True,False,False,False,True
2026-06-20 14:15:00+07:00,49.1627,6.82667,0.9505985894920713,True,True,False,True,False,False,False,True
2026-06-20 14:30:00+07:00,49.4913,7.00667,0.9697874777144523,True,True,False,True,False,False,False,True
2026-06-20 14:45:00+07:00,49.658,7.06,0.9796200367864961,True,True,False,True,False,False,False,True
2026-06-20 15:00:00+07:00,49.5987,7.02,0.9761147330197585,True,True,False,True,False,False,False,True
2026-06-20 15:15:00+07:00,49.782,7.06,0.9869769459181439,True,True,False,True,False,False,False,True
2026-06-20 15:30:00+07:00,49.7893,7.08667,0.9874111985566475,True,True,False,True,False,False,False,True
2026-06-20 15:45:00+07:00,49.9733,7.15333,0.9983988553157269,True,True,False,True,False,False,False,True
2026-06-20 16:00:00+07:00,49.85,7.14,0.991026973,True,True,False,True,False,False,False,True
2026-06-20 16:15:00+07:00,49.7687,7.11333,0.9861861006321739,True,True,False,True,False,False,False,True
2026-06-20 16:30:00+07:00,49.9853,7.16,0.9991182592825881,True,True,False,True,False,False,False,True
2026-06-20 16:45:00+07:00,49.9673,7.14667,0.9980392828682739,True,True,False,True,False,False,False,True
2026-06-20 17:00:00+07:00,49.986,7.18,0.9991602351780479,True,True,False,True,False,False,False,True
2026-06-20 17:15:00+07:00,49.982,7.15333,0.9989203887533439,True,True,False,True,False,False,False,True
2026-06-20 17:30:00+07:00,49.9553,7.17333,0.9973203969934832,True,True,False,True,False,False,False,True
2026-06-20 17:45:00+07:00,49.952,7.15333,0.9971227639152638,True,True,False,True,False,False,False,True
2026-06-20 18:00:00+07:00,49.9773,7.18667,0.9986386182544235,True,True,False,True,False,False,False,True
2026-06-20 18:15:00+07:00,49.9927,7.16,0.9995620639448879,True,True,False,True,False,False,False,True
2026-06-20 18:30:00+07:00,49.9207,7.14,0.9952495421985816,True,True,False,True,False,False,False,True
2026-06-20 18:45:00+07:00,49.9507,7.18,0.9970449156294147,True,True,False,True,False,False,False,True
2026-06-20 19:00:00+07:00,49.9267,7.14667,0.9956084443173371,True,True,False,True,False,False,False,True
2026-06-20 19:15:00+07:00,49.9487,7.14,0.9969251569479545,True,True,False,True,False,False,False,True
2026-06-20 19:30:00+07:00,49.984,7.17333,0.999040307167232,True,True,False,True,False,False,False,True
2026-06-20 19:45:00+07:00,50.0,7.18667,1.0,True,True,False,True,False,False,False,True
2026-06-20 20:00:00+07:00,49.9273,7.16667,0.9956443392740755,True,True,False,True,False,False,False,True
2026-06-20 20:15:00+07:00,49.9507,7.17333,0.9970449156294147,True,True,False,True,False,False,False,True
2026-06-20 20:30:00+07:00,49.9847,7.16667,0.9990822808793473,True,True,False,True,False,False,False,True
2026-06-20 20:45:00+07:00,49.978,7.18,0.998680580714816,True,True,False,True,False,False,False,True
2026-06-20 21:00:00+07:00,49.8673,7.16667,0.9920591124539776,True,True,False,True,False,False,False,True
2026-06-20 21:15:00+07:00,49.8707,7.14,0.992262044894394,True,True,False,True,False,False,False,True
2026-06-20 21:30:00+07:00,49.8513,7.12,0.9911045077239338,True,True,False,True,False,False,False,True
2026-06-20 21:45:00+07:00,49.7613,6.64667,0.985746264423403,True,True,False,True,False,False,False,True
2026-06-22 06:45:00+07:00,20.0,3.2,0.06400000000000002,True,True,True,True,True,True,True,True
2026-06-22 07:00:00+07:00,48.402,6.95333,0.907151679526464,True,True,True,True,True,True,True,True
2026-06-22 07:15:00+07:00,42.026,4.48667,0.593805417548608,True,True,True,True,True,True,True,True
2026-06-22 07:30:00+07:00,39.1467,3.65333,0.47992730560995656,True,True,True,True,True,True,True,True
2026-06-22 07:45:00+07:00,37.1373,3.24667,0.409751889451777,True,True,True,True,True,True,True,True
2026-06-22 08:00:00+07:00,36.1647,3.00667,0.37839430148309633,True,True,True,True,True,True,True,True
2026-06-22 08:15:00+07:00,35.6313,2.97333,0.3618970061244505,True,True,True,True,True,True,True,True
2026-06-22 08:30:00+07:00,35.6313,2.96,0.3618970061244505,True,True,True,True,True,True,True,True
2026-06-22 08:45:00+07:00,35.7047,2.96,0.3641381253995426,True,True,True,True,True,True,True,True
2026-06-22 09:00:00+07:00,36.0047,2.96667,0.3733942078865906,True,True,True,False,False,False,True,True
2026-06-22 09:15:00+07:00,36.2927,3.06667,0.38242636313513606,True,True,True,False,False,False,True,True
2026-06-22 09:30:00+07:00,36.1433,3.04,0.3777229688861581,True,True,True,False,False,False,True,True
2026-06-22 09:45:00+07:00,35.986,2.98,0.37281271332204785,True,True,True,True,True,True,True,True
2026-06-22 10:00:00+07:00,35.9187,2.99333,0.37072495127321775,True,True,True,True,True,True,True,True
2026-06-22 10:15:00+07:00,36.1887,3.02,0.3791481435975287,True,True,True,True,True,True,True,True
2026-06-22 10:30:00+07:00,36.0793,3.03333,0.37571998444477817,True,True,True,True,True,True,True,True
2026-06-22 10:45:00+07:00,35.7833,3.02667,0.3665482542730282,True,True,True,True,True,True,True,True
2026-06-22 11:00:00+07:00,36.1393,3.01429,0.37759757430372354,True,True,True,True,True,True,True,True
2026-06-22 11:15:00+07:00,35.812,2.92,0.367430932058624,True,True,True,True,True,True,True,True
2026-06-22 11:30:00+07:00,36.0547,3.01429,0.37495197527509844,True,True,True,True,True,True,True,True
2026-06-22 11:45:00+07:00,36.0387,3.01667,0.37445301926784486,True,True,True,True,True,True,True,True
2026-06-22 12:00:00+07:00,36.1773,3.04643,0.3787899438783754,True,True,True,True,True,True,True,True
2026-06-22 12:15:00+07:00,36.2327,3.02,0.3805327865908783,True,True,True,True,True,True,True,True
2026-06-22 12:30:00+07:00,35.88,2.96,0.369527947776,True,True,True,True,True,True,True,True
2026-06-22 12:45:00+07:00,35.7047,2.89643,0.3641381253995426,True,True,True,True,True,True,True,True
2026-06-22 13:00:00+07:00,35.7033,2.91429,0.36409529293883947,True,True,True,True,True,True,True,True
2026-06-22 13:15:00+07:00,35.7693,2.95333,0.3661181932039326,True,True,True,True,True,True,True,True
2026-06-22 13:30:00+07:00,36.18,3.0,0.37887476025600003,True,True,True,True,True,True,True,True
2026-06-22 13:45:00+07:00,36.698,3.10667,0.3953822568031361,True,True,True,True,True,True,True,True
2026-06-22 14:00:00+07:00,36.758,3.06667,0.39732473945209607,True,True,True,True,True,True,True,True
2026-06-22 14:15:00+07:00,36.7593,3.16154,0.39736689684061505,True,True,True,True,True,True,True,True
2026-06-22 14:30:00+07:00,36.7489,3.26,0.39702972121720936,True,True,True,True,True,True,True,True
2026-06-22 14:45:00+07:00,37.0053,3.21333,0.4053981617451109,True,True,True,True,True,True,True,True
2026-06-22 15:00:00+07:00,36.78,3.14667,0.39803857401600007,True,True,True,True,True,True,True,True
2026-06-22 15:15:00+07:00,36.8,3.14667,0.39868825599999996,True,True,True,True,True,True,True,True
2026-06-22 15:30:00+07:00,36.9293,3.18667,0.402905516631974,True,True,True,True,True,True,True,True
2026-06-22 15:45:00+07:00,36.8807,3.14667,0.40131690406763154,True,True,True,True,True,True,True,True
2026-06-22 16:00:00+07:00,36.9347,3.19333,0.4030822874843593,True,True,True,True,True,True,True,True
2026-06-22 16:15:00+07:00,37.0313,3.21333,0.4062532630100344,True,True,True,True,True,True,True,True
2026-06-22 16:30:00+07:00,37.23,3.32667,0.4128279525359999,True,True,True,True,True,True,True,True
2026-06-22 16:45:00+07:00,37.8553,3.4,0.4339803481001469,True,True,True,True,True,True,True,True
2026-06-22 17:00:00+07:00,37.4187,3.30667,0.4191370694220576,True,True,True,True,True,True,True,True
2026-06-22 17:15:00+07:00,36.7187,3.08667,0.3960516962912656,True,True,True,True,True,True,True,True
2026-06-22 17:30:00+07:00,36.4387,3.02,0.3870602836936687,True,True,True,True,True,True,True,True
2026-06-22 17:45:00+07:00,31.474,2.39333,0.24942834691539204,True,True,True,True,True,True,True,True
2026-06-23 07:15:00+07:00,47.798,6.72667,0.873613148268736,True,True,True,False,False,False,True,True
2026-06-23 07:30:00+07:00,43.9827,5.16,0.6806684888088184,True,True,True,False,False,False,True,True
2026-06-23 07:45:00+07:00,40.2707,3.99333,0.5224653860422979,True,True,True,False,False,False,True,True
2026-06-23 08:00:00+07:00,37.918,3.39333,0.4361403358770561,True,True,True,True,True,True,True,True
2026-06-23 08:15:00+07:00,36.3773,3.08667,0.3851069638557672,True,True,True,True,True,True,True,True
2026-06-23 08:30:00+07:00,35.5313,2.92,0.35885853474119433,True,True,True,True,True,True,True,True
2026-06-23 08:45:00+07:00,35.6553,2.92667,0.36262878237699486,True,True,True,True,True,True,True,True
2026-06-23 09:00:00+07:00,35.7053,2.92667,0.364156483196703,True,True,True,False,False,False,True,True
2026-06-23 09:15:00+07:00,35.6233,2.88667,0.36165329965841075,True,True,True,False,False,False,True,True
2026-06-23 09:30:00+07:00,35.67,2.95333,0.36307748210400004,True,True,True,False,False,False,True,True
2026-06-23 09:45:00+07:00,36.0233,2.96667,0.3739731923581546,True,True,True,True,True,True,True,True
2026-06-23 10:00:00+07:00,35.9967,2.96667,0.37314536620867245,True,True,True,False,False,False,True,True
2026-06-23 10:15:00+07:00,35.8067,2.92,0.367267822283894,True,True,True,False,False,False,True,True
2026-06-23 10:30:00+07:00,35.8527,2.93333,0.3686851016904734,True,True,True,False,False,False,True,True
2026-06-23 10:45:00+07:00,35.7893,2.96667,0.3667326692080075,True,True,True,True,True,True,True,True
2026-06-23 11:00:00+07:00,35.796,2.88,0.366938672306688,True,True,True,False,False,False,True,True
2026-06-23 11:15:00+07:00,35.7053,2.90667,0.364156483196703,True,True,True,False,False,False,True,True
2026-06-23 11:30:00+07:00,35.7713,2.98,0.3661796098933286,True,True,True,False,False,False,True,True
2026-06-23 11:45:00+07:00,35.91,2.93333,0.3704556325679999,True,True,True,True,True,True,True,True
2026-06-23 12:00:00+07:00,35.7907,2.92,0.3667757082577732,True,True,True,True,True,True,True,True
2026-06-23 12:15:00+07:00,35.356,2.85333,0.3535732191841281,True,True,True,True,True,True,True,True
2026-06-23 12:30:00+07:00,35.6993,2.88667,0.3639729329878293,True,True,True,True,True,True,True,True
2026-06-23 12:45:00+07:00,35.676,2.90667,0.36326073116620805,True,True,True,True,True,True,True,True
2026-06-23 13:00:00+07:00,35.62,2.90667,0.36155280262399986,True,True,True,True,True,True,True,True
2026-06-23 13:15:00+07:00,35.5047,2.86,0.3580531750215106,True,True,True,True,True,True,True,True
2026-06-23 13:30:00+07:00,35.5447,2.88667,0.359264699287197,True,True,True,True,True,True,True,True
2026-06-23 13:45:00+07:00,35.7187,2.95333,0.36456663477870555,True,True,True,True,True,True,True,True
2026-06-23 14:00:00+07:00,35.8227,2.96667,0.36776037630274455,True,True,True,True,True,True,True,True
2026-06-23 14:15:00+07:00,36.222,3.02667,0.38019575690438395,True,True,True,True,True,True,True,True
2026-06-23 14:30:00+07:00,36.2,3.01333,0.37950342400000014,True,True,True,True,True,True,True,True
2026-06-23 14:45:00+07:00,36.0413,3.00667,0.3745340694797199,True,True,True,True,True,True,True,True
2026-06-23 15:00:00+07:00,36.476,3.07333,0.3882501284654079,True,True,True,True,True,True,True,True
2026-06-23 15:15:00+07:00,36.4087,3.06,0.3861050697760522,True,True,True,True,True,True,True,True
2026-06-23 15:30:00+07:00,36.498,3.10667,0.3889530555039359,True,True,True,True,True,True,True,True
2026-06-23 15:45:00+07:00,36.562,3.14667,0.391002757250624,True,True,True,True,True,True,True,True
2026-06-23 16:00:00+07:00,36.8953,3.18667,0.4017937019540733,True,True,True,False,False,False,True,True
2026-06-23 16:15:00+07:00,36.508,3.1,0.38927284806809603,True,True,True,False,False,False,True,True
2026-06-23 16:30:00+07:00,37.0747,3.27333,0.4076833016545818,True,True,True,False,False,False,True,True
2026-06-23 16:45:00+07:00,37.0507,3.28667,0.40689208283771067,True,True,True,True,True,True,True,True
2026-06-23 17:00:00+07:00,36.9813,3.24,0.4046099032724062,True,True,True,False,False,False,True,True
2026-06-23 17:15:00+07:00,36.7713,3.1,0.3977561827818886,True,True,True,False,False,False,True,True
2026-06-23 17:30:00+07:00,36.8867,3.16,0.4015128027229629,True,True,True,False,False,False,True,True
2026-06-23 17:45:00+07:00,29.27,2.27333,0.20061257586400003,True,True,True,True,True,True,True,True
2026-06-24 07:00:00+07:00,3.30467,0.48,0.00028871827927966063,False,True,True,True,False,False,False,True
2026-06-24 07:15:00+07:00,47.4593,6.56,0.8551729828592468,True,True,True,False,False,False,True,True
2026-06-24 07:30:00+07:00,42.27,4.62143,0.6042083606640001,True,True,True,False,False,False,True,True
2026-06-24 07:45:00+07:00,38.966,3.6,0.47331194570156804,True,True,True,False,False,False,True,True
2026-06-24 08:00:00+07:00,36.8893,3.12667,0.4015977119345436,True,True,True,True,True,True,True,True
2026-06-24 08:15:00+07:00,35.5747,2.86,0.36017513377134175,True,True,True,True,True,True,True,True
2026-06-24 08:30:00+07:00,35.4727,2.88,0.3570859190243087,True,True,True,True,True,True,True,True
2026-06-24 08:45:00+07:00,35.376,2.84667,0.3541735810990079,True,True,True,True,True,True,True,True
2026-06-24 09:00:00+07:00,35.4233,2.84,0.35559614041253856,True,True,True,False,False,False,True,True
2026-06-24 09:15:00+07:00,34.998,2.81333,0.3429412033599359,True,True,True,False,False,False,True,True
2026-06-24 09:30:00+07:00,35.476,2.86,0.35718558664140787,True,True,True,False,False,False,True,True
2026-06-24 09:45:00+07:00,35.4987,2.87333,0.35787168163986244,True,True,True,True,True,True,True,True
2026-06-24 10:00:00+07:00,35.3547,2.84,0.35353421915998656,True,True,True,False,False,False,True,True
2026-06-24 10:15:00+07:00,35.4913,2.87273,0.3576479242826121,True,True,True,False,False,False,True,True
2026-06-24 10:30:00+07:00,35.0908,2.7,0.3456764514865065,True,True,True,False,False,False,True,True
2026-06-24 10:45:00+07:00,35.35,2.88667,0.35339324300000013,True,True,True,True,True,True,True,True
2026-06-24 11:00:00+07:00,35.5546,2.88214,0.35956497285049077,True,True,True,True,True,True,True,True
2026-06-24 11:15:00+07:00,35.6553,2.91333,0.36262878237699486,True,True,True,True,True,True,True,True
2026-06-24 11:30:00+07:00,35.2367,2.87333,0.35000614868011887,True,True,True,True,True,True,True,True
2026-06-24 11:45:00+07:00,35.226,2.83333,0.34968739618540806,True,True,True,True,True,True,True,True
2026-06-24 12:00:00+07:00,35.0713,2.76429,0.3451004931993368,True,True,True,True,True,True,True,True
2026-06-24 12:15:00+07:00,35.4767,2.86,0.3572067306410853,True,True,True,True,True,True,True,True
2026-06-24 12:30:00+07:00,35.2367,2.77857,0.35000614868011887,True,True,True,True,True,True,True,True
2026-06-24 12:45:00+07:00,35.1293,2.74286,0.34681548082520613,True,True,True,True,True,True,True,True
2026-06-24 13:00:00+07:00,34.86,2.70667,0.3389004420480001,True,True,True,True,True,True,True,True
2026-06-24 13:15:00+07:00,35.0473,2.77333,0.34439250017019046,True,True,True,True,True,True,True,True
2026-06-24 13:30:00+07:00,35.4173,2.90667,0.3554154783502056,True,True,True,True,True,True,True,True
2026-06-24 13:45:00+07:00,35.628,2.9,0.361796463945216,True,True,True,True,True,True,True,True
2026-06-24 14:00:00+07:00,35.84,2.96667,0.36829344563200017,True,True,True,True,True,True,True,True
2026-06-24 14:15:00+07:00,35.834,2.96,0.36810850778963217,True,True,True,True,True,True,True,True
2026-06-24 14:30:00+07:00,35.8667,3.01333,0.36911717017221574,True,True,True,True,True,True,True,True
2026-06-24 14:45:00+07:00,36.2647,3.04,0.3815419142737122,True,True,True,True,True,True,True,True
2026-06-24 15:00:00+07:00,36.3307,3.01333,0.3836288713207635,True,True,True,True,True,True,True,True
2026-06-24 15:15:00+07:00,36.6173,3.12667,0.3927796162497578,True,True,True,True,True,True,True,True
2026-06-24 15:30:00+07:00,36.8633,3.17333,0.40074915832233726,True,True,True,True,True,True,True,True
2026-06-24 15:45:00+07:00,37.1147,3.19333,0.4090042778799482,True,True,True,True,True,True,True,True
2026-06-24 16:00:00+07:00,36.838,3.16667,0.399924598659776,True,True,True,True,True,True,True,True
2026-06-24 16:15:00+07:00,36.6827,3.1,0.3948879388452101,True,True,True,True,True,True,True,True
2026-06-24 16:30:00+07:00,36.97,3.17333,0.4042391189839999,True,True,True,True,True,True,True,True
2026-06-24 16:45:00+07:00,36.966,3.24667,0.40410792221356795,True,True,True,True,True,True,True,True
2026-06-24 17:00:00+07:00,37.5667,3.34667,0.4241301313749276,True,True,True,True,True,True,True,True
2026-06-24 17:15:00+07:00,36.8767,3.16,0.40118634037018935,True,True,True,True,True,True,True,True
2026-06-24 17:30:00+07:00,36.7427,3.15333,0.3968288034486679,True,True,True,True,True,True,True,True
2026-06-24 17:45:00+07:00,31.5033,2.42,0.25012559443312754,True,True,True,True,True,True,True,True
2026-06-25 07:15:00+07:00,15.9813,2.28,0.03265324142864637,True,True,True,True,True,True,True,True
2026-06-25 07:30:00+07:00,44.9927,5.62,0.7286452775500877,True,True,True,True,True,True,True,True
2026-06-25 07:45:00+07:00,39.3358,3.775,0.48691589101790966,True,True,True,True,True,True,True,True
2026-06-25 08:00:00+07:00,37.2567,3.16667,0.41371678518406624,True,True,True,False,False,False,True,True
2026-06-25 08:15:00+07:00,35.8367,2.94667,0.36819172215533486,True,True,True,False,False,False,True,True
2026-06-25 08:30:00+07:00,35.304,2.83333,0.35201545419571206,True,True,True,False,False,False,True,True
2026-06-25 08:45:00+07:00,35.316,2.74,0.3523745314759681,True,True,True,True,True,True,True,True
2026-06-25 09:00:00+07:00,35.6347,2.85333,0.3620006145167515,True,True,True,True,True,True,True,True
2026-06-25 09:15:00+07:00,35.88,2.98667,0.369527947776,True,True,True,True,True,True,True,True
2026-06-25 09:30:00+07:00,35.6393,2.89333,0.36214082204984355,True,True,True,True,True,True,True,True
2026-06-25 09:45:00+07:00,35.806,2.92,0.36724628309292795,True,True,True,True,True,True,True,True
2026-06-25 10:00:00+07:00,36.0447,3.02,0.3746400758642769,True,True,True,True,True,True,True,True
2026-06-25 10:15:00+07:00,35.7667,2.92667,0.36603836177487975,True,True,True,True,True,True,True,True
2026-06-25 10:30:00+07:00,35.7833,2.99333,0.3665482542730282,True,True,True,True,True,True,True,True
2026-06-25 10:45:00+07:00,35.692,2.89333,0.363749696751104,True,True,True,True,True,True,True,True
2026-06-25 11:00:00+07:00,35.5993,2.9,0.3609228367706533,True,True,True,True,True,True,True,True
2026-06-25 11:15:00+07:00,35.322,2.81333,0.3525541616499841,True,True,True,True,True,True,True,True
2026-06-25 11:30:00+07:00,35.394,2.85333,0.3547144875438719,True,True,True,True,True,True,True,True
2026-06-25 11:45:00+07:00,35.5873,2.88,0.36055797446178894,True,True,True,True,True,True,True,True
2026-06-25 12:00:00+07:00,36.1687,2.99333,0.37851987238135776,True,True,True,True,True,True,True,True
2026-06-25 12:15:00+07:00,36.0053,3.00667,0.37341287547095087,True,True,True,True,True,True,True,True
2026-06-25 12:30:00+07:00,35.954,2.92667,0.3718190434453121,True,True,True,True,True,True,True,True
2026-06-25 12:45:00+07:00,35.6933,2.92667,0.3637894444673459,True,True,True,True,True,True,True,True
2026-06-25 13:00:00+07:00,35.1933,2.86,0.34871446428866587,True,True,True,True,True,True,True,True
2026-06-25 13:15:00+07:00,35.2807,2.86,0.35131894262801566,True,True,True,True,True,True,True,True
2026-06-25 13:30:00+07:00,35.686,2.92667,0.36356628327084806,True,True,True,True,True,True,True,True
2026-06-25 13:45:00+07:00,36.348,3.06,0.3841771630095359,True,True,True,True,True,True,True,True
2026-06-25 14:00:00+07:00,36.1469,3.20769,0.3778358477433978,True,True,True,False,False,False,True,True
2026-06-25 14:15:00+07:00,36.812,3.3,0.399078404314624,True,True,True,False,False,False,True,True
2026-06-25 14:30:00+07:00,37.55,3.27333,0.4235647509999998,True,True,True,False,False,False,True,True
2026-06-25 14:45:00+07:00,34.2047,3.26,0.32014545752430273,True,True,True,False,False,False,True,True
2026-06-25 15:00:00+07:00,31.15,3.3,0.241804367,True,True,True,True,True,True,True,True
2026-06-25 15:15:00+07:00,30.016,3.26,0.21634578435276797,True,True,True,True,True,True,True,True
2026-06-25 15:30:00+07:00,30.4913,3.06667,0.22678681919981195,True,True,True,True,True,True,True,True
2026-06-25 15:45:00+07:00,34.972,2.81333,0.34217745838438407,True,True,True,True,True,True,True,True
2026-06-25 16:00:00+07:00,36.4847,3.13333,0.3885280028341873,True,True,True,False,False,False,True,True
2026-06-25 16:15:00+07:00,36.4733,3.04667,0.38816391853936677,True,True,True,False,False,False,True,True
2026-06-25 16:30:00+07:00,36.7127,3.16667,0.395857578152619,True,True,True,False,False,False,True,True
2026-06-25 16:45:00+07:00,37.1613,3.28,0.4105468100819471,True,True,True,True,True,True,True,True
2026-06-25 17:00:00+07:00,36.7247,3.19333,0.39624587787982574,True,True,True,False,False,False,True,True
2026-06-25 17:15:00+07:00,37.004,3.18667,0.40535543820851194,True,True,True,False,False,False,True,True
2026-06-25 17:30:00+07:00,36.452,3.03333,0.38748426541926384,True,True,True,False,False,False,True,True
2026-06-25 17:45:00+07:00,28.5353,2.10667,0.18588199087745574,True,True,True,True,True,True,True,True
2026-06-26 07:15:00+07:00,19.1173,2.90667,0.05589457434795774,True,True,True,False,False,False,True,True
2026-06-26 07:30:00+07:00,44.4036,5.28571,0.7003974113145491,True,True,True,False,False,False,True,True
2026-06-26 07:45:00+07:00,39.3847,3.70667,0.48873406673485137,True,True,True,False,False,False,True,True
2026-06-26 08:00:00+07:00,37.3733,3.09333,0.41761330632979066,True,True,True,False,False,False,True,True
2026-06-26 08:15:00+07:00,35.73,2.88667,0.36491274813599983,True,True,True,False,False,False,True,True
2026-06-26 08:30:00+07:00,35.254,2.82,0.3505219245365119,True,True,True,False,False,False,True,True
2026-06-26 08:45:00+07:00,34.7107,2.72,0.3345646896690725,True,True,True,True,True,True,True,True
2026-06-26 09:00:00+07:00,34.97,2.76,0.34211875578400003,True,True,True,True,True,True,True,True
2026-06-26 09:15:00+07:00,35.0593,2.78667,0.34474637551982285,True,True,True,True,True,True,True,True
2026-06-26 09:30:00+07:00,34.79,2.69333,0.336862969912,True,True,True,True,True,True,True,True
2026-06-26 09:45:00+07:00,35.05,2.75333,0.3444721009999999,True,True,True,True,True,True,True,True
2026-06-26 10:00:00+07:00,34.7687,2.76,0.3362446207437737,True,True,True,False,False,False,True,True
2026-06-26 10:15:00+07:00,34.7813,2.7,0.3366103132567745,True,True,True,False,False,False,True,True
2026-06-26 10:30:00+07:00,34.876,2.76667,0.33936730058700787,True,True,True,False,False,False,True,True
2026-06-26 10:45:00+07:00,34.9493,2.76,0.34151157816900923,True,True,True,True,True,True,True,True
2026-06-26 11:00:00+07:00,35.2767,2.78667,0.3511994623072133,True,True,True,False,False,False,True,True
2026-06-26 11:15:00+07:00,35.3247,2.82,0.3526350151408017,True,True,True,False,False,False,True,True
2026-06-26 11:30:00+07:00,35.5373,2.9,0.3590403615942409,True,True,True,False,False,False,True,True
2026-06-26 11:45:00+07:00,35.3453,2.79333,0.35325230432232546,True,True,True,True,True,True,True,True
2026-06-26 12:00:00+07:00,35.5433,2.86667,0.3592222498557419,True,True,True,True,True,True,True,True
2026-06-26 12:15:00+07:00,35.5353,2.88667,0.35897974582057574,True,True,True,True,True,True,True,True
2026-06-26 12:30:00+07:00,35.9007,2.95333,0.37016788443018683,True,True,True,True,True,True,True,True
2026-06-26 12:45:00+07:00,35.4893,2.86,0.3575874653356797,True,True,True,True,True,True,True,True
2026-06-26 13:00:00+07:00,35.07,2.78667,0.34506211874400006,True,True,True,True,True,True,True,True
2026-06-26 13:15:00+07:00,35.08,2.77333,0.345357380096,True,True,True,True,True,True,True,True
2026-06-26 13:30:00+07:00,35.2533,2.84667,0.3505010451632276,True,True,True,True,True,True,True,True
2026-06-26 13:45:00+07:00,35.4833,2.91333,0.3574061293770203,True,True,True,True,True,True,True,True
2026-06-26 14:00:00+07:00,35.532,2.88,0.3588797447101439,True,True,True,True,True,True,True,True
2026-06-26 14:15:00+07:00,35.8513,2.94667,0.36864191339609365,True,True,True,True,True,True,True,True
2026-06-26 14:30:00+07:00,35.9207,2.94667,0.3707868820659418,True,True,True,True,True,True,True,True
2026-06-26 14:45:00+07:00,36.0387,2.94,0.37445301926784486,True,True,True,True,True,True,True,True
2026-06-26 15:00:00+07:00,36.1473,2.96667,0.3778483912266465,True,True,True,True,True,True,True,True
2026-06-26 15:15:00+07:00,36.178,3.03333,0.378811932094016,True,True,True,True,True,True,True,True
2026-06-26 15:30:00+07:00,36.422,3.08,0.386528353787584,True,True,True,True,True,True,True,True
2026-06-26 15:45:00+07:00,36.228,3.01333,0.38038472099481596,True,True,True,True,True,True,True,True
2026-06-26 16:00:00+07:00,35.9173,2.98667,0.37068160382168563,True,True,True,False,False,False,True,True
2026-06-26 16:15:00+07:00,35.5973,2.89333,0.3608620093004185,True,True,True,False,False,False,True,True
2026-06-26 16:30:00+07:00,35.4907,2.83333,0.35762978588304506,True,True,True,False,False,False,True,True
2026-06-26 16:45:00+07:00,35.082,2.78667,0.34541645257094405,True,True,True,True,True,True,True,True
2026-06-26 17:00:00+07:00,34.764,2.73333,0.336108279485952,True,True,True,False,False,False,True,True
2026-06-26 17:15:00+07:00,34.5467,2.7,0.32984483879170057,True,True,True,False,False,False,True,True
2026-06-26 17:30:00+07:00,34.3107,2.64,0.32313107288996834,True,True,True,False,False,False,True,True
2026-06-26 17:45:00+07:00,29.7907,1.98,0.2115105873232132,True,True,True,True,True,True,True,True
2026-06-29 06:45:00+07:00,19.35,2.53333,0.057960603000000006,True,True,True,True,True,True,True,True
2026-06-29 07:00:00+07:00,46.938,6.4,0.8273013421253761,True,True,True,False,False,False,True,True
2026-06-29 07:15:00+07:00,41.01,4.12667,0.5517715384079999,True,True,True,False,False,False,True,True
2026-06-29 07:30:00+07:00,38.1653,3.42667,0.44472959250345667,True,True,True,False,False,False,True,True
2026-06-29 07:45:00+07:00,36.7836,3.17857,0.39815546464618445,True,True,True,True,True,True,True,True
2026-06-29 08:00:00+07:00,35.4847,2.90667,0.3574484356160273,True,True,True,True,True,True,True,True
2026-06-29 08:15:00+07:00,34.4507,2.76,0.3271027076871346,True,True,True,True,True,True,True,True
2026-06-29 08:30:00+07:00,34.5733,2.77333,0.33060733970358275,True,True,True,True,True,True,True,True
2026-06-29 08:45:00+07:00,34.2292,2.675,0.3208338877580887,True,True,True,True,True,True,True,True
2026-06-29 09:00:00+07:00,34.3327,2.72,0.3237530458712544,True,True,True,False,False,False,True,True
2026-06-29 09:15:00+07:00,34.5273,2.66,0.3292894690628912,True,True,True,False,False,False,True,True
2026-06-29 09:30:00+07:00,34.0067,2.64667,0.3146179214326461,True,True,True,False,False,False,True,True
2026-06-29 09:45:00+07:00,34.172,2.69333,0.31922814925158394,True,True,True,True,True,True,True,True
2026-06-29 10:00:00+07:00,34.1313,2.65333,0.31808887289561044,True,True,True,True,True,True,True,True
2026-06-29 10:15:00+07:00,33.99,2.65333,0.3141546415920001,True,True,True,True,True,True,True,True
2026-06-29 10:30:00+07:00,34.1653,2.70667,0.3190404157908167,True,True,True,True,True,True,True,True
2026-06-29 10:45:00+07:00,34.2267,2.61333,0.32076359460438525,True,True,True,True,True,True,True,True
2026-06-29 11:00:00+07:00,34.0393,2.66,0.31552359998942753,True,True,True,True,True,True,True,True
2026-06-29 11:15:00+07:00,34.3273,2.66667,0.3236003059334993,True,True,True,True,True,True,True,True
2026-06-29 11:30:00+07:00,34.262,2.71333,0.32175708538182396,True,True,True,True,True,True,True,True
2026-06-29 11:45:00+07:00,34.466,2.65333,0.32753871285356806,True,True,True,True,True,True,True,True
2026-06-29 12:00:00+07:00,34.9273,2.73333,0.3408670565696753,True,True,True,True,True,True,True,True
2026-06-29 12:15:00+07:00,35.074,2.8,0.345180203081792,True,True,True,True,True,True,True,True
2026-06-29 12:30:00+07:00,34.6587,2.76667,0.3330633099270721,True,True,True,True,True,True,True,True
2026-06-29 12:45:00+07:00,35.046,2.82,0.34435417821868797,True,True,True,True,True,True,True,True
2026-06-29 13:00:00+07:00,34.6573,2.8,0.3330229503810762,True,True,True,True,True,True,True,True
2026-06-29 13:15:00+07:00,35.162,2.9,0.347784878972224,True,True,True,True,True,True,True,True
2026-06-29 13:30:00+07:00,35.186,2.86667,0.348497512118848,True,True,True,True,True,True,True,True
2026-06-29 13:45:00+07:00,35.0453,2.79333,0.3443335444992773,True,True,True,True,True,True,True,True
2026-06-29 14:00:00+07:00,35.3427,2.84667,0.3531743543461238,True,True,True,False,False,False,True,True
2026-06-29 14:15:00+07:00,35.0533,2.84667,0.34456940755895543,True,True,True,False,False,False,True,True
2026-06-29 14:30:00+07:00,35.2453,2.84667,0.35026248263730947,True,True,True,False,False,False,True,True
2026-06-29 14:45:00+07:00,35.2787,2.82667,0.3512591990808593,True,True,True,True,True,True,True,True
2026-06-29 15:00:00+07:00,35.3353,2.89333,0.3529525594873437,True,True,True,True,True,True,True,True
2026-06-29 15:15:00+07:00,35.8693,2.98,0.36919744860990855,True,True,True,True,True,True,True,True
2026-06-29 15:30:00+07:00,35.7207,2.88667,0.36462787783318995,True,True,True,True,True,True,True,True
2026-06-29 15:45:00+07:00,36.2127,3.02667,0.379902986257139,True,True,True,True,True,True,True,True
2026-06-29 16:00:00+07:00,35.8987,3.0,0.3701060225840864,True,True,True,False,False,False,True,True
2026-06-29 16:15:00+07:00,35.262,2.88,0.35076060483782395,True,True,True,False,False,False,True,True
2026-06-29 16:30:00+07:00,35.5627,2.88,0.359810775631015,True,True,True,False,False,False,True,True
2026-06-29 16:45:00+07:00,35.3893,2.84667,0.3545731977729037,True,True,True,True,True,True,True,True
2026-06-29 17:00:00+07:00,34.9053,2.79333,0.34022334640137486,True,True,True,True,True,True,True,True
2026-06-29 17:15:00+07:00,35.2767,2.77333,0.3511994623072133,True,True,True,True,True,True,True,True
2026-06-29 17:30:00+07:00,35.2773,2.80667,0.3512173826281112,True,True,True,True,True,True,True,True
2026-06-29 17:45:00+07:00,27.6467,1.96667,0.16905183404431653,True,True,True,True,True,True,True,True
2026-06-30 07:15:00+07:00,46.5413,6.30667,0.8065021263136001,True,True,True,False,False,False,True,True
2026-06-30 07:30:00+07:00,40.5,4.10667,0.531441,True,True,True,False,False,False,True,True
2026-06-30 07:45:00+07:00,37.615,3.2375,0.4257681646670001,True,True,True,False,False,False,True,True
2026-06-30 08:00:00+07:00,35.9573,2.96,0.37192143389972404,True,True,True,True,True,True,True,True
2026-06-30 08:15:00+07:00,34.4173,2.64,0.3261522502072456,True,True,True,True,True,True,True,True
2026-06-30 08:30:00+07:00,33.922,2.61333,0.3122729287475839,True,True,True,True,True,True,True,True
2026-06-30 08:45:00+07:00,34.3273,2.68667,0.3236003059334993,True,True,True,True,True,True,True,True
2026-06-30 09:00:00+07:00,34.282,2.68,0.3223208789901439,True,True,True,False,False,False,True,True
2026-06-30 09:15:00+07:00,33.8313,2.59333,0.3097747718978423,True,True,True,False,False,False,True,True
2026-06-30 09:30:00+07:00,34.3327,2.71333,0.3237530458712544,True,True,True,False,False,False,True,True
2026-06-30 09:45:00+07:00,34.158,2.66667,0.318835954178496,True,True,True,True,True,True,True,True
2026-06-30 10:00:00+07:00,34.522,2.67333,0.32913785283718394,True,True,True,True,True,True,True,True
2026-06-30 10:15:00+07:00,34.8307,2.76667,0.3380466176711235,True,True,True,True,True,True,True,True
2026-06-30 10:30:00+07:00,35.026,2.84,0.34376496798060807,True,True,True,True,True,True,True,True
2026-06-30 10:45:00+07:00,34.8467,2.72,0.33851269192610844,True,True,True,True,True,True,True,True
2026-06-30 11:00:00+07:00,35.3827,2.86,0.3543748542033623,True,True,True,True,True,True,True,True
2026-06-30 11:15:00+07:00,35.8987,2.93333,0.3701060225840864,True,True,True,True,True,True,True,True
2026-06-30 11:30:00+07:00,35.9667,3.00667,0.37221319458555174,True,True,True,True,True,True,True,True
2026-06-30 11:45:00+07:00,36.1493,2.99333,0.3779111128071211,True,True,True,True,True,True,True,True
2026-06-30 12:00:00+07:00,36.7113,3.09333,0.39581229304889526,True,True,True,True,True,True,True,True
2026-06-30 12:15:00+07:00,36.9967,3.15333,0.40511558487003246,True,True,True,True,True,True,True,True
2026-06-30 12:30:00+07:00,36.856,3.14667,0.400511125680128,True,True,True,True,True,True,True,True
2026-06-30 12:45:00+07:00,36.354,2.96,0.3843674439189119,True,True,True,True,True,True,True,True
2026-06-30 13:00:00+07:00,35.816,2.91333,0.3675540657479681,True,True,True,True,True,True,True,True
2026-06-30 13:15:00+07:00,35.5587,2.95333,0.35968937754597613,True,True,True,True,True,True,True,True
2026-06-30 13:30:00+07:00,36.1633,3.04,0.37835035823058505,True,True,True,True,True,True,True,True
2026-06-30 13:45:00+07:00,36.6533,3.07333,0.3939392298011315,True,True,True,True,True,True,True,True
2026-06-30 14:00:00+07:00,37.2827,3.26667,0.4145835402749861,True,True,True,True,True,True,True,True
2026-06-30 14:15:00+07:00,37.068,3.24667,0.40746231662745586,True,True,True,True,True,True,True,True
2026-06-30 14:30:00+07:00,36.8107,3.18,0.3990361259593682,True,True,True,True,True,True,True,True
2026-06-30 14:45:00+07:00,37.4933,3.28,0.4216489153985938,True,True,True,True,True,True,True,True
2026-06-30 15:00:00+07:00,37.3813,3.30667,0.4178815423414304,True,True,True,True,True,True,True,True
2026-06-30 15:15:00+07:00,37.0567,3.2,0.40708979148059404,True,True,True,True,True,True,True,True
2026-06-30 15:30:00+07:00,37.6067,3.33333,0.42548638111914205,True,True,True,True,True,True,True,True
2026-06-30 15:45:00+07:00,36.6427,3.20667,0.3935975512887719,True,True,True,True,True,True,True,True
2026-06-30 16:00:00+07:00,36.5987,3.22,0.3921813752124784,True,True,True,True,True,True,True,True
2026-06-30 16:15:00+07:00,36.3007,3.07333,0.3826793136188906,True,True,True,True,True,True,True,True
2026-06-30 16:30:00+07:00,36.446,3.04667,0.38729295715628803,True,True,True,True,True,True,True,True
2026-06-30 16:45:00+07:00,36.676,3.12667,0.3946716025902081,True,True,True,True,True,True,True,True
2026-06-30 17:00:00+07:00,36.486,3.09333,0.3885695356740479,True,True,True,True,True,True,True,True
2026-06-30 17:15:00+07:00,36.1173,3.02,0.3769084001382778,True,True,True,True,True,True,True,True
2026-06-30 17:30:00+07:00,36.3667,3.0,0.38477041239889576,True,True,True,True,True,True,True,True
2026-06-30 17:45:00+07:00,28.9633,2.19333,0.19437218423999317,True,True,True,True,True,True,True,True
2026-07-01 07:00:00+07:00,3.33333,0.266667,0.00029629540740829636,False,True,True,True,False,False,False,True
2026-07-01 07:15:00+07:00,46.5087,6.28,0.8048085622753078,True,True,True,False,False,False,True,True
2026-07-01 07:30:00+07:00,40.4927,4.12727,0.5311536799947678,True,True,True,False,False,False,True,True
2026-07-01 07:45:00+07:00,37.5313,3.24667,0.4229322569663144,True,True,True,False,False,False,True,True
2026-07-01 08:00:00+07:00,35.8613,2.87333,0.3689504752180192,True,True,True,True,True,True,True,True
2026-07-01 08:15:00+07:00,34.4067,2.66667,0.3258509933515901,True,True,True,True,True,True,True,True
2026-07-01 08:30:00+07:00,34.6213,2.7,0.3319862530134848,True,True,True,True,True,True,True,True
2026-07-01 08:45:00+07:00,34.7767,2.8,0.33647677575253326,True,True,True,True,True,True,True,True
2026-07-01 09:00:00+07:00,34.6627,2.73333,0.33317864088315113,True,True,True,False,False,False,True,True
2026-07-01 09:15:00+07:00,34.8013,2.74,0.33719132185950546,True,True,True,False,False,False,True,True
2026-07-01 09:30:00+07:00,35.2113,2.84667,0.3492497995320552,True,True,True,False,False,False,True,True
2026-07-01 09:45:00+07:00,35.1727,2.84,0.3481024744502207,True,True,True,True,True,True,True,True
2026-07-01 10:00:00+07:00,35.71,2.92,0.3643003072880001,True,True,True,True,True,True,True,True
2026-07-01 10:15:00+07:00,35.6127,2.88,0.361330557150563,True,True,True,True,True,True,True,True
2026-07-01 10:30:00+07:00,35.4367,2.83333,0.355999840041191,True,True,True,True,True,True,True,True
2026-07-01 10:45:00+07:00,35.4367,2.87333,0.355999840041191,True,True,True,True,True,True,True,True
2026-07-01 11:00:00+07:00,35.6153,2.84,0.3614097026271486,True,True,True,True,True,True,True,True
2026-07-01 11:15:00+07:00,35.6707,2.88667,0.36309885798500174,True,True,True,True,True,True,True,True
2026-07-01 11:30:00+07:00,35.706,2.9,0.3641779014065281,True,True,True,True,True,True,True,True
2026-07-01 11:45:00+07:00,36.0373,2.96667,0.37440938168972093,True,True,True,True,True,True,True,True
2026-07-01 12:00:00+07:00,36.3727,3.02667,0.38496088913057275,True,True,True,True,True,True,True,True
2026-07-01 12:15:00+07:00,36.408,3.02667,0.38608280023449604,True,True,True,True,True,True,True,True
2026-07-01 12:30:00+07:00,36.8973,3.11333,0.40185904612786655,True,True,True,True,True,True,True,True
2026-07-01 12:45:00+07:00,37.924,3.39333,0.4363474082001921,True,True,True,True,True,True,True,True
2026-07-01 13:00:00+07:00,36.8267,3.19333,0.39955668276872136,True,True,True,True,True,True,True,True
2026-07-01 13:15:00+07:00,36.8347,3.15333,0.3998171308585433,True,True,True,True,True,True,True,True
2026-07-01 13:30:00+07:00,36.3667,3.03333,0.38477041239889576,True,True,True,True,True,True,True,True
2026-07-01 13:45:00+07:00,36.2927,3.00667,0.38242636313513606,True,True,True,True,True,True,True,True
2026-07-01 14:00:00+07:00,36.1033,2.99333,0.37647027166738345,True,True,True,True,True,True,True,True
2026-07-01 14:15:00+07:00,36.0847,2.97333,0.3758887120749233,True,True,True,True,True,True,True,True
2026-07-01 14:30:00+07:00,35.9287,2.98,0.3710346742084231,True,True,True,True,True,True,True,True
2026-07-01 14:45:00+07:00,36.4113,3.03333,0.38618779271352704,True,True,True,True,True,True,True,True
2026-07-01 15:00:00+07:00,35.948,2.94,0.37163292713113605,True,True,True,True,True,True,True,True
2026-07-01 15:15:00+07:00,35.7847,2.97333,0.3665912788934755,True,True,True,True,True,True,True,True
2026-07-01 15:30:00+07:00,35.54,2.91333,0.359122203712,True,True,True,True,True,True,True,True
2026-07-01 15:45:00+07:00,35.5493,2.85333,0.3594041995360653,True,True,True,True,True,True,True,True
2026-07-01 16:00:00+07:00,35.9567,2.93333,0.371902816055498,True,True,True,True,True,True,True,True
2026-07-01 16:15:00+07:00,35.7613,2.87333,0.36587259511956305,True,True,True,True,True,True,True,True
2026-07-01 16:30:00+07:00,36.1713,3.01333,0.3786015083607528,True,True,True,True,True,True,True,True
2026-07-01 16:45:00+07:00,36.3727,3.03333,0.38496088913057275,True,True,True,True,True,True,True,True
2026-07-01 17:00:00+07:00,36.0047,2.975,0.3733942078865906,True,True,True,True,True,True,True,True
2026-07-01 17:15:00+07:00,35.9853,2.93333,0.3727909578763479,True,True,True,True,True,True,True,True
2026-07-01 17:30:00+07:00,35.0993,2.74667,0.34592771064477323,True,True,True,True,True,True,True,True
2026-07-01 17:45:00+07:00,27.968,2.00667,0.17501457586585598,True,True,True,True,True,True,True,True
2026-07-02 07:15:00+07:00,12.8773,1.88,0.017083011272207335,True,True,True,False,False,False,True,True
2026-07-02 07:30:00+07:00,44.6987,5.56,0.7144546454050146,True,True,True,False,False,False,True,True
2026-07-02 07:45:00+07:00,38.9692,3.59167,0.47342856449329507,True,True,True,False,False,False,True,True
2026-07-02 08:00:00+07:00,36.7173,3.06667,0.3960063963840538,True,True,True,False,False,False,True,True
2026-07-02 08:15:00+07:00,35.208,2.75333,0.349151613751296,True,True,True,False,False,False,True,True
2026-07-02 08:30:00+07:00,34.186,2.64,0.319620665814848,True,True,True,False,False,False,True,True
2026-07-02 08:45:00+07:00,34.4313,2.62,0.3265504211093783,True,True,True,True,True,True,True,True
2026-07-02 09:00:00+07:00,34.238,2.69333,0.32108140135417607,True,True,True,True,True,True,True,True
2026-07-02 09:15:00+07:00,34.5233,2.68,0.32917503741411475,True,True,True,True,True,True,True,True
2026-07-02 09:30:00+07:00,34.5247,2.69333,0.32921508547507383,True,True,True,True,True,True,True,True
2026-07-02 09:45:00+07:00,34.5453,2.68,0.32980473967419727,True,True,True,True,True,True,True,True
2026-07-02 10:00:00+07:00,34.8833,2.73333,0.3395804471530043,True,True,True,True,True,True,True,True
2026-07-02 10:15:00+07:00,34.8527,2.71333,0.33868758015551337,True,True,True,True,True,True,True,True
2026-07-02 10:30:00+07:00,34.946,2.77333,0.341414848180288,True,True,True,True,True,True,True,True
2026-07-02 10:45:00+07:00,35.235,2.83077,0.349955492823,True,True,True,True,True,True,True,True
2026-07-02 11:00:00+07:00,35.7887,2.92667,0.36671422493170486,True,True,True,True,True,True,True,True
2026-07-02 11:15:00+07:00,35.6307,2.91333,0.3618787243429315,True,True,True,True,True,True,True,True
2026-07-02 11:30:00+07:00,35.492,2.88,0.3576690865239039,True,True,True,True,True,True,True,True
2026-07-02 11:45:00+07:00,35.4273,2.86667,0.35571661579315533,True,True,True,True,True,True,True,True
2026-07-02 12:00:00+07:00,36.6307,3.08667,0.39321098392269155,True,True,True,True,True,True,True,True
2026-07-02 12:15:00+07:00,36.5907,3.08667,0.3919242541743811,True,True,True,True,True,True,True,True
2026-07-02 12:30:00+07:00,36.292,3.01071,0.38240423527270406,True,True,True,True,True,True,True,True
2026-07-02 12:45:00+07:00,36.1204,2.92,0.3770054602449412,True,True,True,True,True,True,True,True
2026-07-02 13:00:00+07:00,35.7236,2.92857,0.364716692444482,True,True,True,True,True,True,True,True
2026-07-02 13:15:00+07:00,35.5831,2.92667,0.3604303307705696,True,True,True,True,True,True,True,True
2026-07-02 13:30:00+07:00,35.8827,2.91333,0.3696113759148423,True,True,True,True,True,True,True,True
2026-07-02 13:45:00+07:00,35.8573,2.94667,0.3688270298358282,True,True,True,True,True,True,True,True
2026-07-02 14:00:00+07:00,36.1247,2.99333,0.37714011959052973,True,True,True,True,True,True,True,True
2026-07-02 14:15:00+07:00,36.1053,3.0,0.3765328406503671,True,True,True,True,True,True,True,True
2026-07-02 14:30:00+07:00,36.466,3.08,0.38793089634156797,True,True,True,True,True,True,True,True
2026-07-02 14:45:00+07:00,36.6293,3.1,0.39316590089084597,True,True,True,True,True,True,True,True
2026-07-02 15:00:00+07:00,36.4573,3.03333,0.38765330677920407,True,True,True,True,True,True,True,True
2026-07-02 15:15:00+07:00,36.2907,2.99333,0.38236314293565327,True,True,True,True,True,True,True,True
2026-07-02 15:30:00+07:00,36.4187,2.99333,0.3864232995894977,True,True,True,True,True,True,True,True
2026-07-02 15:45:00+07:00,35.9833,2.95333,0.37272880412370035,True,True,True,True,True,True,True,True
2026-07-02 16:00:00+07:00,35.8867,2.92667,0.36973499623760286,True,True,True,True,True,True,True,True
2026-07-02 16:15:00+07:00,36.138,3.06,0.3775568270405759,True,True,True,True,True,True,True,True
2026-07-02 16:30:00+07:00,35.998,2.93333,0.3731857954559359,True,True,True,True,True,True,True,True
2026-07-02 16:45:00+07:00,36.374,2.98,0.38500216737299203,True,True,True,True,True,True,True,True
2026-07-02 17:00:00+07:00,35.486,2.84667,0.3574877229700479,True,True,True,True,True,True,True,True
2026-07-02 17:15:00+07:00,35.0333,2.78,0.34397995176300816,True,True,True,True,True,True,True,True
2026-07-02 17:30:00+07:00,34.7953,2.72,0.3370169491367373,True,True,True,True,True,True,True,True
2026-07-02 17:45:00+07:00,30.144,2.18667,0.21912535380787196,True,True,True,True,True,True,True,True
2026-07-03 07:15:00+07:00,15.99,1.84,0.03270659839200001,True,True,True,False,False,False,True,True
2026-07-03 07:30:00+07:00,43.284,5.06,0.648742204242432,True,True,True,False,False,False,True,True
2026-07-03 07:45:00+07:00,38.5513,3.48667,0.45836037896160553,True,True,True,False,False,False,True,True
2026-07-03 08:00:00+07:00,36.568,3.04667,0.391195285139456,True,True,True,False,False,False,True,True
2026-07-03 08:15:00+07:00,35.1147,2.74667,0.34638324318762814,True,True,True,False,False,False,True,True
2026-07-03 08:30:00+07:00,33.894,2.56667,0.3115002950478719,True,True,True,False,False,False,True,True
2026-07-03 08:45:00+07:00,34.122,2.62667,0.31782892787078404,True,True,True,True,True,True,True,True
2026-07-03 09:00:00+07:00,34.3593,2.65333,0.3245061330107908,True,True,True,True,True,True,True,True
2026-07-03 09:15:00+07:00,34.258,2.68,0.3216444056120961,True,True,True,True,True,True,True,True
2026-07-03 09:30:00+07:00,34.3807,2.72,0.32511284711823146,True,True,True,True,True,True,True,True
2026-07-03 09:45:00+07:00,34.632,2.72,0.3322941574717439,True,True,True,True,True,True,True,True
2026-07-03 10:00:00+07:00,34.8453,2.78667,0.3384718933372455,True,True,True,True,True,True,True,True
2026-07-03 10:15:00+07:00,35.1893,2.84667,0.3485955752393517,True,True,True,True,True,True,True,True
2026-07-03 10:30:00+07:00,34.92,2.83333,0.340653371904,True,True,True,True,True,True,True,True
2026-07-03 10:45:00+07:00,35.042,2.78,0.34423628235270404,True,True,True,True,True,True,True,True
2026-07-03 11:00:00+07:00,34.7473,2.75333,0.3356241310297026,True,True,True,True,True,True,True,True
2026-07-03 11:15:00+07:00,34.572,2.72,0.33057004733798406,True,True,True,True,True,True,True,True
2026-07-03 11:30:00+07:00,34.7153,2.74,0.3346977208268046,True,True,True,True,True,True,True,True
2026-07-03 11:45:00+07:00,34.6767,2.77333,0.3335825088895973,True,True,True,True,True,True,True,True
2026-07-03 12:00:00+07:00,34.6507,2.69333,0.3328327278654868,True,True,True,True,True,True,True,True
2026-07-03 12:15:00+07:00,34.654,2.67333,0.33292783006611204,True,True,True,True,True,True,True,True
2026-07-03 12:30:00+07:00,34.466,2.71333,0.32753871285356806,True,True,True,True,True,True,True,True
2026-07-03 12:45:00+07:00,34.552,2.68,0.329996672036864,True,True,True,True,True,True,True,True
2026-07-03 13:00:00+07:00,34.2447,2.67333,0.321269934538789,True,True,True,True,True,True,True,True
2026-07-03 13:15:00+07:00,34.3007,2.72,0.32284862143537074,True,True,True,True,True,True,True,True
2026-07-03 13:30:00+07:00,34.8527,2.73333,0.33868758015551337,True,True,True,True,True,True,True,True
2026-07-03 13:45:00+07:00,34.7733,2.77333,0.33637809682145475,True,True,True,True,True,True,True,True
2026-07-03 14:00:00+07:00,34.672,2.72667,0.3334468882595839,True,True,True,True,True,True,True,True
2026-07-03 14:15:00+07:00,35.0164,2.79,0.34348238596168745,True,True,True,True,True,True,True,True
2026-07-03 14:30:00+07:00,34.828,2.73,0.3379680098524161,True,True,True,True,True,True,True,True
2026-07-03 14:45:00+07:00,34.856,2.75333,0.33878379435212813,True,True,True,True,True,True,True,True
2026-07-03 15:00:00+07:00,34.9807,2.74667,0.3424328928340875,True,True,True,True,True,True,True,True
2026-07-03 15:15:00+07:00,35.3,2.81333,0.3518958159999999,True,True,True,True,True,True,True,True
2026-07-03 15:30:00+07:00,34.774,2.76,0.336398411494592,True,True,True,True,True,True,True,True
2026-07-03 15:45:00+07:00,35.0653,2.80667,0.3449234040631606,True,True,True,True,True,True,True,True
2026-07-03 16:00:00+07:00,34.852,2.76667,0.3386671734256638,True,True,True,True,True,True,True,True
2026-07-03 16:15:00+07:00,34.964,2.78,0.341942688266752,True,True,True,True,True,True,True,True
2026-07-03 16:30:00+07:00,35.29,2.84,0.35159683911199996,True,True,True,True,True,True,True,True
2026-07-03 16:45:00+07:00,35.8373,2.95333,0.3682102159395289,True,True,True,True,True,True,True,True
2026-07-03 17:00:00+07:00,35.824,2.98,0.367800415649792,True,True,True,True,True,True,True,True
2026-07-03 17:15:00+07:00,35.6573,2.92667,0.36268980822003605,True,True,True,True,True,True,True,True
2026-07-03 17:30:00+07:00,35.7687,2.92667,0.3660997695363337,True,True,True,True,True,True,True,True
2026-07-03 17:45:00+07:00,30.9607,2.32667,0.23742273341497228,True,True,True,True,True,True,True,True
2026-07-06 06:45:00+07:00,16.044,2.57333,0.033039080105472,True,True,True,True,True,True,True,True
2026-07-06 07:00:00+07:00,47.474,6.55333,0.8559678704993917,True,True,True,False,False,False,True,True
2026-07-06 07:15:00+07:00,41.5607,4.32667,0.5742996453412281,True,True,True,False,False,False,True,True
2026-07-06 07:30:00+07:00,38.218,3.47333,0.4465744327698561,True,True,True,False,False,False,True,True
2026-07-06 07:45:00+07:00,36.478,3.08,0.388313995898816,True,True,True,True,True,True,True,True
2026-07-06 08:00:00+07:00,35.0887,2.73333,0.34561439444251285,True,True,True,True,True,True,True,True
2026-07-06 08:15:00+07:00,34.036,2.63333,0.315431841909248,True,True,True,True,True,True,True,True
2026-07-06 08:30:00+07:00,34.036,2.68,0.315431841909248,True,True,True,True,True,True,True,True
2026-07-06 08:45:00+07:00,34.8807,2.68,0.33950452170811146,True,True,True,True,True,True,True,True
2026-07-06 09:00:00+07:00,34.8813,2.82667,0.3395220419600305,True,True,True,False,False,False,True,True
2026-07-06 09:15:00+07:00,34.958,2.81333,0.341766681167296,True,True,True,False,False,False,True,True
2026-07-06 09:30:00+07:00,35.196,2.81333,0.348794729676288,True,True,True,False,False,False,True,True
2026-07-06 09:45:00+07:00,35.2133,2.85333,0.349309315023493,True,True,True,True,True,True,True,True
2026-07-06 10:00:00+07:00,35.2567,2.84667,0.35060246702934617,True,True,True,True,True,True,True,True
2026-07-06 10:15:00+07:00,35.5233,2.92,0.3586161944434746,True,True,True,True,True,True,True,True
2026-07-06 10:30:00+07:00,35.678,2.94667,0.36332182788601597,True,True,True,True,True,True,True,True
2026-07-06 10:45:00+07:00,35.8473,2.94,0.3685185368541585,True,True,True,True,True,True,True,True
2026-07-06 11:00:00+07:00,35.57,2.84667,0.36003239754400007,True,True,True,True,True,True,True,True
2026-07-06 11:15:00+07:00,35.7533,2.93333,0.36562710689390765,True,True,True,True,True,True,True,True
2026-07-06 11:30:00+07:00,36.0133,2.97333,0.3736618360517812,True,True,True,True,True,True,True,True
2026-07-06 11:45:00+07:00,35.8753,2.93333,0.36938275096499035,True,True,True,True,True,True,True,True
2026-07-06 12:00:00+07:00,35.88,2.95333,0.369527947776,True,True,True,True,True,True,True,True
2026-07-06 12:15:00+07:00,35.486,2.88,0.3574877229700479,True,True,True,True,True,True,True,True
2026-07-06 12:30:00+07:00,35.2367,2.87333,0.35000614868011887,True,True,True,True,True,True,True,True
2026-07-06 12:45:00+07:00,35.3747,2.86667,0.3541345369389097,True,True,True,True,True,True,True,True
2026-07-06 13:00:00+07:00,35.568,2.88,0.359971670163456,True,True,True,True,True,True,True,True
2026-07-06 13:15:00+07:00,35.3373,2.86667,0.3530124948840489,True,True,True,True,True,True,True,True
2026-07-06 13:30:00+07:00,35.6893,2.92,0.3636671530532317,True,True,True,True,True,True,True,True
2026-07-06 13:45:00+07:00,36.0627,2.96,0.375201619406495,True,True,True,True,True,True,True,True
2026-07-06 14:00:00+07:00,36.0913,2.98667,0.3760950033245479,True,True,True,True,True,True,True,True
2026-07-06 14:15:00+07:00,36.242,3.0,0.3808258806759039,True,True,True,True,True,True,True,True
2026-07-06 14:30:00+07:00,36.1373,3.02667,0.3775348874208171,True,True,True,True,True,True,True,True
2026-07-06 14:45:00+07:00,36.1413,3.0,0.37766026812537595,True,True,True,True,True,True,True,True
2026-07-06 15:00:00+07:00,36.3973,3.07333,0.3857425009603865,True,True,True,True,True,True,True,True
2026-07-06 15:15:00+07:00,35.9547,2.97333,0.3718407610620826,True,True,True,True,True,True,True,True
2026-07-06 15:30:00+07:00,36.21,2.98,0.3798180164880001,True,True,True,True,True,True,True,True
2026-07-06 15:45:00+07:00,36.15,2.99333,0.37793306699999996,True,True,True,True,True,True,True,True
2026-07-06 16:00:00+07:00,36.07,2.98667,0.37542951634400007,True,True,True,True,True,True,True,True
2026-07-06 16:15:00+07:00,35.7227,2.94,0.3646891277460487,True,True,True,True,True,True,True,True
2026-07-06 16:30:00+07:00,36.14,3.02,0.377619516352,True,True,True,True,True,True,True,True
2026-07-06 16:45:00+07:00,35.5327,2.83333,0.3589009555148063,True,True,True,True,True,True,True,True
2026-07-06 17:00:00+07:00,35.1627,2.8,0.34780565033863114,True,True,True,True,True,True,True,True
2026-07-06 17:15:00+07:00,35.3053,2.84667,0.35205434244703904,True,True,True,True,True,True,True,True
2026-07-06 17:30:00+07:00,34.8193,2.72,0.3377148008891604,True,True,True,True,True,True,True,True
2026-07-06 17:45:00+07:00,27.6707,1.94667,0.16949247619492191,True,True,True,True,True,True,True,True
2026-07-07 07:00:00+07:00,3.32,0.133333,0.000292754944,False,True,True,True,False,False,False,True
2026-07-07 07:15:00+07:00,47.6273,6.71071,0.8642867855340673,True,True,True,False,False,False,True,True
2026-07-07 07:30:00+07:00,42.406,4.57692,0.610059106075328,True,True,True,False,False,False,True,True
2026-07-07 07:45:00+07:00,38.5853,3.48462,0.4595741902723636,True,True,True,False,False,False,True,True
2026-07-07 08:00:00+07:00,36.79,3.08077,0.39836332671200003,True,True,True,True,True,True,True,True
2026-07-07 08:15:00+07:00,35.314,2.80714,0.352314668313152,True,True,True,True,True,True,True,True
2026-07-07 08:30:00+07:00,34.4507,2.68846,0.3271027076871346,True,True,True,True,True,True,True,True
2026-07-07 08:45:00+07:00,34.7988,2.77083,0.33711865925067425,True,True,True,True,True,True,True,True
2026-07-07 09:00:00+07:00,34.9032,2.74286,0.3401619437452862,True,True,True,False,False,False,True,True
2026-07-07 09:15:00+07:00,34.9767,2.78,0.3423154359264053,True,True,True,False,False,False,True,True
2026-07-07 09:30:00+07:00,35.21,2.81333,0.3492111180880001,True,True,True,False,False,False,True,True
2026-07-07 09:45:00+07:00,35.1547,2.82,0.3475683125739546,True,True,True,True,True,True,True,True
2026-07-07 10:00:00+07:00,35.0687,2.79333,0.34502374713354156,True,True,True,True,True,True,True,True
2026-07-07 10:15:00+07:00,35.4467,2.87333,0.35630130742692445,True,True,True,True,True,True,True,True
2026-07-07 10:30:00+07:00,35.3747,2.86,0.3541345369389097,True,True,True,True,True,True,True,True
2026-07-07 10:45:00+07:00,35.494,2.85333,0.35772955467027195,True,True,True,True,True,True,True,True
2026-07-07 11:00:00+07:00,35.592,2.88,0.36070084955750403,True,True,True,True,True,True,True,True
2026-07-07 11:15:00+07:00,35.9853,2.93333,0.3727909578763479,True,True,True,True,True,True,True,True
2026-07-07 11:30:00+07:00,36.0367,2.97333,0.37439068090840705,True,True,True,True,True,True,True,True
2026-07-07 11:45:00+07:00,35.8787,2.97333,0.3694877831499953,True,True,True,True,True,True,True,True
2026-07-07 12:00:00+07:00,35.87,2.92,0.3692190640239999,True,True,True,True,True,True,True,True
2026-07-07 12:15:00+07:00,35.936,2.95333,0.37126088084684805,True,True,True,True,True,True,True,True
2026-07-07 12:30:00+07:00,35.944,2.91333,0.3715088840990721,True,True,True,True,True,True,True,True
2026-07-07 12:45:00+07:00,36.0087,2.96667,0.373518670201428,True,True,True,True,True,True,True,True
2026-07-07 13:00:00+07:00,36.1707,2.98,0.37858266824688175,True,True,True,True,True,True,True,True
2026-07-07 13:15:00+07:00,36.484,3.09333,0.388505640223232,True,True,True,True,True,True,True,True
2026-07-07 13:30:00+07:00,36.6967,3.15333,0.3953402399036245,True,True,True,True,True,True,True,True
2026-07-07 13:45:00+07:00,37.052,3.24,0.40693491427686407,True,True,True,True,True,True,True,True
2026-07-07 14:00:00+07:00,37.278,3.26,0.414426768071616,True,True,True,True,True,True,True,True
2026-07-07 14:15:00+07:00,37.3053,3.27333,0.4153379332353591,True,True,True,True,True,True,True,True
2026-07-07 14:30:00+07:00,36.9033,3.2,0.4020551211564715,True,True,True,True,True,True,True,True
2026-07-07 14:45:00+07:00,36.6493,3.06,0.3938102712930011,True,True,True,True,True,True,True,True
2026-07-07 15:00:00+07:00,37.1193,3.18667,0.40915637283460865,True,True,True,True,True,True,True,True
2026-07-07 15:15:00+07:00,37.162,3.24667,0.410570010684224,True,True,True,True,True,True,True,True
2026-07-07 15:30:00+07:00,37.104,3.22,0.40865063760691195,True,True,True,True,True,True,True,True
2026-07-07 15:45:00+07:00,36.91,3.20667,0.40227414696799996,True,True,True,True,True,True,True,True
2026-07-07 16:00:00+07:00,36.9647,3.19333,0.4040652893760242,True,True,True,True,True,True,True,True
2026-07-07 16:15:00+07:00,36.4873,3.05333,0.3886110714736529,True,True,True,True,True,True,True,True
2026-07-07 16:30:00+07:00,36.6327,3.12,0.3932753942320623,True,True,True,True,True,True,True,True
2026-07-07 16:45:00+07:00,36.236,3.01333,0.3806367704980479,True,True,True,True,True,True,True,True
2026-07-07 17:00:00+07:00,35.88,2.98667,0.369527947776,True,True,True,True,True,True,True,True
2026-07-07 17:15:00+07:00,35.4167,2.85333,0.3553974155102037,True,True,True,True,True,True,True,True
2026-07-07 17:30:00+07:00,35.4133,2.83333,0.35529507097656504,True,True,True,True,True,True,True,True
2026-07-07 17:45:00+07:00,32.7747,2.23333,0.2816476697012938,True,True,True,True,True,True,True,True
2026-07-08 07:15:00+07:00,47.1733,6.48,0.8398055915375184,True,True,True,False,False,False,True,True
2026-07-08 07:30:00+07:00,41.53,4.33333,0.573027916616,True,True,True,False,False,False,True,True
2026-07-08 07:45:00+07:00,38.3433,3.37333,0.4509812121363498,True,True,True,False,False,False,True,True
2026-07-08 08:00:00+07:00,37.324,3.14,0.4159628347857919,True,True,True,True,True,True,True,True
2026-07-08 08:15:00+07:00,35.694,2.93333,0.3638108482830721,True,True,True,True,True,True,True,True
2026-07-08 08:30:00+07:00,35.3,2.84667,0.3518958159999999,True,True,True,True,True,True,True,True
2026-07-08 08:45:00+07:00,35.4907,2.88,0.35762978588304506,True,True,True,True,True,True,True,True
2026-07-08 09:00:00+07:00,35.8793,2.98667,0.36950632030802616,True,True,True,False,False,False,True,True
2026-07-08 09:15:00+07:00,35.9447,3.00667,0.37153058963686086,True,True,True,False,False,False,True,True
2026-07-08 09:30:00+07:00,36.262,3.00667,0.381456700293824,True,True,True,False,False,False,True,True
2026-07-08 09:45:00+07:00,35.9127,2.92667,0.37053920027185117,True,True,True,True,True,True,True,True
2026-07-08 10:00:00+07:00,36.236,3.00667,0.3806367704980479,True,True,True,True,True,True,True,True
2026-07-08 10:15:00+07:00,36.372,2.98,0.38493866360678397,True,True,True,True,True,True,True,True
2026-07-08 10:30:00+07:00,35.9813,2.96,0.3726666572798464,True,True,True,True,True,True,True,True
2026-07-08 10:45:00+07:00,36.386,3.02667,0.38538333664364804,True,True,True,True,True,True,True,True
2026-07-08 11:00:00+07:00,36.4147,3.04,0.38629598668963633,True,True,True,True,True,True,True,True
2026-07-08 11:15:00+07:00,36.4787,3.05333,0.3883363511551313,True,True,True,True,True,True,True,True
2026-07-08 11:30:00+07:00,36.376,3.06,0.3850656781230079,True,True,True,True,True,True,True,True
2026-07-08 11:45:00+07:00,36.628,3.07333,0.39312404116121596,True,True,True,True,True,True,True,True
2026-07-08 12:00:00+07:00,36.2667,3.01333,0.38160504392155975,True,True,True,True,True,True,True,True
2026-07-08 12:15:00+07:00,36.0333,3.05333,0.37428472157636816,True,True,True,True,True,True,True,True
2026-07-08 12:30:00+07:00,35.7493,2.9,0.3655044039704173,True,True,True,True,True,True,True,True
2026-07-08 12:45:00+07:00,35.74,2.92667,0.365219225792,True,True,True,True,True,True,True,True
2026-07-08 13:00:00+07:00,35.3987,2.86,0.3548558148438064,True,True,True,True,True,True,True,True
2026-07-08 13:15:00+07:00,35.5773,2.89333,0.36025411044219935,True,True,True,True,True,True,True,True
2026-07-08 13:30:00+07:00,36.36,3.06667,0.3845577876479999,True,True,True,True,True,True,True,True
2026-07-08 13:45:00+07:00,36.9013,3.22,0.4019897557286815,True,True,True,True,True,True,True,True
2026-07-08 14:00:00+07:00,36.9033,3.18667,0.4020551211564715,True,True,True,True,True,True,True,True
2026-07-08 14:15:00+07:00,37.0693,3.20667,0.40750518807362046,True,True,True,True,True,True,True,True
2026-07-08 14:30:00+07:00,37.0133,3.18,0.4056611418971411,True,True,True,True,True,True,True,True
2026-07-08 14:45:00+07:00,37.3287,3.27333,0.41611999410840717,True,True,True,True,True,True,True,True
2026-07-08 15:00:00+07:00,36.976,3.21333,0.40443596737740795,True,True,True,True,True,True,True,True
2026-07-08 15:15:00+07:00,36.8227,3.08667,0.39942650114970457,True,True,True,True,True,True,True,True
2026-07-08 15:30:00+07:00,36.4467,3.06667,0.38731527320828446,True,True,True,True,True,True,True,True
2026-07-08 15:45:00+07:00,36.452,3.08667,0.38748426541926384,True,True,True,True,True,True,True,True
2026-07-08 16:00:00+07:00,36.632,3.08667,0.3932528498237439,True,True,True,True,True,True,True,True
2026-07-08 16:15:00+07:00,36.5747,3.13333,0.39141034929350177,True,True,True,True,True,True,True,True
2026-07-08 16:30:00+07:00,36.248,3.02,0.3810150534799359,True,True,True,True,True,True,True,True
2026-07-08 16:45:00+07:00,36.7607,3.11333,0.3974123004399804,True,True,True,True,True,True,True,True
2026-07-08 17:00:00+07:00,36.5727,3.14,0.3913461427879646,True,True,True,True,True,True,True,True
2026-07-08 17:15:00+07:00,35.96,2.98667,0.3720052218880001,True,True,True,True,True,True,True,True
2026-07-08 17:30:00+07:00,35.7253,2.90667,0.36476876288666615,True,True,True,True,True,True,True,True
2026-07-08 17:45:00+07:00,30.8853,2.30667,0.2356923352589318,True,True,True,True,True,True,True,True
2026-07-09 07:15:00+07:00,15.9987,2.06667,0.032760013448942416,True,True,True,False,False,False,True,True
2026-07-09 07:30:00+07:00,45.1413,5.70667,0.7358887655144161,True,True,True,False,False,False,True,True
2026-07-09 07:45:00+07:00,39.8407,3.72667,0.5059072090906009,True,True,True,False,False,False,True,True
2026-07-09 08:00:00+07:00,37.5167,3.24,0.4224388760382598,True,True,True,False,False,False,True,True
2026-07-09 08:15:00+07:00,36.474,3.02667,0.38818626803539186,True,True,True,False,False,False,True,True
2026-07-09 08:30:00+07:00,35.3633,2.88,0.3537922725942972,True,True,True,False,False,False,True,True
2026-07-09 08:45:00+07:00,35.646,2.86,0.362345102129088,True,True,True,True,True,True,True,True
2026-07-09 09:00:00+07:00,35.6267,2.92667,0.3617568615334893,True,True,True,True,True,True,True,True
2026-07-09 09:15:00+07:00,35.738,2.88,0.3651579165381759,True,True,True,True,True,True,True,True
2026-07-09 09:30:00+07:00,35.3633,2.84,0.3537922725942972,True,True,True,True,True,True,True,True
2026-07-09 09:45:00+07:00,35.1507,2.78,0.3474496841913668,True,True,True,True,True,True,True,True
2026-07-09 10:00:00+07:00,35.396,2.87333,0.354774622233088,True,True,True,True,True,True,True,True
2026-07-09 10:15:00+07:00,35.5753,2.85333,0.36019335813234216,True,True,True,True,True,True,True,True
2026-07-09 10:30:00+07:00,35.7113,2.87333,0.36434009510433524,True,True,True,True,True,True,True,True
2026-07-09 10:45:00+07:00,35.7293,2.90667,0.36489130112346213,True,True,True,True,True,True,True,True
2026-07-09 11:00:00+07:00,35.4733,2.84667,0.35710403903000676,True,True,True,True,True,True,True,True
2026-07-09 11:15:00+07:00,35.78,2.92,0.366446852416,True,True,True,True,True,True,True,True
2026-07-09 11:30:00+07:00,36.1807,2.97333,0.3788967517537995,True,True,True,True,True,True,True,True
2026-07-09 11:45:00+07:00,36.1987,3.05333,0.37946253974025446,True,True,True,True,True,True,True,True
2026-07-09 12:00:00+07:00,36.1913,3.04667,0.3792298698822039,True,True,True,True,True,True,True,True
2026-07-09 12:15:00+07:00,36.0067,2.92,0.3734564355873662,True,True,True,True,True,True,True,True
2026-07-09 12:30:00+07:00,35.4653,2.92,0.3568624893504246,True,True,True,True,True,True,True,True
2026-07-09 12:45:00+07:00,35.3033,2.83333,0.35199451555429545,True,True,True,True,True,True,True,True
2026-07-09 13:00:00+07:00,35.084,2.78,0.3454755317816321,True,True,True,True,True,True,True,True
2026-07-09 13:15:00+07:00,35.608,2.87333,0.36118751580569586,True,True,True,True,True,True,True,True
2026-07-09 13:30:00+07:00,35.788,2.96,0.3666927073909759,True,True,True,True,True,True,True,True
2026-07-09 13:45:00+07:00,35.8593,2.96667,0.36888874908443087,True,True,True,True,True,True,True,True
2026-07-09 14:00:00+07:00,35.8973,2.96667,0.37006272339290647,True,True,True,True,True,True,True,True
2026-07-09 14:15:00+07:00,36.2407,3.05333,0.3807849014898651,True,True,True,True,True,True,True,True
2026-07-09 14:30:00+07:00,36.6867,3.11333,0.3950171324978909,True,True,True,True,True,True,True,True
2026-07-09 14:45:00+07:00,36.8087,3.19333,0.39897108816667604,True,True,True,True,True,True,True,True
2026-07-09 15:00:00+07:00,37.2027,3.28667,0.41192046334066945,True,True,True,True,True,True,True,True
2026-07-09 15:15:00+07:00,37.0287,3.29333,0.4061676988258393,True,True,True,True,True,True,True,True
2026-07-09 15:30:00+07:00,37.2353,3.17333,0.413004286109048,True,True,True,True,True,True,True,True
2026-07-09 15:45:00+07:00,36.7987,3.14,0.39864600520459026,True,True,True,True,True,True,True,True
2026-07-09 16:00:00+07:00,36.1847,2.98,0.3790224337807393,True,True,True,True,True,True,True,True
2026-07-09 16:15:00+07:00,35.9493,2.96667,0.37167324706076926,True,True,True,True,True,True,True,True
2026-07-09 16:30:00+07:00,35.732,2.91333,0.3649740299453439,True,True,True,True,True,True,True,True
2026-07-09 16:45:00+07:00,35.416,2.88,0.3553763429703679,True,True,True,True,True,True,True,True
2026-07-09 17:00:00+07:00,35.05,2.76,0.3444721009999999,True,True,True,True,True,True,True,True
2026-07-09 17:15:00+07:00,35.3433,2.80667,0.3531923417842699,True,True,True,True,True,True,True,True
2026-07-09 17:30:00+07:00,34.8427,2.75333,0.3383961332266438,True,True,True,True,True,True,True,True
2026-07-09 17:45:00+07:00,30.084,2.18,0.21781948506163198,True,True,True,True,True,True,True,True
2026-07-10 07:15:00+07:00,16.13,2.50667,0.033573227175999996,True,True,True,False,False,False,True,True
2026-07-10 07:30:00+07:00,44.9557,5.80714,0.7268491387936935,True,True,True,False,False,False,True,True
2026-07-10 07:45:00+07:00,39.5847,3.74,0.4962174820984834,True,True,True,False,False,False,True,True
2026-07-10 08:00:00+07:00,37.272,3.17333,0.41422669078118396,True,True,True,False,False,False,True,True
2026-07-10 08:15:00+07:00,36.1693,2.93333,0.3785387104118364,True,True,True,False,False,False,True,True
2026-07-10 08:30:00+07:00,35.1373,2.78667,0.3470524757898571,True,True,True,False,False,False,True,True
2026-07-10 08:45:00+07:00,35.396,2.84667,0.354774622233088,True,True,True,True,True,True,True,True
2026-07-10 09:00:00+07:00,35.6453,2.89333,0.36232375584137333,True,True,True,True,True,True,True,True
2026-07-10 09:15:00+07:00,35.614,2.9,0.36137012844435185,True,True,True,True,True,True,True,True
2026-07-10 09:30:00+07:00,35.5747,2.86667,0.36017513377134175,True,True,True,True,True,True,True,True
2026-07-10 09:45:00+07:00,35.9547,2.90667,0.3718407610620826,True,True,True,True,True,True,True,True
2026-07-10 10:00:00+07:00,35.5887,2.93333,0.36060052905479284,True,True,True,True,True,True,True,True
2026-07-10 10:15:00+07:00,35.6827,2.87333,0.36346543214225013,True,True,True,True,True,True,True,True
2026-07-10 10:30:00+07:00,35.6687,2.88667,0.3630377862650777,True,True,True,True,True,True,True,True
2026-07-10 10:45:00+07:00,36.128,3.00667,0.377243484553216,True,True,True,True,True,True,True,True
2026-07-10 11:00:00+07:00,36.4587,3.02667,0.38769796742088003,True,True,True,True,True,True,True,True
2026-07-10 11:15:00+07:00,35.7336,2.87692,0.36502306033239257,True,True,True,False,False,False,True,True
2026-07-10 11:30:00+07:00,35.78,2.9,0.366446852416,True,True,True,False,False,False,True,True
2026-07-10 11:45:00+07:00,39.2267,2.9,0.4828756537511854,True,True,True,False,False,False,True,True
2026-07-10 12:00:00+07:00,38.298,3.35333,0.44938468895673617,True,True,True,False,False,False,True,True
2026-07-10 12:15:00+07:00,35.85,2.82667,0.3686018130000001,True,True,True,False,False,False,True,True
2026-07-10 12:30:00+07:00,34.878,2.73333,0.33942568803321593,True,True,True,False,False,False,True,True
2026-07-10 12:45:00+07:00,34.8213,2.74667,0.3377729986471968,True,True,True,True,True,True,True,True
2026-07-10 13:00:00+07:00,35.368,2.86,0.353933354848256,True,True,True,True,True,True,True,True
2026-07-10 13:15:00+07:00,35.0947,2.76,0.345791719989825,True,True,True,True,True,True,True,True
2026-07-10 13:30:00+07:00,35.1347,2.79333,0.34697544058767144,True,True,True,True,True,True,True,True
2026-07-10 13:45:00+07:00,35.286,2.88667,0.351477295789248,True,True,True,True,True,True,True,True
2026-07-10 14:00:00+07:00,35.8273,2.94,0.36790206704393935,True,True,True,True,True,True,True,True
2026-07-10 14:15:00+07:00,35.912,2.98667,0.370517533364224,True,True,True,True,True,True,True,True
2026-07-10 14:30:00+07:00,35.8613,2.90667,0.3689504752180192,True,True,True,True,True,True,True,True
2026-07-10 14:45:00+07:00,35.6547,2.94667,0.3626104759590346,True,True,True,True,True,True,True,True
2026-07-10 15:00:00+07:00,35.8007,2.94,0.36708322797301063,True,True,True,False,False,False,True,True
2026-07-10 15:15:00+07:00,35.8633,2.94667,0.3690122082369772,True,True,True,False,False,False,True,True
2026-07-10 15:30:00+07:00,35.63,2.92,0.361857396376,True,True,True,False,False,False,True,True
2026-07-10 15:45:00+07:00,35.5993,2.9,0.3609228367706533,True,True,True,True,True,True,True,True
2026-07-10 16:00:00+07:00,35.2233,2.86,0.34960699390266675,True,True,True,False,False,False,True,True
2026-07-10 16:15:00+07:00,35.8633,2.96,0.3690122082369772,True,True,True,False,False,False,True,True
2026-07-10 16:30:00+07:00,35.8533,2.88,0.3687036119920435,True,True,True,False,False,False,True,True
2026-07-10 16:45:00+07:00,35.9667,2.92,0.37221319458555174,True,True,True,True,True,True,True,True
2026-07-10 17:00:00+07:00,36.288,3.02,0.38227780671897593,True,True,True,True,True,True,True,True
2026-07-10 17:15:00+07:00,36.3427,2.98667,0.3840091337850839,True,True,True,True,True,True,True,True
2026-07-10 17:30:00+07:00,36.5573,3.02667,0.39085198786710007,True,True,True,True,True,True,True,True
2026-07-10 17:45:00+07:00,31.338,2.18667,0.246208938451776,True,True,True,True,True,True,True,True
2026-07-11 10:30:00+07:00,50.0,6.78667,1.0,True,True,False,True,False,False,False,True
2026-07-11 10:45:00+07:00,50.0,7.3,1.0,True,True,False,True,False,False,False,True
2026-07-11 11:00:00+07:00,50.0,7.22667,1.0,True,True,False,True,False,False,False,True
2026-07-11 11:15:00+07:00,41.0,4.39333,0.5513679999999999,True,True,False,True,False,False,False,True
2026-07-11 11:30:00+07:00,7.0,0.373333,0.0027440000000000008,True,True,False,True,False,False,False,True
2026-07-13 06:45:00+07:00,20.0,3.14667,0.06400000000000002,True,True,True,True,True,True,True,True
2026-07-13 07:00:00+07:00,50.0,7.63333,1.0,True,True,True,False,False,False,True,True
2026-07-13 07:15:00+07:00,47.5727,6.52,0.8613177333045244,True,True,True,False,False,False,True,True
2026-07-13 07:30:00+07:00,42.866,4.68667,0.6301281273431679,True,True,True,False,False,False,True,True
2026-07-13 07:45:00+07:00,40.1133,3.85333,0.5163630550497572,True,True,True,True,True,True,True,True
2026-07-13 08:00:00+07:00,38.5533,3.52667,0.45843172039371555,True,True,True,True,True,True,True,True
2026-07-13 08:15:00+07:00,37.0747,3.24,0.4076833016545818,True,True,True,True,True,True,True,True
2026-07-13 08:30:00+07:00,36.424,3.08667,0.38659203226419203,True,True,True,True,True,True,True,True
2026-07-13 08:45:00+07:00,37.4353,3.33333,0.4196951403142798,True,True,True,True,True,True,True,True
2026-07-13 09:00:00+07:00,37.28,3.28,0.4144934748160001,True,True,True,False,False,False,True,True
2026-07-13 09:15:00+07:00,38.5067,3.60667,0.4567713872807663,True,True,True,False,False,False,True,True
2026-07-13 09:30:00+07:00,39.3847,3.80667,0.48873406673485137,True,True,True,False,False,False,True,True
2026-07-13 09:45:00+07:00,39.38,3.76,0.48855911737600016,True,True,True,True,True,True,True,True
2026-07-13 10:00:00+07:00,39.5647,3.8,0.4954657267800403,True,True,True,True,True,True,True,True
2026-07-13 10:15:00+07:00,39.572,3.83333,0.49574002941798406,True,True,True,True,True,True,True,True
2026-07-13 10:30:00+07:00,39.378,3.82,0.48848468350521607,True,True,True,True,True,True,True,True
2026-07-13 10:45:00+07:00,39.3307,3.81333,0.48672652542004363,True,True,True,True,True,True,True,True
2026-07-13 11:00:00+07:00,39.5493,3.79333,0.4948873928631054,True,True,True,True,True,True,True,True
2026-07-13 11:15:00+07:00,38.7387,3.61333,0.46507726999015697,True,True,True,True,True,True,True,True
2026-07-13 11:30:00+07:00,39.0107,3.73333,0.47494269997244026,True,True,True,True,True,True,True,True
2026-07-13 11:45:00+07:00,39.2247,3.72667,0.48280179828522585,True,True,True,True,True,True,True,True
2026-07-13 12:00:00+07:00,39.108,3.72667,0.47850535958169593,True,True,True,True,True,True,True,True
2026-07-13 12:15:00+07:00,38.5053,3.58667,0.45672156815635095,True,True,True,True,True,True,True,True
2026-07-13 12:30:00+07:00,37.9307,3.43333,0.4365787164083796,True,True,True,True,True,True,True,True
2026-07-13 12:45:00+07:00,37.9367,3.36667,0.43678592745459094,True,True,True,True,True,True,True,True
2026-07-13 13:00:00+07:00,37.6273,3.34,0.42618597626446725,True,True,True,True,True,True,True,True
2026-07-13 13:15:00+07:00,38.316,3.56667,0.450018617107968,True,True,True,True,True,True,True,True
2026-07-13 13:30:00+07:00,38.9513,3.7,0.47277647417782975,True,True,True,False,False,False,True,True
2026-07-13 13:45:00+07:00,39.0813,3.70667,0.47752596616878223,True,True,True,False,False,False,True,True
2026-07-13 14:00:00+07:00,38.7113,3.60667,0.46409111613801535,True,True,True,False,False,False,True,True
2026-07-13 14:15:00+07:00,38.6867,3.61333,0.463206925628611,True,True,True,False,False,False,True,True
2026-07-13 14:30:00+07:00,39.4993,3.82667,0.49301278826451717,True,True,True,False,False,False,True,True
2026-07-13 14:45:00+07:00,40.582,4.1,0.534675552138944,True,True,True,True,True,True,True,True
2026-07-13 15:00:00+07:00,41.626,4.36667,0.5770109124990078,True,True,True,True,True,True,True,True
2026-07-13 15:15:00+07:00,41.476,4.41333,0.5707955575854081,True,True,True,True,True,True,True,True
2026-07-13 15:30:00+07:00,40.786,4.11333,0.542779368861248,True,True,True,True,True,True,True,True
2026-07-13 15:45:00+07:00,40.226,4.03333,0.520727525305408,True,True,True,True,True,True,True,True
2026-07-13 16:00:00+07:00,39.9273,3.88667,0.5092133908044755,True,True,True,True,True,True,True,True
2026-07-13 16:15:00+07:00,38.9307,3.65333,0.4720267652681396,True,True,True,True,True,True,True,True
2026-07-13 16:30:00+07:00,38.398,3.60667,0.4529140568063362,True,True,True,True,True,True,True,True
2026-07-13 16:45:00+07:00,38.35,3.47333,0.45121766300000005,True,True,True,True,True,True,True,True
2026-07-13 17:00:00+07:00,37.672,3.32,0.4277066663075838,True,True,True,True,True,True,True,True
2026-07-13 17:15:00+07:00,36.744,3.16667,0.39687092575027194,True,True,True,True,True,True,True,True
2026-07-13 17:30:00+07:00,36.846,3.14667,0.4001852065898879,True,True,True,True,True,True,True,True
2026-07-13 17:45:00+07:00,29.5967,2.28667,0.20740530386396847,True,True,True,True,True,True,True,True
2026-07-14 07:15:00+07:00,48.2407,6.56,0.898112601598985,True,True,True,False,False,False,True,True
2026-07-14 07:30:00+07:00,44.7467,5.49333,0.7167587837455722,True,True,True,False,False,False,True,True
2026-07-14 07:45:00+07:00,39.8779,3.80714,0.5073256575110651,True,True,True,False,False,False,True,True
2026-07-14 08:00:00+07:00,37.7047,3.34667,0.42882140549986264,True,True,True,True,True,True,True,True
2026-07-14 08:15:00+07:00,36.5767,3.08667,0.3914745628213813,True,True,True,True,True,True,True,True
2026-07-14 08:30:00+07:00,36.01,2.94,0.37355912640799993,True,True,True,True,True,True,True,True
2026-07-14 08:45:00+07:00,35.7673,2.89333,0.3660567833822416,True,True,True,True,True,True,True,True
2026-07-14 09:00:00+07:00,35.686,2.97333,0.36356628327084806,True,True,True,False,False,False,True,True
2026-07-14 09:15:00+07:00,36.7527,3.13333,0.39715289787993746,True,True,True,False,False,False,True,True
2026-07-14 09:30:00+07:00,37.0747,3.12,0.4076833016545818,True,True,True,False,False,False,True,True
2026-07-14 09:45:00+07:00,37.1987,3.26667,0.41178760970081446,True,True,True,True,True,True,True,True
2026-07-14 10:00:00+07:00,37.0493,3.23333,0.4068459600337053,True,True,True,True,True,True,True,True
2026-07-14 10:15:00+07:00,37.1633,3.24,0.4106130998359451,True,True,True,True,True,True,True,True
2026-07-14 10:30:00+07:00,37.0567,3.24667,0.40708979148059404,True,True,True,True,True,True,True,True
2026-07-14 10:45:00+07:00,37.1747,3.2,0.41099108769479775,True,True,True,True,True,True,True,True
2026-07-14 11:00:00+07:00,37.0373,3.22667,0.406450764680681,True,True,True,True,True,True,True,True
2026-07-14 11:15:00+07:00,37.142,3.25333,0.4099074805383041,True,True,True,True,True,True,True,True
2026-07-14 11:30:00+07:00,37.3987,3.32667,0.4184653522049263,True,True,True,True,True,True,True,True
2026-07-14 11:45:00+07:00,37.1487,3.25333,0.4101293486847863,True,True,True,True,True,True,True,True
2026-07-14 12:00:00+07:00,36.8727,3.08667,0.40105580499405274,True,True,True,True,True,True,True,True
2026-07-14 12:15:00+07:00,36.6047,3.06667,0.3923742897726866,True,True,True,True,True,True,True,True
2026-07-14 12:30:00+07:00,36.5773,3.1,0.3914938282491594,True,True,True,True,True,True,True,True
2026-07-14 12:45:00+07:00,36.6207,3.08667,0.39288903786457396,True,True,True,True,True,True,True,True
2026-07-14 13:00:00+07:00,36.5087,3.14,0.389295240109708,True,True,True,True,True,True,True,True
2026-07-14 13:15:00+07:00,36.6953,3.15333,0.3952949942640415,True,True,True,True,True,True,True,True
2026-07-14 13:30:00+07:00,37.0687,3.21333,0.4074854008786616,True,True,True,True,True,True,True,True
2026-07-14 13:45:00+07:00,37.3687,3.31333,0.41745912261242957,True,True,True,True,True,True,True,True
2026-07-14 14:00:00+07:00,37.682,3.3,0.42804735982854414,True,True,True,True,True,True,True,True
2026-07-14 14:15:00+07:00,37.2713,3.26,0.41420335262616864,True,True,True,True,True,True,True,True
2026-07-14 14:30:00+07:00,37.4753,3.31333,0.42104192396044604,True,True,True,True,True,True,True,True
2026-07-14 14:45:00+07:00,37.644,3.33333,0.42675368628787197,True,True,True,True,True,True,True,True
2026-07-14 15:00:00+07:00,38.1853,3.54,0.4454291222138998,True,True,True,True,True,True,True,True
2026-07-14 15:15:00+07:00,37.9393,3.48,0.4368757392656918,True,True,True,True,True,True,True,True
2026-07-14 15:30:00+07:00,38.242,3.5,0.44741627574790394,True,True,True,True,True,True,True,True
2026-07-14 15:45:00+07:00,38.0627,3.46667,0.441152518508415,True,True,True,True,True,True,True,True
2026-07-14 16:00:00+07:00,38.6473,3.62667,0.4617931240640466,True,True,True,True,True,True,True,True
2026-07-14 16:15:00+07:00,38.4127,3.5,0.45343442654925104,True,True,True,True,True,True,True,True
2026-07-14 16:30:00+07:00,38.9113,3.67333,0.4713214537749271,True,True,True,True,True,True,True,True
2026-07-14 16:45:00+07:00,39.1367,3.68667,0.4795596081650228,True,True,True,True,True,True,True,True
2026-07-14 17:00:00+07:00,38.6793,3.62,0.4629411695185541,True,True,True,True,True,True,True,True
2026-07-14 17:15:00+07:00,38.102,3.45333,0.44252040893766387,True,True,True,True,True,True,True,True
2026-07-14 17:30:00+07:00,37.1267,3.27333,0.40940112643752935,True,True,True,True,True,True,True,True
2026-07-14 17:45:00+07:00,29.5347,2.25333,0.20610459702997544,True,True,True,True,True,True,True,True
2026-07-15 07:15:00+07:00,47.6347,6.65333,0.8646897088146714,True,True,True,False,False,False,True,True
2026-07-15 07:30:00+07:00,43.7936,5.06429,0.6719267466710548,True,True,True,False,False,False,True,True
2026-07-15 07:45:00+07:00,39.415,3.7,0.489862934387,True,True,True,False,False,False,True,True
2026-07-15 08:00:00+07:00,37.4807,3.36,0.42122396018348757,True,True,True,True,True,True,True,True
2026-07-15 08:15:00+07:00,35.986,2.98,0.37281271332204785,True,True,True,True,True,True,True,True
2026-07-15 08:30:00+07:00,35.3227,2.88,0.35257512247926454,True,True,True,True,True,True,True,True
2026-07-15 08:45:00+07:00,35.4873,2.88,0.3575270132026929,True,True,True,True,True,True,True,True
2026-07-15 09:00:00+07:00,35.298,2.84,0.351836007068736,True,True,True,False,False,False,True,True
2026-07-15 09:15:00+07:00,35.8093,2.95333,0.3673478323666428,True,True,True,False,False,False,True,True
2026-07-15 09:30:00+07:00,36.1727,2.98667,0.37864547105718055,True,True,True,False,False,False,True,True
2026-07-15 09:45:00+07:00,36.1827,2.99333,0.37895958929373014,True,True,True,True,True,True,True,True
2026-07-15 10:00:00+07:00,36.6587,3.13333,0.3941133684401922,True,True,True,True,True,True,True,True
2026-07-15 10:15:00+07:00,36.8053,3.08,0.3988605401382791,True,True,True,True,True,True,True,True
2026-07-15 10:30:00+07:00,36.962,3.14667,0.40397675383302417,True,True,True,True,True,True,True,True
2026-07-15 10:45:00+07:00,36.8213,3.10667,0.3993809442643168,True,True,True,True,True,True,True,True
2026-07-15 11:00:00+07:00,37.2313,3.25333,0.4128711995205462,True,True,True,True,True,True,True,True
2026-07-15 11:15:00+07:00,37.086,3.23333,0.4080561887364479,True,True,True,True,True,True,True,True
2026-07-15 11:30:00+07:00,36.886,3.14667,0.4014899445956481,True,True,True,True,True,True,True,True
2026-07-15 11:45:00+07:00,36.7607,3.14,0.3974123004399804,True,True,True,True,True,True,True,True
2026-07-15 12:00:00+07:00,37.0793,3.20667,0.40783506896853816,True,True,True,True,True,True,True,True
2026-07-15 12:15:00+07:00,37.1207,3.20667,0.409202670086454,True,True,True,True,True,True,True,True
2026-07-15 12:30:00+07:00,36.6873,3.07333,0.39503651397584494,True,True,True,True,True,True,True,True
2026-07-15 12:45:00+07:00,36.1053,2.97143,0.3765328406503671,True,True,True,True,True,True,True,True
2026-07-15 13:00:00+07:00,35.6267,2.89333,0.3617568615334893,True,True,True,True,True,True,True,True
2026-07-15 13:15:00+07:00,35.9787,2.99333,0.3725858767108513,True,True,True,True,True,True,True,True
2026-07-15 13:30:00+07:00,36.3347,3.02667,0.3837555975694633,True,True,True,True,True,True,True,True
2026-07-15 13:45:00+07:00,35.9787,2.97333,0.3725858767108513,True,True,True,True,True,True,True,True
2026-07-15 14:00:00+07:00,36.5013,3.0,0.38905856768045766,True,True,True,True,True,True,True,True
2026-07-15 14:15:00+07:00,36.3353,2.98667,0.38377460891350373,True,True,True,True,True,True,True,True
2026-07-15 14:30:00+07:00,36.656,3.1,0.394026292707328,True,True,True,True,True,True,True,True
2026-07-15 14:45:00+07:00,36.5013,3.09333,0.38905856768045766,True,True,True,True,True,True,True,True
2026-07-15 15:00:00+07:00,36.8307,3.14,0.39968689267064356,True,True,True,True,True,True,True,True
2026-07-15 15:15:00+07:00,36.918,3.1,0.40253577450105604,True,True,True,True,True,True,True,True
2026-07-15 15:30:00+07:00,37.108,3.20667,0.4087828157096959,True,True,True,True,True,True,True,True
2026-07-15 15:45:00+07:00,36.8907,3.15333,0.40164343723710927,True,True,True,True,True,True,True,True
2026-07-15 16:00:00+07:00,37.2087,3.27333,0.4121197973733,True,True,True,True,True,True,True,True
2026-07-15 16:15:00+07:00,37.2273,3.29333,0.4127381415256834,True,True,True,True,True,True,True,True
2026-07-15 16:30:00+07:00,37.364,3.24,0.4173016262763519,True,True,True,True,True,True,True,True
2026-07-15 16:45:00+07:00,37.0927,3.19333,0.4082773884143039,True,True,True,True,True,True,True,True
2026-07-15 17:00:00+07:00,37.504,3.25333,0.42201001440051195,True,True,True,True,True,True,True,True
2026-07-15 17:15:00+07:00,37.384,3.22667,0.417972097912832,True,True,True,True,True,True,True,True
2026-07-15 17:30:00+07:00,36.732,3.07333,0.39648221772134395,True,True,True,True,True,True,True,True
2026-07-15 17:45:00+07:00,29.07,2.32308,0.19652829314400003,True,True,True,True,True,True,True,True
2026-07-16 07:15:00+07:00,12.774,2.48,0.016675187366591997,True,True,True,False,False,False,True,True
2026-07-16 07:30:00+07:00,47.1033,6.36,0.8360725983823434,True,True,True,False,False,False,True,True
2026-07-16 07:45:00+07:00,41.0693,4.23333,0.5541685675126603,True,True,True,False,False,False,True,True
2026-07-16 08:00:00+07:00,38.3447,3.48,0.4510306129508451,True,True,True,False,False,False,True,True
2026-07-16 08:15:00+07:00,37.354,3.18,0.41696665950291195,True,True,True,False,False,False,True,True
2026-07-16 08:30:00+07:00,36.5867,3.06,0.3917957358093549,True,True,True,False,False,False,True,True
2026-07-16 08:45:00+07:00,36.4293,3.01333,0.386760814050094,True,True,True,True,True,True,True,True
2026-07-16 09:00:00+07:00,36.1613,3.06667,0.37828758805738705,True,True,True,True,True,True,True,True
2026-07-16 09:15:00+07:00,35.9953,2.94667,0.3731018302849295,True,True,True,True,True,True,True,True
2026-07-16 09:30:00+07:00,35.9827,2.94667,0.3727101593451383,True,True,True,True,True,True,True,True
2026-07-16 09:45:00+07:00,35.286,2.84667,0.351477295789248,True,True,True,True,True,True,True,True
2026-07-16 10:00:00+07:00,35.366,2.88,0.3538733152631679,True,True,True,True,True,True,True,True
2026-07-16 10:15:00+07:00,35.69,2.95333,0.36368855207199996,True,True,True,True,True,True,True,True
2026-07-16 10:30:00+07:00,35.6407,2.86667,0.3621835010924092,True,True,True,True,True,True,True,True
2026-07-16 10:45:00+07:00,35.744,2.89333,0.36534186488627196,True,True,True,True,True,True,True,True
2026-07-16 11:00:00+07:00,35.3447,2.83333,0.35323431484836504,True,True,True,True,True,True,True,True
2026-07-16 11:15:00+07:00,35.2473,2.80667,0.35032211311718264,True,True,True,True,True,True,True,True
2026-07-16 11:30:00+07:00,35.4427,2.91333,0.35618070005802,True,True,True,True,True,True,True,True
2026-07-16 11:45:00+07:00,35.7333,2.93333,0.36501386680036035,True,True,True,True,True,True,True,True
2026-07-16 12:00:00+07:00,36.33,3.00667,0.38360669709599987,True,True,True,True,True,True,True,True
2026-07-16 12:15:00+07:00,36.2127,3.02667,0.379902986257139,True,True,True,True,True,True,True,True
2026-07-16 12:30:00+07:00,36.1333,2.94,0.37740953446970416,True,True,True,True,True,True,True,True
2026-07-16 12:45:00+07:00,36.0187,2.97333,0.37382994698447375,True,True,True,True,True,True,True,True
2026-07-16 13:00:00+07:00,36.0553,3.01333,0.37497069474265904,True,True,True,True,True,True,True,True
2026-07-16 13:15:00+07:00,36.5307,3.03333,0.3899994276527157,True,True,True,True,True,True,True,True
2026-07-16 13:30:00+07:00,36.2673,2.98667,0.3816239841737216,True,True,True,True,True,True,True,True
2026-07-16 13:45:00+07:00,36.2447,3.0,0.38091100068710904,True,True,True,True,True,True,True,True
2026-07-16 14:00:00+07:00,36.7713,3.08667,0.3977561827818886,True,True,True,False,False,False,True,True
2026-07-16 14:15:00+07:00,36.6887,3.11333,0.3950817398898087,True,True,True,False,False,False,True,True
2026-07-16 14:30:00+07:00,36.194,3.01333,0.37931475191507213,True,True,True,False,False,False,True,True
2026-07-16 14:45:00+07:00,35.8547,2.92667,0.3687468051050666,True,True,True,True,True,True,True,True
2026-07-16 15:00:00+07:00,35.5,2.86667,0.3579109999999999,True,True,True,False,False,False,True,True
2026-07-16 15:15:00+07:00,35.58,2.86667,0.360336136896,True,True,True,False,False,False,True,True
2026-07-16 15:30:00+07:00,35.096,2.73333,0.3458301485178878,True,True,True,False,False,False,True,True
2026-07-16 15:45:00+07:00,34.8393,2.78667,0.33829707937163567,True,True,True,True,True,True,True,True
2026-07-16 16:00:00+07:00,34.6767,2.74667,0.3335825088895973,True,True,True,True,True,True,True,True
2026-07-16 16:15:00+07:00,34.6233,2.71333,0.3320437907890507,True,True,True,True,True,True,True,True
2026-07-16 16:30:00+07:00,34.8567,2.71333,0.33880420576640197,True,True,True,True,True,True,True,True
2026-07-16 16:45:00+07:00,35.1473,2.80667,0.3473488712916866,True,True,True,True,True,True,True,True
2026-07-16 17:00:00+07:00,35.194,2.78667,0.34873527265107207,True,True,True,True,True,True,True,True
2026-07-16 17:15:00+07:00,35.152,2.76,0.347488235454464,True,True,True,True,True,True,True,True
2026-07-16 17:30:00+07:00,34.5553,2.66667,0.33009123325141904,True,True,True,True,True,True,True,True
2026-07-16 17:45:00+07:00,27.6393,2.16,0.16891612358776364,True,True,True,True,True,True,True,True
2026-07-17 07:15:00+07:00,16.022,2.74667,0.03290335394118398,True,True,True,False,False,False,True,True
2026-07-17 07:30:00+07:00,46.2287,6.1,0.7903601397685915,True,True,True,False,False,False,True,True
2026-07-17 07:45:00+07:00,40.4933,3.97333,0.5311772914306738,True,True,True,False,False,False,True,True
2026-07-17 08:00:00+07:00,37.9087,3.32667,0.435819503260892,True,True,True,False,False,False,True,True
2026-07-17 08:15:00+07:00,36.52,3.06,0.38965683046400007,True,True,True,False,False,False,True,True
2026-07-17 08:30:00+07:00,35.4667,2.89333,0.35690475267887173,True,True,True,False,False,False,True,True
2026-07-17 08:45:00+07:00,35.2467,2.84,0.3503042232626524,True,True,True,True,True,True,True,True
2026-07-17 09:00:00+07:00,35.3113,2.86,0.3522338637985112,True,True,True,True,True,True,True,True
2026-07-17 09:15:00+07:00,35.3313,2.84667,0.35283270904668235,True,True,True,True,True,True,True,True
2026-07-17 09:30:00+07:00,35.198,2.83333,0.34885419345913604,True,True,True,True,True,True,True,True
2026-07-17 09:45:00+07:00,35.3713,2.86,0.3540324350099048,True,True,True,True,True,True,True,True
2026-07-17 10:00:00+07:00,35.358,2.80667,0.35363322482169585,True,True,True,True,True,True,True,True
2026-07-17 10:15:00+07:00,34.9607,2.76667,0.34184587688601237,True,True,True,True,True,True,True,True
2026-07-17 10:30:00+07:00,35.0333,2.76667,0.34397995176300816,True,True,True,True,True,True,True,True
2026-07-17 10:45:00+07:00,35.4467,2.86,0.35630130742692445,True,True,True,True,True,True,True,True
2026-07-17 11:00:00+07:00,35.3727,2.89333,0.3540744746036127,True,True,True,True,True,True,True,True
2026-07-17 11:15:00+07:00,35.9593,2.96667,0.37198349786800683,True,True,True,True,True,True,True,True
2026-07-17 11:30:00+07:00,35.5693,2.88,0.3600111421839804,True,True,True,True,True,True,True,True
2026-07-17 11:45:00+07:00,35.6413,2.92667,0.3622017931370961,True,True,True,True,True,True,True,True
2026-07-17 12:00:00+07:00,36.1873,2.98,0.37910414200036496,True,True,True,True,True,True,True,True
2026-07-17 12:15:00+07:00,35.6867,2.89333,0.36358767833253103,True,True,True,True,True,True,True,True
2026-07-17 12:30:00+07:00,35.8993,2.94667,0.3701245804141811,True,True,True,True,True,True,True,True
2026-07-17 12:45:00+07:00,36.0,2.93333,0.37324799999999997,True,True,True,True,True,True,True,True
2026-07-17 13:00:00+07:00,35.3773,2.85333,0.3542126281288073,True,True,True,True,True,True,True,True
2026-07-17 13:15:00+07:00,35.5653,2.88667,0.3598896990322406,True,True,True,True,True,True,True,True
2026-07-17 13:30:00+07:00,35.8513,2.9,0.36864191339609365,True,True,True,True,True,True,True,True
2026-07-17 13:45:00+07:00,35.814,2.91333,0.36749249546515206,True,True,True,True,True,True,True,True
2026-07-17 14:00:00+07:00,35.8133,2.89333,0.367470947490709,True,True,True,True,True,True,True,True
2026-07-17 14:15:00+07:00,36.026,2.98667,0.3740572882046081,True,True,True,True,True,True,True,True
2026-07-17 14:30:00+07:00,35.3827,2.85333,0.3543748542033623,True,True,True,True,True,True,True,True
2026-07-17 14:45:00+07:00,35.4727,2.79333,0.3570859190243087,True,True,True,True,True,True,True,True
2026-07-17 15:00:00+07:00,35.4487,2.83333,0.3563616213198344,True,True,True,True,True,True,True,True
2026-07-17 15:15:00+07:00,35.6507,2.86,0.3624884489172468,True,True,True,True,True,True,True,True
2026-07-17 15:30:00+07:00,35.582,2.86,0.3603969052589441,True,True,True,True,True,True,True,True
2026-07-17 15:45:00+07:00,35.396,2.84,0.354774622233088,True,True,True,True,True,True,True,True
2026-07-17 16:00:00+07:00,35.3567,2.80667,0.353594220385082,True,True,True,True,True,True,True,True
2026-07-17 16:15:00+07:00,35.0253,2.77333,0.34374435780515433,True,True,True,True,True,True,True,True
2026-07-17 16:30:00+07:00,35.3927,2.84667,0.35467540364007183,True,True,True,True,True,True,True,True
2026-07-17 16:45:00+07:00,35.8487,2.92667,0.3685617155120584,True,True,True,True,True,True,True,True
2026-07-17 17:00:00+07:00,35.6547,2.88667,0.3626104759590346,True,True,True,True,True,True,True,True
2026-07-17 17:15:00+07:00,35.682,2.86667,0.36344404187654406,True,True,True,True,True,True,True,True
2026-07-17 17:30:00+07:00,35.4493,2.83333,0.3563797168148893,True,True,True,True,True,True,True,True
2026-07-17 17:45:00+07:00,27.9447,2.0,0.174577528883581,True,True,True,True,True,True,True,True
2026-07-20 06:45:00+07:00,19.376,2.72667,0.05819455671500801,True,True,True,True,True,True,True,True
2026-07-20 07:00:00+07:00,48.9153,7.2,0.9363196790686766,True,True,True,False,False,False,True,True
2026-07-20 07:15:00+07:00,43.2247,5.04,0.6460794837338657,True,True,True,False,False,False,True,True
2026-07-20 07:30:00+07:00,39.2633,3.70667,0.4842285391992011,True,True,True,False,False,False,True,True
2026-07-20 07:45:00+07:00,37.5567,3.24667,0.42379151985927405,True,True,True,True,True,True,True,True
2026-07-20 08:00:00+07:00,35.7727,2.92667,0.3662226056623967,True,True,True,True,True,True,True,True
2026-07-20 08:15:00+07:00,34.2207,2.66667,0.3205949329275499,True,True,True,True,True,True,True,True
2026-07-20 08:30:00+07:00,34.03,2.65333,0.31526505461599996,True,True,True,True,True,True,True,True
2026-07-20 08:45:00+07:00,34.2833,2.68667,0.32235754835298813,True,True,True,True,True,True,True,True
2026-07-20 09:00:00+07:00,34.348,2.70667,0.324186070017536,True,True,True,False,False,False,True,True
2026-07-20 09:15:00+07:00,34.254,2.66,0.3215317521525119,True,True,True,False,False,False,True,True
2026-07-20 09:30:00+07:00,34.064,2.65333,0.316210960433152,True,True,True,False,False,False,True,True
2026-07-20 09:45:00+07:00,34.1893,2.68,0.31971323441159166,True,True,True,True,True,True,True,True
2026-07-20 10:00:00+07:00,34.5547,2.68667,0.33007403895985854,True,True,True,True,True,True,True,True
2026-07-20 10:15:00+07:00,34.302,2.65333,0.32288533081286397,True,True,True,True,True,True,True,True
2026-07-20 10:30:00+07:00,34.4353,2.67333,0.3266642437157997,True,True,True,False,False,False,True,True
2026-07-20 10:45:00+07:00,34.4527,2.69333,0.32715967982952954,True,True,True,False,False,False,True,True
2026-07-20 11:00:00+07:00,34.6907,2.74,0.3339867031344372,True,True,True,False,False,False,True,True
2026-07-20 11:15:00+07:00,34.9413,2.78667,0.3412771127615039,True,True,True,False,False,False,True,True
2026-07-20 11:30:00+07:00,35.244,2.8,0.3502237264542719,True,True,True,True,True,True,True,True
2026-07-20 11:45:00+07:00,35.216,2.81333,0.3493896716615681,True,True,True,True,True,True,True,True
2026-07-20 12:00:00+07:00,35.5407,2.88667,0.3591434240688332,True,True,True,True,True,True,True,True
2026-07-20 12:15:00+07:00,35.6613,2.9,0.36281188044510704,True,True,True,True,True,True,True,True
2026-07-20 12:30:00+07:00,35.194,2.81333,0.34873527265107207,True,True,True,True,True,True,True,True
2026-07-20 12:45:00+07:00,35.1547,2.84,0.3475683125739546,True,True,True,True,True,True,True,True
2026-07-20 13:00:00+07:00,35.3487,2.86,0.3533542562117784,True,True,True,True,True,True,True,True
2026-07-20 13:15:00+07:00,35.5747,2.94667,0.36017513377134175,True,True,True,True,True,True,True,True
2026-07-20 13:30:00+07:00,35.87,2.89333,0.3692190640239999,True,True,True,True,True,True,True,True
2026-07-20 13:45:00+07:00,35.764,2.98,0.36595547218995206,True,True,True,True,True,True,True,True
2026-07-20 14:00:00+07:00,36.238,3.02667,0.38069980026617595,True,True,True,True,True,True,True,True
2026-07-20 14:15:00+07:00,36.6593,3.17333,0.3941327203450389,True,True,True,True,True,True,True,True
2026-07-20 14:30:00+07:00,36.432,3.09333,0.3868468161085441,True,True,True,True,True,True,True,True
2026-07-20 14:45:00+07:00,36.626,3.14667,0.3930596473790079,True,True,True,True,True,True,True,True
2026-07-20 15:00:00+07:00,37.2173,3.26,0.41240562161553385,True,True,True,True,True,True,True,True
2026-07-20 15:15:00+07:00,37.3473,3.27333,0.41674233207659833,True,True,True,True,True,True,True,True
2026-07-20 15:30:00+07:00,37.496,3.36667,0.42174001439948805,True,True,True,True,True,True,True,True
2026-07-20 15:45:00+07:00,37.862,3.4,0.434210819103424,True,True,True,True,True,True,True,True
2026-07-20 16:00:00+07:00,38.3553,3.53333,0.45140476475722696,True,True,True,True,True,True,True,True
2026-07-20 16:15:00+07:00,38.2493,3.48667,0.44767254599981715,True,True,True,True,True,True,True,True
2026-07-20 16:30:00+07:00,38.434,3.52,0.4541891386440319,True,True,True,True,True,True,True,True
2026-07-20 16:45:00+07:00,39.212,3.73333,0.4823329918090241,True,True,True,True,True,True,True,True
2026-07-20 17:00:00+07:00,39.2367,3.73333,0.48324504406155877,True,True,True,True,True,True,True,True
2026-07-20 17:15:00+07:00,38.906,3.62,0.47112888785132784,True,True,True,True,True,True,True,True
2026-07-20 17:30:00+07:00,38.8547,3.65333,0.4692677051755467,True,True,True,True,True,True,True,True
2026-07-20 17:45:00+07:00,30.704,2.58,0.23156603482931196,True,True,True,True,True,True,True,True
2026-07-21 07:15:00+07:00,45.156,6.92,0.7366079132513278,True,True,True,False,False,False,True,True
2026-07-21 07:30:00+07:00,44.8933,5.81111,0.723826665963058,True,True,True,False,False,False,True,True
2026-07-21 07:45:00+07:00,39.3433,3.71333,0.48719445905370984,True,True,True,False,False,False,True,True
2026-07-21 08:00:00+07:00,37.1847,3.15333,0.4113228469188993,True,True,True,True,True,True,True,True
2026-07-21 08:15:00+07:00,36.1013,3.07333,0.37640770961623365,True,True,True,True,True,True,True,True
2026-07-21 08:30:00+07:00,35.0653,2.8,0.3449234040631606,True,True,True,True,True,True,True,True
2026-07-21 08:45:00+07:00,35.1167,2.85333,0.3464424325821957,True,True,True,True,True,True,True,True
2026-07-21 09:00:00+07:00,35.042,2.8,0.34423628235270404,True,True,True,False,False,False,True,True
2026-07-21 09:15:00+07:00,34.9493,2.83333,0.34151157816900923,True,True,True,False,False,False,True,True
2026-07-21 09:30:00+07:00,35.804,2.94,0.3671847471877121,True,True,True,False,False,False,True,True
2026-07-21 09:45:00+07:00,36.042,3.00667,0.37455589268870404,True,True,True,True,True,True,True,True
2026-07-21 10:00:00+07:00,36.338,3.06667,0.3838601677317761,True,True,True,True,True,True,True,True
2026-07-21 10:15:00+07:00,36.4153,3.07333,0.3863150818416766,True,True,True,True,True,True,True,True
2026-07-21 10:30:00+07:00,36.72,3.16667,0.3960937635839999,True,True,True,True,True,True,True,True
2026-07-21 10:45:00+07:00,37.0993,3.14667,0.4084953647482933,True,True,True,True,True,True,True,True
2026-07-21 11:00:00+07:00,36.9653,3.20667,0.40408496569766467,True,True,True,True,True,True,True,True
2026-07-21 11:15:00+07:00,36.9953,3.19333,0.40506959641508933,True,True,True,True,True,True,True,True
2026-07-21 11:30:00+07:00,37.0767,3.26667,0.4077492828160613,True,True,True,True,True,True,True,True
2026-07-21 11:45:00+07:00,36.3873,3.06667,0.3854246450785571,True,True,True,True,True,True,True,True
2026-07-21 12:00:00+07:00,36.8993,3.19333,0.4019243973859411,True,True,True,True,True,True,True,True
2026-07-21 12:15:00+07:00,36.2887,3.02667,0.3822999297039847,True,True,True,True,True,True,True,True
2026-07-21 12:30:00+07:00,36.252,2.98,0.38114120348006403,True,True,True,True,True,True,True,True
2026-07-21 12:45:00+07:00,36.6707,3.10667,0.3945005269087618,True,True,True,True,True,True,True,True
2026-07-21 13:00:00+07:00,37.244,3.36,0.413293848182272,True,True,True,True,True,True,True,True
2026-07-21 13:15:00+07:00,37.796,3.39333,0.43194406187468803,True,True,True,True,True,True,True,True
2026-07-21 13:30:00+07:00,37.7727,3.46,0.43114571599631657,True,True,True,True,True,True,True,True
2026-07-21 13:45:00+07:00,37.098,3.24667,0.4084524238815359,True,True,True,True,True,True,True,True
2026-07-21 14:00:00+07:00,36.936,3.24,0.40312485115084806,True,True,True,True,True,True,True,True
2026-07-21 14:15:00+07:00,36.9127,3.16,0.402362433582811,True,True,True,True,True,True,True,True
2026-07-21 14:30:00+07:00,37.2687,3.24,0.4141166757251738,True,True,True,True,True,True,True,True
2026-07-21 14:45:00+07:00,37.2573,3.31333,0.4137367735943721,True,True,True,True,True,True,True,True
2026-07-21 15:00:00+07:00,37.5693,3.28667,0.42421819990350046,True,True,True,True,True,True,True,True
2026-07-21 15:15:00+07:00,37.5513,3.38,0.42360874460104553,True,True,True,True,True,True,True,True
2026-07-21 15:30:00+07:00,37.3887,3.34,0.4181297628910009,True,True,True,True,True,True,True,True
2026-07-21 15:45:00+07:00,37.5607,3.36,0.4239269428301882,True,True,True,True,True,True,True,True
2026-07-21 16:00:00+07:00,38.046,3.47333,0.44057210657068807,True,True,True,True,True,True,True,True
2026-07-21 16:15:00+07:00,38.158,3.45333,0.4444744467224961,True,True,True,True,True,True,True,True
2026-07-21 16:30:00+07:00,39.1133,3.69333,0.4786999301643971,True,True,True,True,True,True,True,True
2026-07-21 16:45:00+07:00,39.1907,3.7,0.48154740731535717,True,True,True,True,True,True,True,True
2026-07-21 17:00:00+07:00,38.7247,3.63333,0.4645732214041458,True,True,True,True,True,True,True,True
2026-07-21 17:15:00+07:00,38.2333,3.47333,0.4471109855337602,True,True,True,True,True,True,True,True
2026-07-21 17:30:00+07:00,37.928,3.36667,0.4364854928220158,True,True,True,True,True,True,True,True
2026-07-21 17:45:00+07:00,32.4113,2.61333,0.27238258621528716,True,True,True,True,True,True,True,True
2026-07-22 07:15:00+07:00,44.9313,3.56667,0.7256662746712584,True,True,True,False,False,False,True,True
2026-07-22 07:30:00+07:00,41.836,4.56,0.5857879718804481,True,True,True,False,False,False,True,True
2026-07-22 07:45:00+07:00,38.5587,3.45333,0.4586243792356561,True,True,True,False,False,False,True,True
2026-07-22 08:00:00+07:00,36.5947,3.02667,0.39205280064106507,True,True,True,True,True,True,True,True
2026-07-22 08:15:00+07:00,35.1367,2.76667,0.34703469742358284,True,True,True,True,True,True,True,True
2026-07-22 08:30:00+07:00,34.2133,2.66667,0.320386998298133,True,True,True,True,True,True,True,True
2026-07-22 08:45:00+07:00,34.8267,2.78,0.3379301659900014,True,True,True,True,True,True,True,True
2026-07-22 09:00:00+07:00,34.7413,2.76667,0.3354502990701921,True,True,True,False,False,False,True,True
2026-07-22 09:15:00+07:00,34.8713,2.76,0.3392301164456248,True,True,True,False,False,False,True,True
2026-07-22 09:30:00+07:00,34.8727,2.74,0.33927097594013267,True,True,True,False,False,False,True,True
2026-07-22 09:45:00+07:00,35.404,2.88,0.3550152289541121,True,True,True,True,True,True,True,True
2026-07-22 10:00:00+07:00,35.4253,2.88,0.35565637470201816,True,True,True,False,False,False,True,True
2026-07-22 10:15:00+07:00,35.4253,2.89333,0.35565637470201816,True,True,True,False,False,False,True,True
2026-07-22 10:30:00+07:00,35.5927,2.9,0.36072213205586384,True,True,True,False,False,False,True,True
2026-07-22 10:45:00+07:00,35.5473,2.88667,0.3593435428176705,True,True,True,False,False,False,True,True
2026-07-22 11:00:00+07:00,35.6613,2.93333,0.36281188044510704,True,True,True,True,True,True,True,True
2026-07-22 11:15:00+07:00,35.9047,2.94,0.3702916288015746,True,True,True,True,True,True,True,True
2026-07-22 11:30:00+07:00,35.968,2.98,0.37225355647385616,True,True,True,True,True,True,True,True
2026-07-22 11:45:00+07:00,36.2527,3.05333,0.3811632825924574,True,True,True,True,True,True,True,True
2026-07-22 12:00:00+07:00,36.124,2.98,0.37711819611699204,True,True,True,True,True,True,True,True
2026-07-22 12:15:00+07:00,36.074,2.95333,0.375554430505792,True,True,True,True,True,True,True,True
2026-07-22 12:30:00+07:00,37.0367,3.24667,0.4064310116337671,True,True,True,True,True,True,True,True
2026-07-22 12:45:00+07:00,36.5553,3.07333,0.3907878424397391,True,True,True,True,True,True,True,True
2026-07-22 13:00:00+07:00,36.324,3.0,0.38341666736179203,True,True,True,True,True,True,True,True
2026-07-22 13:15:00+07:00,35.868,2.94,0.369157307936256,True,True,True,True,True,True,True,True
2026-07-22 13:30:00+07:00,35.7807,2.95333,0.36646836033789565,True,True,True,True,True,True,True,True
2026-07-22 13:45:00+07:00,35.838,2.99333,0.3682317928037761,True,True,True,True,True,True,True,True
2026-07-22 14:00:00+07:00,36.3353,3.06,0.38377460891350373,True,True,True,True,True,True,True,True
2026-07-22 14:15:00+07:00,36.5847,3.04,0.3917314871640033,True,True,True,True,True,True,True,True
2026-07-22 14:30:00+07:00,36.1933,3.02,0.37929274424602594,True,True,True,True,True,True,True,True
2026-07-22 14:45:00+07:00,36.6787,3.06667,0.39475877336484316,True,True,True,True,True,True,True,True
2026-07-22 15:00:00+07:00,36.5647,3.10667,0.3910893869815602,True,True,True,True,True,True,True,True
2026-07-22 15:15:00+07:00,36.654,3.19333,0.3939618004341121,True,True,True,True,True,True,True,True
2026-07-22 15:30:00+07:00,37.336,3.3,0.4163641711124479,True,True,True,True,True,True,True,True
2026-07-22 15:45:00+07:00,38.7973,3.64667,0.46719103027629055,True,True,True,True,True,True,True,True
2026-07-22 16:00:00+07:00,38.4067,3.5,0.4532219826210301,True,True,True,True,True,True,True,True
2026-07-22 16:15:00+07:00,37.5707,3.30667,0.424265626468146,True,True,True,True,True,True,True,True
2026-07-22 16:30:00+07:00,37.7753,3.4,0.43123475300109426,True,True,True,True,True,True,True,True
2026-07-22 16:45:00+07:00,37.138,3.25333,0.40977506009657594,True,True,True,True,True,True,True,True
2026-07-22 17:00:00+07:00,36.366,3.1,0.38474819420716794,True,True,True,True,True,True,True,True
2026-07-22 17:15:00+07:00,35.5193,2.85333,0.35849506521899255,True,True,True,True,True,True,True,True
2026-07-22 17:30:00+07:00,34.736,2.70667,0.3352967974420478,True,True,True,True,True,True,True,True
2026-07-22 17:45:00+07:00,28.1347,2.08667,0.1781627275805514,True,True,True,True,True,True,True,True
2026-07-23 07:15:00+07:00,16.1767,2.5,0.0338656785264373,True,True,True,False,False,False,True,True
2026-07-23 07:30:00+07:00,45.6327,6.5,0.7601835802387021,True,True,True,False,False,False,True,True
2026-07-23 07:45:00+07:00,39.3133,3.68,0.48608082406946895,True,True,True,False,False,False,True,True
2026-07-23 08:00:00+07:00,37.2933,3.24667,0.4149372567511219,True,True,True,False,False,False,True,True
2026-07-23 08:15:00+07:00,35.6127,2.85333,0.361330557150563,True,True,True,False,False,False,True,True
2026-07-23 08:30:00+07:00,34.3833,2.64667,0.3251866115263243,True,True,True,False,False,False,True,True
2026-07-23 08:45:00+07:00,34.2573,2.64667,0.32162468935749217,True,True,True,True,True,True,True,True
2026-07-23 09:00:00+07:00,34.2233,2.64,0.3206680123933067,True,True,True,True,True,True,True,True
2026-07-23 09:15:00+07:00,34.3693,2.66667,0.3247895502402685,True,True,True,True,True,True,True,True
2026-07-23 09:30:00+07:00,34.3653,2.64,0.32467616355444856,True,True,True,True,True,True,True,True
2026-07-23 09:45:00+07:00,34.124,2.64,0.3178848180689921,True,True,True,True,True,True,True,True
2026-07-23 10:00:00+07:00,34.4873,2.70667,0.32814634533173287,True,True,True,True,True,True,True,True
2026-07-23 10:15:00+07:00,34.5833,2.67333,0.3308942978249963,True,True,True,True,True,True,True,True
2026-07-23 10:30:00+07:00,34.7187,2.70667,0.33479607086614555,True,True,True,True,True,True,True,True
2026-07-23 10:45:00+07:00,34.7373,2.80667,0.3353344444494729,True,True,True,True,True,True,True,True
2026-07-23 11:00:00+07:00,34.8053,2.76,0.337307603749959,True,True,True,True,True,True,True,True
2026-07-23 11:15:00+07:00,34.8953,2.79333,0.33993101897375344,True,True,True,True,True,True,True,True
2026-07-23 11:30:00+07:00,35.1453,2.81333,0.34728957869629346,True,True,True,True,True,True,True,True
2026-07-23 11:45:00+07:00,35.0487,2.78667,0.3444337731436104,True,True,True,True,True,True,True,True
2026-07-23 12:00:00+07:00,35.3973,2.83333,0.35481371342542667,True,True,True,True,True,True,True,True
2026-07-23 12:15:00+07:00,35.014,2.76667,0.343411764661952,True,True,True,True,True,True,True,True
2026-07-23 12:30:00+07:00,35.25,2.82667,0.35040262499999997,True,True,True,True,True,True,True,True
2026-07-23 12:45:00+07:00,35.438,2.90667,0.3560390211813761,True,True,True,True,True,True,True,True
2026-07-23 13:00:00+07:00,35.2433,2.86,0.3502028589245339,True,True,True,False,False,False,True,True
2026-07-23 13:15:00+07:00,35.1693,2.85333,0.3480015353120764,True,True,True,False,False,False,True,True
2026-07-23 13:30:00+07:00,35.64,2.90667,0.362162161152,True,True,True,False,False,False,True,True
2026-07-23 13:45:00+07:00,35.83,2.90667,0.36798525029600004,True,True,True,False,False,False,True,True
2026-07-23 14:00:00+07:00,35.542,2.90667,0.35918283552070407,True,True,True,True,True,True,True,True
2026-07-23 14:15:00+07:00,35.9627,2.98,0.372089022459399,True,True,True,True,True,True,True,True
2026-07-23 14:30:00+07:00,35.8947,2.94,0.369982319569153,True,True,True,True,True,True,True,True
2026-07-23 14:45:00+07:00,35.4987,2.88667,0.35787168163986244,True,True,True,True,True,True,True,True
2026-07-23 15:00:00+07:00,35.0827,2.81333,0.3454371295284743,True,True,True,False,False,False,True,True
2026-07-23 15:15:00+07:00,34.3773,2.68,0.32501640280184735,True,True,True,False,False,False,True,True
2026-07-23 15:30:00+07:00,34.22,2.63333,0.320575259584,True,True,True,False,False,False,True,True
2026-07-23 15:45:00+07:00,34.2533,2.65333,0.3215120405018676,True,True,True,True,True,True,True,True
2026-07-23 16:00:00+07:00,34.508,2.64667,0.3287375809960962,True,True,True,False,False,False,True,True
2026-07-23 16:15:00+07:00,34.3107,2.62667,0.32313107288996834,True,True,True,False,False,False,True,True
2026-07-23 16:30:00+07:00,34.672,2.68667,0.3334468882595839,True,True,True,False,False,False,True,True
2026-07-23 16:45:00+07:00,34.744,2.70667,0.3355285160222719,True,True,True,True,True,True,True,True
2026-07-23 17:00:00+07:00,35.0507,2.76667,0.3444927402541908,True,True,True,True,True,True,True,True
2026-07-23 17:15:00+07:00,35.204,2.80667,0.34903262535731205,True,True,True,True,True,True,True,True
2026-07-23 17:30:00+07:00,35.0273,2.78,0.34380324620637115,True,True,True,True,True,True,True,True
2026-07-23 17:45:00+07:00,27.9687,2.0,0.17502771730636554,True,True,True,True,True,True,True,True
2026-07-24 07:30:00+07:00,45.8733,0.866667,0.7722713733193507,True,True,True,False,False,False,True,True
2026-07-24 07:45:00+07:00,39.0907,3.70667,0.4778706187637812,True,True,True,False,False,False,True,True
2026-07-24 08:00:00+07:00,37.336,3.24,0.4163641711124479,True,True,True,False,False,False,True,True
2026-07-24 08:15:00+07:00,35.4367,2.76,0.355999840041191,True,True,True,False,False,False,True,True
2026-07-24 08:30:00+07:00,34.1633,2.61333,0.31898439021986513,True,True,True,False,False,False,True,True
2026-07-24 08:45:00+07:00,34.298,2.64667,0.32277238777273604,True,True,True,True,True,True,True,True
2026-07-24 09:00:00+07:00,34.26,2.64667,0.3217007422079999,True,True,True,True,True,True,True,True
2026-07-24 09:15:00+07:00,34.138,2.60667,0.3182762329285759,True,True,True,True,True,True,True,True
2026-07-24 09:30:00+07:00,34.4907,2.68667,0.32824340780728506,True,True,True,True,True,True,True,True
2026-07-24 09:45:00+07:00,34.2653,2.63333,0.3218500660006327,True,True,True,True,True,True,True,True
2026-07-24 10:00:00+07:00,34.102,2.58,0.317270386153664,True,True,True,False,False,False,True,True
2026-07-24 10:15:00+07:00,34.2273,2.62667,0.3207804640248033,True,True,True,False,False,False,True,True
2026-07-24 10:30:00+07:00,34.2253,2.60667,0.32072423492342617,True,True,True,False,False,False,True,True
2026-07-24 10:45:00+07:00,33.9853,2.6,0.31402433950402786,True,True,True,False,False,False,True,True
2026-07-24 11:00:00+07:00,34.4127,2.7,0.32602149330541114,True,True,True,False,False,False,True,True
2026-07-24 11:15:00+07:00,34.256,2.60667,0.32158807559372793,True,True,True,False,False,False,True,True
2026-07-24 11:30:00+07:00,34.2207,2.64,0.3205949329275499,True,True,True,False,False,False,True,True
2026-07-24 11:45:00+07:00,34.588,2.68,0.33102922548377606,True,True,True,True,True,True,True,True
2026-07-24 12:00:00+07:00,34.978,2.74,0.3423536064748161,True,True,True,True,True,True,True,True
2026-07-24 12:15:00+07:00,35.0173,2.74,0.3435088714450218,True,True,True,True,True,True,True,True
2026-07-24 12:30:00+07:00,34.8473,2.72667,0.3385301780391985,True,True,True,True,True,True,True,True
2026-07-24 12:45:00+07:00,34.58,2.7,0.330799583296,True,True,True,True,True,True,True,True
2026-07-24 13:00:00+07:00,34.212,2.60667,0.3203504785290241,True,True,True,True,True,True,True,True
2026-07-24 13:15:00+07:00,34.9093,2.77333,0.340340324282459,True,True,True,True,True,True,True,True
2026-07-24 13:30:00+07:00,34.576,2.65333,0.33068480203980805,True,True,True,True,True,True,True,True
2026-07-24 13:45:00+07:00,34.5167,2.64,0.3289862831581797,True,True,True,True,True,True,True,True
2026-07-24 14:00:00+07:00,34.954,2.79333,0.34164937666131207,True,True,True,True,True,True,True,True
2026-07-24 14:15:00+07:00,35.0927,2.76667,0.34573260473638384,True,True,True,True,True,True,True,True
2026-07-24 14:30:00+07:00,35.2233,2.85333,0.34960699390266675,True,True,True,True,True,True,True,True
2026-07-24 14:45:00+07:00,35.462,2.88,0.35676288184902416,True,True,True,True,True,True,True,True
2026-07-24 15:00:00+07:00,35.6053,2.93333,0.36110536019328704,True,True,True,True,True,True,True,True
2026-07-24 15:15:00+07:00,35.9033,2.90667,0.37024831513511147,True,True,True,True,True,True,True,True
2026-07-24 15:30:00+07:00,35.8807,2.96667,0.3695495760878715,True,True,True,True,True,True,True,True
2026-07-24 15:45:00+07:00,35.8647,2.93333,0.3690554254472482,True,True,True,True,True,True,True,True
2026-07-24 16:00:00+07:00,35.7293,2.92667,0.36489130112346213,True,True,True,True,True,True,True,True
2026-07-24 16:15:00+07:00,36.0407,3.00667,0.37451536454671325,True,True,True,True,True,True,True,True
2026-07-24 16:30:00+07:00,37.0773,3.18667,0.4077690785526394,True,True,True,True,True,True,True,True
2026-07-24 16:45:00+07:00,37.2033,3.24,0.4119403938508795,True,True,True,True,True,True,True,True
2026-07-24 17:00:00+07:00,37.0373,3.25333,0.406450764680681,True,True,True,True,True,True,True,True
2026-07-24 17:15:00+07:00,36.7567,3.07333,0.3972825850453862,True,True,True,True,True,True,True,True
2026-07-24 17:30:00+07:00,35.688,2.94,0.3636274142453761,True,True,True,True,True,True,True,True
2026-07-24 17:45:00+07:00,27.9807,2.06,0.1752531014557675,True,True,True,True,True,True,True,True
2026-07-27 06:45:00+07:00,13.0113,1.02667,0.01762187265082318,True,True,True,True,True,True,True,True
2026-07-27 07:00:00+07:00,48.4693,7.23333,0.9109409590268843,True,True,True,False,False,False,True,True
2026-07-27 07:15:00+07:00,43.4467,5.11333,0.6560853984778044,True,True,True,False,False,False,True,True
2026-07-27 07:30:00+07:00,39.655,3.75,0.49886593549100006,True,True,True,False,False,False,True,True
2026-07-27 07:45:00+07:00,38.0933,3.41333,0.4422173501570098,True,True,True,True,True,True,True,True
2026-07-27 08:00:00+07:00,36.5933,3.10667,0.3920078061809699,True,True,True,True,True,True,True,True
2026-07-27 08:15:00+07:00,35.7953,2.93333,0.3669171459868973,True,True,True,True,True,True,True,True
2026-07-27 08:30:00+07:00,35.572,2.91333,0.3600931317539841,True,True,True,True,True,True,True,True
2026-07-27 08:45:00+07:00,35.6907,2.86667,0.36370995193019706,True,True,True,True,True,True,True,True
2026-07-27 09:00:00+07:00,35.686,2.89333,0.36356628327084806,True,True,True,False,False,False,True,True
2026-07-27 09:15:00+07:00,36.09,3.02,0.37605436423200017,True,True,True,False,False,False,True,True
2026-07-27 09:30:00+07:00,36.3433,3.1,0.38402815350162994,True,True,True,False,False,False,True,True
2026-07-27 09:45:00+07:00,36.678,3.16,0.39473617230201596,True,True,True,True,True,True,True,True
2026-07-27 10:00:00+07:00,36.8233,3.16,0.3994460265896428,True,True,True,True,True,True,True,True
2026-07-27 10:15:00+07:00,36.618,3.08667,0.392802142568256,True,True,True,True,True,True,True,True
2026-07-27 10:30:00+07:00,36.3993,3.1,0.3858060931000611,True,True,True,True,True,True,True,True
2026-07-27 10:45:00+07:00,36.512,3.12667,0.389400814157824,True,True,True,True,True,True,True,True
2026-07-27 11:00:00+07:00,36.5773,3.08667,0.3914938282491594,True,True,True,True,True,True,True,True
2026-07-27 11:15:00+07:00,36.8687,3.24,0.40092529793614956,True,True,True,True,True,True,True,True
2026-07-27 11:30:00+07:00,36.8847,3.18,0.4014474960894515,True,True,True,True,True,True,True,True
2026-07-27 11:45:00+07:00,37.1233,3.22667,0.4092886599624506,True,True,True,True,True,True,True,True
2026-07-27 12:00:00+07:00,37.2673,3.21333,0.41407000855668163,True,True,True,True,True,True,True,True
2026-07-27 12:15:00+07:00,36.674,3.06,0.394607039920192,True,True,True,True,True,True,True,True
2026-07-27 12:30:00+07:00,36.4527,3.06667,0.38750658881944944,True,True,True,True,True,True,True,True
2026-07-27 12:45:00+07:00,36.6533,3.12667,0.3939392298011315,True,True,True,True,True,True,True,True
2026-07-27 13:00:00+07:00,36.508,3.06667,0.38927284806809603,True,True,True,True,True,True,True,True
2026-07-27 13:15:00+07:00,36.702,3.14,0.39551155824326384,True,True,True,True,True,True,True,True
2026-07-27 13:30:00+07:00,36.9713,3.19333,0.4042817640476008,True,True,True,True,True,True,True,True
2026-07-27 13:45:00+07:00,37.46,3.30667,0.42052643948799995,True,True,True,True,True,True,True,True
2026-07-27 14:00:00+07:00,37.9753,3.49333,0.43812055308152603,True,True,True,True,True,True,True,True
2026-07-27 14:15:00+07:00,37.7253,3.39333,0.42952465057098604,True,True,True,True,True,True,True,True
2026-07-27 14:30:00+07:00,36.978,3.12,0.404501597706816,True,True,True,True,True,True,True,True
2026-07-27 14:45:00+07:00,37.0027,3.26,0.40531271767367744,True,True,True,True,True,True,True,True
2026-07-27 15:00:00+07:00,36.592,3.16,0.3919660286935039,True,True,True,True,True,True,True,True
2026-07-27 15:15:00+07:00,36.966,3.13333,0.40410792221356795,True,True,True,True,True,True,True,True
2026-07-27 15:30:00+07:00,36.9779,3.23077,0.40449831602172903,True,True,True,True,True,True,True,True
2026-07-27 15:45:00+07:00,36.7907,3.18,0.3983860660135331,True,True,True,True,True,True,True,True
2026-07-27 16:00:00+07:00,36.0713,2.94,0.3754701104078968,True,True,True,True,True,True,True,True
2026-07-27 16:15:00+07:00,35.272,2.82667,0.35105910754918396,True,True,True,True,True,True,True,True
2026-07-27 16:30:00+07:00,35.0373,2.82,0.3440977890987611,True,True,True,True,True,True,True,True
2026-07-27 16:45:00+07:00,34.9067,2.72667,0.34026428561027017,True,True,True,True,True,True,True,True
2026-07-27 17:00:00+07:00,34.678,2.7,0.33362002747001596,True,True,True,True,True,True,True,True
2026-07-27 17:15:00+07:00,34.7713,2.72667,0.3363200594047686,True,True,True,True,True,True,True,True
2026-07-27 17:30:00+07:00,34.5107,2.62667,0.32881475100752033,True,True,True,True,True,True,True,True
2026-07-27 17:45:00+07:00,27.5347,1.93333,0.1670056000336554,True,True,True,True,True,True,True,True
2026-07-30 07:15:00+07:00,16.0913,2.74667,0.03333215419334798,True,True,True,False,False,False,True,True
2026-07-30 07:30:00+07:00,48.37,6.99333,0.9053536340239998,True,True,True,False,False,False,True,True
2026-07-30 07:45:00+07:00,41.6527,4.36,0.5781219543052416,True,True,True,False,False,False,True,True
2026-07-30 08:00:00+07:00,38.8527,3.63333,0.4691952438953535,True,True,True,False,False,False,True,True
2026-07-30 08:15:00+07:00,37.148,3.24,0.4101061646863361,True,True,True,False,False,False,True,True
2026-07-30 08:30:00+07:00,36.324,3.06,0.38341666736179203,True,True,True,False,False,False,True,True
2026-07-30 08:45:00+07:00,36.202,3.02667,0.379566328595264,True,True,True,True,True,True,True,True
2026-07-30 09:00:00+07:00,36.618,3.2,0.392802142568256,True,True,True,True,True,True,True,True
2026-07-30 09:15:00+07:00,36.7987,3.23333,0.39864600520459026,True,True,True,True,True,True,True,True
2026-07-30 09:30:00+07:00,37.0627,3.22,0.40728756415745504,True,True,True,True,True,True,True,True
2026-07-30 09:45:00+07:00,36.7836,3.17857,0.39815546464618445,True,True,True,True,True,True,True,True
2026-07-30 10:00:00+07:00,37.5264,3.42143,0.4227666274111981,True,True,True,True,True,True,True,True
2026-07-30 10:15:00+07:00,37.684,3.44667,0.42811552023603183,True,True,True,True,True,True,True,True
2026-07-30 10:30:00+07:00,37.6413,3.38,0.42666186669021594,True,True,True,True,True,True,True,True
2026-07-30 10:45:00+07:00,37.9367,3.42667,0.43678592745459094,True,True,True,True,True,True,True,True
2026-07-30 11:00:00+07:00,38.2713,3.55333,0.44844545911472866,True,True,True,True,True,True,True,True
2026-07-30 11:15:00+07:00,38.5175,3.575,0.45715582801787497,True,True,True,True,True,True,True,True
2026-08-03 13:00:00+07:00,36.8457,3.22857,0.40017543174992004,True,True,True,True,True,True,True,True
2026-08-03 13:15:00+07:00,37.3407,3.31333,0.41652143150120113,True,True,True,True,True,True,True,True
2026-08-03 13:30:00+07:00,38.0393,3.41333,0.4403393898604676,True,True,True,True,True,True,True,True
2026-08-03 13:45:00+07:00,38.132,3.42,0.443566501087744,True,True,True,True,True,True,True,True
2026-08-03 14:00:00+07:00,38.3007,3.52,0.4494797402024107,True,True,True,True,True,True,True,True
2026-08-03 14:15:00+07:00,38.0513,3.47333,0.44075625398132556,True,True,True,True,True,True,True,True
2026-08-03 14:30:00+07:00,37.7747,3.38,0.43121420491209395,True,True,True,True,True,True,True,True
2026-08-03 14:45:00+07:00,37.7967,3.38,0.4319680617511205,True,True,True,True,True,True,True,True
2026-08-03 15:00:00+07:00,37.8953,3.4,0.4353575050442334,True,True,True,True,True,True,True,True
2026-08-03 15:15:00+07:00,37.9707,3.42667,0.43796136194165003,True,True,True,True,True,True,True,True
2026-08-03 15:30:00+07:00,38.0913,3.50667,0.44214770103766776,True,True,True,True,True,True,True,True
2026-08-03 15:45:00+07:00,38.3567,3.50667,0.45145419649716206,True,True,True,True,True,True,True,True
2026-08-03 16:00:00+07:00,38.3213,3.54,0.45020538727715687,True,True,True,True,True,True,True,True
2026-08-03 16:15:00+07:00,38.6347,3.6,0.46134160249123135,True,True,True,True,True,True,True,True
2026-08-03 16:30:00+07:00,39.396,3.74667,0.48915486056908813,True,True,True,True,True,True,True,True
2026-08-03 16:45:00+07:00,39.646,3.8,0.49852634846508814,True,True,True,True,True,True,True,True
2026-08-03 17:00:00+07:00,39.394,3.73333,0.48908036619987183,True,True,True,True,True,True,True,True
2026-08-03 17:15:00+07:00,39.1127,3.73333,0.47867790065892285,True,True,True,True,True,True,True,True
2026-08-03 17:30:00+07:00,38.722,3.59333,0.464476053944384,True,True,True,True,True,True,True,True
2026-08-03 17:45:00+07:00,30.428,2.53333,0.225377319702016,True,True,True,True,True,True,True,True
2026-08-04 07:15:00+07:00,48.4667,6.94667,0.9107943722525518,True,True,True,False,False,False,True,True
2026-08-04 07:30:00+07:00,44.824,5.5,0.7204798104657919,True,True,True,False,False,False,True,True
2026-08-04 07:45:00+07:00,40.15,3.91333,0.5177816269999999,True,True,True,False,False,False,True,True
2026-08-04 08:00:00+07:00,38.002,3.33333,0.4390453156480641,True,True,True,True,True,True,True,True
2026-08-04 08:15:00+07:00,36.3973,3.08667,0.3857425009603865,True,True,True,True,True,True,True,True
2026-08-04 08:30:00+07:00,35.4093,2.86667,0.3551746908003388,True,True,True,True,True,True,True,True
2026-08-04 08:45:00+07:00,35.35,2.82667,0.35339324300000013,True,True,True,True,True,True,True,True
2026-08-04 09:00:00+07:00,35.5293,2.87333,0.35879793943470994,True,True,True,False,False,False,True,True
2026-08-04 09:15:00+07:00,36.2307,2.98667,0.3804697752587875,True,True,True,False,False,False,True,True
2026-08-04 09:30:00+07:00,36.2233,2.96,0.3802366938120268,True,True,True,False,False,False,True,True
2026-08-04 09:45:00+07:00,36.348,3.02,0.3841771630095359,True,True,True,True,True,True,True,True
2026-08-04 10:00:00+07:00,36.2953,3.02,0.38250855981197734,True,True,True,False,False,False,True,True
2026-08-04 10:15:00+07:00,36.382,3.05333,0.3852562522797439,True,True,True,False,False,False,True,True
2026-08-04 10:30:00+07:00,36.676,3.12,0.3946716025902081,True,True,True,False,False,False,True,True
2026-08-04 10:45:00+07:00,37.024,3.14667,0.406013055598592,True,True,True,True,True,True,True,True
2026-08-04 11:00:00+07:00,37.0627,3.23333,0.40728756415745504,True,True,True,False,False,False,True,True
2026-08-04 11:15:00+07:00,36.97,3.16667,0.4042391189839999,True,True,True,False,False,False,True,True
2026-08-04 11:30:00+07:00,36.868,3.2,0.40090246211225605,True,True,True,False,False,False,True,True
2026-08-04 11:45:00+07:00,36.8927,3.18,0.4017087651185119,True,True,True,True,True,True,True,True
2026-08-04 12:00:00+07:00,37.3553,3.24667,0.4170101950430671,True,True,True,True,True,True,True,True
2026-08-04 12:15:00+07:00,36.926,3.14,0.4027975154462081,True,True,True,True,True,True,True,True
2026-08-04 12:30:00+07:00,37.0967,3.14667,0.4084094860241685,True,True,True,True,True,True,True,True
2026-08-04 12:45:00+07:00,36.5873,3.16,0.39181501177274897,True,True,True,True,True,True,True,True
2026-08-04 13:00:00+07:00,36.776,3.13333,0.3979087223726081,True,True,True,True,True,True,True,True
2026-08-04 13:15:00+07:00,36.4473,3.04,0.3873344019351345,True,True,True,True,True,True,True,True
2026-08-04 13:30:00+07:00,36.7193,3.14667,0.39607111159470443,True,True,True,True,True,True,True,True
2026-08-04 13:45:00+07:00,37.4093,3.3,0.4188212728718589,True,True,True,True,True,True,True,True
2026-08-04 14:00:00+07:00,37.5547,3.33333,0.42372381919033847,True,True,True,True,True,True,True,True
2026-08-04 14:15:00+07:00,37.9427,3.42,0.4369932040554199,True,True,True,True,True,True,True,True
2026-08-04 14:30:00+07:00,37.7353,3.38,0.429866308702128,True,True,True,True,True,True,True,True
2026-08-04 14:45:00+07:00,37.6833,3.34667,0.42809166327041237,True,True,True,True,True,True,True,True
2026-08-04 15:00:00+07:00,37.1153,3.27333,0.40902411421438845,True,True,True,True,True,True,True,True
2026-08-04 15:15:00+07:00,37.535,3.34286,0.4230573528429999,True,True,True,True,True,True,True,True
2026-08-04 15:30:00+07:00,37.1953,3.26,0.41167470656912153,True,True,True,True,True,True,True,True
2026-08-04 15:45:00+07:00,37.3867,3.30667,0.4180626665656427,True,True,True,True,True,True,True,True
2026-08-04 16:00:00+07:00,37.5673,3.35333,0.42415045379956984,True,True,True,True,True,True,True,True
2026-08-04 16:15:00+07:00,37.4273,3.21333,0.4194261286870754,True,True,True,True,True,True,True,True
2026-08-04 16:30:00+07:00,37.2015,3.32308,0.4118806042488271,True,True,True,True,True,True,True,True
2026-08-04 16:45:00+07:00,37.58,3.28,0.4245807640959999,True,True,True,True,True,True,True,True
2026-08-04 17:00:00+07:00,37.296,3.29333,0.41502738648268805,True,True,True,True,True,True,True,True
2026-08-04 17:15:00+07:00,37.5193,3.26,0.42252671029851246,True,True,True,True,True,True,True,True
2026-08-04 17:30:00+07:00,36.9264,3.12857,0.4028106054709741,True,True,True,True,True,True,True,True
2026-08-04 17:45:00+07:00,28.9673,2.18667,0.19445272714611375,True,True,True,True,True,True,True,True
2026-08-05 07:15:00+07:00,47.9847,6.36,0.8838902408430273,True,True,True,False,False,False,True,True
2026-08-05 07:30:00+07:00,43.0007,4.83333,0.6360870637056829,True,True,True,False,False,False,True,True
2026-08-05 07:45:00+07:00,39.3087,3.60667,0.4859102169080761,True,True,True,False,False,False,True,True
2026-08-05 08:00:00+07:00,37.4153,3.19333,0.41902282681983666,True,True,True,True,True,True,True,True
2026-08-05 08:15:00+07:00,35.9633,2.94667,0.37210764651751305,True,True,True,True,True,True,True,True
2026-08-05 08:30:00+07:00,35.2893,2.82,0.35157591707412755,True,True,True,True,True,True,True,True
2026-08-05 08:45:00+07:00,34.982,2.77333,0.34247107211334404,True,True,True,True,True,True,True,True
2026-08-05 09:00:00+07:00,34.9543,2.76429,0.3416581735680482,True,True,True,False,False,False,True,True
2026-08-05 09:15:00+07:00,35.5347,2.85333,0.35896156241893545,True,True,True,False,False,False,True,True
2026-08-05 09:30:00+07:00,35.9013,2.94667,0.3701864443281215,True,True,True,False,False,False,True,True
2026-08-05 09:45:00+07:00,35.302,2.87333,0.351955631708864,True,True,True,True,True,True,True,True
2026-08-05 10:00:00+07:00,35.8133,2.90667,0.367470947490709,True,True,True,True,True,True,True,True
2026-08-05 10:15:00+07:00,36.1073,2.95333,0.3765954165655682,True,True,True,True,True,True,True,True
2026-08-05 10:30:00+07:00,36.11,2.93333,0.3766799050479999,True,True,True,True,True,True,True,True
2026-08-05 10:45:00+07:00,36.1293,2.95333,0.37728420926896616,True,True,True,True,True,True,True,True
2026-08-05 11:00:00+07:00,35.8453,2.96667,0.3684568589074055,True,True,True,False,False,False,True,True
2026-08-05 11:15:00+07:00,35.876,2.96,0.3694043736110079,True,True,True,False,False,False,True,True
2026-08-05 11:30:00+07:00,35.866,2.93333,0.3690955587351679,True,True,True,False,False,False,True,True
2026-08-05 11:45:00+07:00,35.77,2.90667,0.36613968826400006,True,True,True,True,True,True,True,True
2026-08-05 12:00:00+07:00,36.128,3.01333,0.377243484553216,True,True,True,True,True,True,True,True
2026-08-05 12:15:00+07:00,35.7153,2.87333,0.3644625373249646,True,True,True,True,True,True,True,True
2026-08-05 12:30:00+07:00,35.7913,2.86,0.3667941545955799,True,True,True,True,True,True,True,True
2026-08-05 12:45:00+07:00,35.86,2.86667,0.3689103524479999,True,True,True,True,True,True,True,True
2026-08-05 13:00:00+07:00,35.736,2.9,0.3650966141460479,True,True,True,True,True,True,True,True
2026-08-05 13:15:00+07:00,35.9693,2.9,0.3722939212798844,True,True,True,True,True,True,True,True
2026-08-05 13:30:00+07:00,35.782,2.89333,0.3665083058541439,True,True,True,True,True,True,True,True
2026-08-05 13:45:00+07:00,36.1387,2.98667,0.3775787675103009,True,True,True,True,True,True,True,True
2026-08-05 14:00:00+07:00,36.3273,2.94667,0.38352117594741936,True,True,True,True,True,True,True,True
2026-08-05 14:15:00+07:00,36.1453,2.95333,0.37778567658645335,True,True,True,True,True,True,True,True
2026-08-05 14:30:00+07:00,36.6593,3.05333,0.3941327203450389,True,True,True,True,True,True,True,True
2026-08-05 14:45:00+07:00,36.662,3.04667,0.394219811756224,True,True,True,True,True,True,True,True
2026-08-05 15:00:00+07:00,36.444,3.0,0.3872292017310721,True,True,True,True,True,True,True,True
2026-08-05 15:15:00+07:00,36.2567,2.98667,0.3812894653067062,True,True,True,True,True,True,True,True
2026-08-05 15:30:00+07:00,36.7433,3.08,0.39684824414057374,True,True,True,True,True,True,True,True
2026-08-05 15:45:00+07:00,36.7387,3.08,0.3966992150610369,True,True,True,True,True,True,True,True
2026-08-05 16:00:00+07:00,36.3007,3.02,0.3826793136188906,True,True,True,True,True,True,True,True
2026-08-05 16:15:00+07:00,36.508,3.06,0.38927284806809603,True,True,True,True,True,True,True,True
2026-08-05 16:30:00+07:00,36.766,3.1,0.39758421682476797,True,True,True,True,True,True,True,True
2026-08-05 16:45:00+07:00,37.818,3.43333,0.43269876885945585,True,True,True,True,True,True,True,True
2026-08-05 17:00:00+07:00,37.7413,3.40667,0.430071390519872,True,True,True,True,True,True,True,True
2026-08-05 17:15:00+07:00,35.95,2.95333,0.3716949590000001,True,True,True,True,True,True,True,True
2026-08-05 17:30:00+07:00,35.01,2.71333,0.3432940840079999,True,True,True,True,True,True,True,True
2026-08-05 17:45:00+07:00,28.1167,2.01333,0.1778209918086757,True,True,True,True,True,True,True,True
2026-08-06 07:15:00+07:00,12.986,1.68,0.017519277130048,True,True,True,False,False,False,True,True
2026-08-06 07:30:00+07:00,47.148,6.44,0.8384551016463361,True,True,True,False,False,False,True,True
2026-08-06 07:45:00+07:00,40.8613,4.08667,0.5457911957408192,True,True,True,False,False,False,True,True
2026-08-06 08:00:00+07:00,38.2813,3.38,0.4487970771507344,True,True,True,False,False,False,True,True
2026-08-06 08:15:00+07:00,37.1027,3.16,0.40860768585917345,True,True,True,False,False,False,True,True
2026-08-06 08:30:00+07:00,36.266,2.98,0.38158294775276796,True,True,True,False,False,False,True,True
2026-08-06 08:45:00+07:00,35.7267,2.90667,0.3648116481484253,True,True,True,True,True,True,True,True
2026-08-06 09:00:00+07:00,35.6967,2.92667,0.3638934137222644,True,True,True,True,True,True,True,True
2026-08-06 09:15:00+07:00,35.7287,2.92,0.3648729186387113,True,True,True,True,True,True,True,True
2026-08-06 09:30:00+07:00,35.8793,2.92,0.36950632030802616,True,True,True,True,True,True,True,True
2026-08-06 09:45:00+07:00,35.8653,2.88667,0.3690739481416886,True,True,True,True,True,True,True,True
2026-08-06 10:00:00+07:00,35.7547,2.94,0.3656700594040506,True,True,True,True,True,True,True,True
2026-08-06 10:15:00+07:00,35.7713,2.91333,0.3661796098933286,True,True,True,True,True,True,True,True
2026-08-06 10:30:00+07:00,35.8613,2.92,0.3689504752180192,True,True,True,True,True,True,True,True
2026-08-06 10:45:00+07:00,36.1633,2.97333,0.37835035823058505,True,True,True,True,True,True,True,True
2026-08-06 11:00:00+07:00,36.298,3.00667,0.3825939303647361,True,True,True,True,True,True,True,True
2026-08-06 11:15:00+07:00,35.8913,2.94667,0.3698771936812361,True,True,True,True,True,True,True,True
2026-08-06 11:30:00+07:00,35.952,2.96,0.37175699777126403,True,True,True,True,True,True,True,True
2026-08-06 11:45:00+07:00,36.032,2.96667,0.3742442129981439,True,True,True,True,True,True,True,True
2026-08-06 12:00:00+07:00,36.2113,2.95333,0.3798589262766152,True,True,True,True,True,True,True,True
2026-08-06 12:15:00+07:00,36.1487,2.92667,0.37789229560422644,True,True,True,True,True,True,True,True
2026-08-06 12:30:00+07:00,35.538,2.89333,0.3590615787269759,True,True,True,True,True,True,True,True
2026-08-06 12:45:00+07:00,35.6507,2.83333,0.3624884489172468,True,True,True,True,True,True,True,True
2026-08-06 13:00:00+07:00,35.47,2.86667,0.357004386584,True,True,True,True,True,True,True,True
2026-08-06 13:15:00+07:00,35.6533,2.88667,0.3625677633797715,True,True,True,True,True,True,True,True
2026-08-06 13:30:00+07:00,35.5727,2.84667,0.36011439034100456,True,True,True,True,True,True,True,True
2026-08-06 13:45:00+07:00,35.7167,2.89333,0.36450539858221176,True,True,True,True,True,True,True,True
2026-08-06 14:00:00+07:00,36.2021,2.97857,0.3795694740074822,True,True,True,True,True,True,True,True
2026-08-06 14:15:00+07:00,36.0987,2.98,0.3763263893121984,True,True,True,True,True,True,True,True
2026-08-06 14:30:00+07:00,36.498,3.04667,0.3889530555039359,True,True,True,True,True,True,True,True
2026-08-06 14:45:00+07:00,36.356,3.02,0.384430884848128,True,True,True,True,True,True,True,True
2026-08-06 15:00:00+07:00,36.5653,3.06,0.3911086397704006,True,True,True,True,True,True,True,True
2026-08-06 15:15:00+07:00,36.3233,3.01333,0.3833945013149628,True,True,True,True,True,True,True,True
2026-08-06 15:30:00+07:00,36.7347,3.18667,0.3965696548887273,True,True,True,True,True,True,True,True
2026-08-06 15:45:00+07:00,37.196,3.24667,0.41169794964428785,True,True,True,True,True,True,True,True
2026-08-06 16:00:00+07:00,36.7133,3.04,0.3958769871115331,True,True,True,True,True,True,True,True
2026-08-06 16:15:00+07:00,36.404,2.99333,0.3859555621381121,True,True,True,True,True,True,True,True
2026-08-06 16:30:00+07:00,36.42,2.99333,0.38646468230400005,True,True,True,True,True,True,True,True
2026-08-06 16:45:00+07:00,36.2513,2.96,0.38111912522031766,True,True,True,True,True,True,True,True
2026-08-06 17:00:00+07:00,35.712,2.9,0.3643615205130242,True,True,True,True,True,True,True,True
2026-08-06 17:15:00+07:00,35.4813,2.85333,0.35734569768356633,True,True,True,True,True,True,True,True
2026-08-06 17:30:00+07:00,35.6093,2.82667,0.3612270766554908,True,True,True,True,True,True,True,True
2026-08-06 17:45:00+07:00,28.3587,2.04,0.18245213176274397,True,True,True,True,True,True,True,True
2026-08-07 07:15:00+07:00,16.0667,2.69333,0.03317951554768771,True,True,True,False,False,False,True,True
2026-08-07 07:30:00+07:00,45.508,5.91333,0.7539685578920962,True,True,True,False,False,False,True,True
2026-08-07 07:45:00+07:00,39.7733,3.71333,0.5033439639682548,True,True,True,False,False,False,True,True
2026-08-07 08:00:00+07:00,37.4987,3.17333,0.4218311265209825,True,True,True,False,False,False,True,True
2026-08-07 08:15:00+07:00,36.2767,2.90667,0.3819207966165733,True,True,True,False,False,False,True,True
2026-08-07 08:30:00+07:00,35.264,2.81333,0.35082029183795205,True,True,True,False,False,False,True,True
2026-08-07 08:45:00+07:00,35.3047,2.78667,0.3520363936674784,True,True,True,True,True,True,True,True
2026-08-07 09:00:00+07:00,35.38,2.8,0.35429373497600003,True,True,True,True,True,True,True,True
2026-08-07 09:15:00+07:00,35.1033,2.8,0.34604599236602346,True,True,True,True,True,True,True,True
2026-08-07 09:30:00+07:00,35.4047,2.84667,0.3550362872164946,True,True,True,True,True,True,True,True
2026-08-07 09:45:00+07:00,35.6633,2.88667,0.362872926827905,True,True,True,True,True,True,True,True
2026-08-07 10:00:00+07:00,35.7627,2.92,0.36591556685320714,True,True,True,True,True,True,True,True
2026-08-07 10:15:00+07:00,35.6773,2.89333,0.36330044325489536,True,True,True,True,True,True,True,True
2026-08-07 10:30:00+07:00,35.6887,2.87333,0.3636488117052487,True,True,True,True,True,True,True,True
2026-08-07 10:45:00+07:00,35.8707,2.88,0.36924068028175394,True,True,True,True,True,True,True,True
2026-08-07 11:00:00+07:00,35.3854,2.86154,0.35445598581183874,True,True,True,True,True,True,True,True
2026-08-07 11:15:00+07:00,35.7493,2.91333,0.3655044039704173,True,True,True,True,True,True,True,True
2026-08-07 11:30:00+07:00,35.504,2.85333,0.3580319976325119,True,True,True,True,True,True,True,True
2026-08-07 11:45:00+07:00,35.322,2.83333,0.3525541616499841,True,True,True,True,True,True,True,True
2026-08-07 12:00:00+07:00,35.2147,2.76667,0.34935097989024416,True,True,True,True,True,True,True,True
2026-08-07 12:15:00+07:00,35.7813,2.88667,0.36648679636933434,True,True,True,True,True,True,True,True
2026-08-07 12:30:00+07:00,35.586,2.8,0.36051846248044805,True,True,True,True,True,True,True,True
2026-08-07 12:45:00+07:00,35.104,2.74,0.3460666944389121,True,True,True,True,True,True,True,True
2026-08-07 13:00:00+07:00,34.888,2.73333,0.3397177257205759,True,True,True,True,True,True,True,True
2026-08-07 13:15:00+07:00,34.9147,2.75333,0.3404982869503963,True,True,True,True,True,True,True,True
2026-08-07 13:30:00+07:00,35.2227,2.78,0.3495891284025687,True,True,True,True,True,True,True,True
2026-08-07 13:45:00+07:00,35.5373,2.82667,0.3590403615942409,True,True,True,True,True,True,True,True
2026-08-07 14:00:00+07:00,35.2847,2.81333,0.35143845004439545,True,True,True,False,False,False,True,True
2026-08-07 14:15:00+07:00,35.4933,2.85333,0.3577083900438739,True,True,True,False,False,False,True,True
2026-08-07 14:30:00+07:00,35.7713,2.91333,0.3661796098933286,True,True,True,False,False,False,True,True
2026-08-07 14:45:00+07:00,36.136,2.94,0.377494144667648,True,True,True,True,True,True,True,True
2026-08-07 15:00:00+07:00,35.6893,2.86667,0.3636671530532317,True,True,True,True,True,True,True,True
2026-08-07 15:15:00+07:00,35.8307,2.92,0.3680068183708835,True,True,True,True,True,True,True,True
2026-08-07 15:30:00+07:00,35.9293,2.9,0.37105326306821396,True,True,True,True,True,True,True,True
2026-08-07 15:45:00+07:00,35.82,2.90667,0.36767722694400007,True,True,True,True,True,True,True,True
2026-08-07 16:00:00+07:00,36.0313,2.97333,0.37422240189747435,True,True,True,True,True,True,True,True
2026-08-07 16:15:00+07:00,36.0667,2.96,0.3753264830148876,True,True,True,True,True,True,True,True
2026-08-07 16:30:00+07:00,36.474,3.02,0.38818626803539186,True,True,True,True,True,True,True,True
2026-08-07 16:45:00+07:00,35.942,2.91333,0.37144687293510403,True,True,True,True,True,True,True,True
2026-08-07 17:00:00+07:00,36.1387,2.94667,0.3775787675103009,True,True,True,True,True,True,True,True
2026-08-07 17:15:00+07:00,35.8127,2.85333,0.367452478468755,True,True,True,True,True,True,True,True
2026-08-07 17:30:00+07:00,35.5647,2.84,0.35987148491540033,True,True,True,True,True,True,True,True
2026-08-07 17:45:00+07:00,28.354,2.07333,0.18236143124691204,True,True,True,True,True,True,True,True
2026-08-10 06:45:00+07:00,19.3407,2.4,0.05787707205752114,True,True,True,True,True,True,True,True
2026-08-10 07:00:00+07:00,48.4207,7.0,0.9082035136129416,True,True,True,False,False,False,True,True
2026-08-10 07:15:00+07:00,42.1793,4.50667,0.6003272965917139,True,True,True,False,False,False,True,True
2026-08-10 07:30:00+07:00,39.2133,3.55333,0.4823809659249329,True,True,True,False,False,False,True,True
2026-08-10 07:45:00+07:00,36.8567,3.18667,0.400533946641122,True,True,True,True,True,True,True,True
2026-08-10 08:00:00+07:00,35.602,2.87333,0.36100496469766385,True,True,True,True,True,True,True,True
2026-08-10 08:15:00+07:00,34.688,2.71333,0.33390872598937604,True,True,True,True,True,True,True,True
2026-08-10 08:30:00+07:00,34.5827,2.71333,0.3308770756569944,True,True,True,True,True,True,True,True
2026-08-10 08:45:00+07:00,35.412,2.78,0.355255944436224,True,True,True,True,True,True,True,True
2026-08-10 09:00:00+07:00,35.572,2.88,0.3600931317539841,True,True,True,False,False,False,True,True
2026-08-10 09:15:00+07:00,35.2933,2.86667,0.3516954827564019,True,True,True,False,False,False,True,True
2026-08-10 09:30:00+07:00,35.564,2.91333,0.35985023588915205,True,True,True,False,False,False,True,True
2026-08-10 09:45:00+07:00,35.848,2.89333,0.3685401257615359,True,True,True,True,True,True,True,True
2026-08-10 10:00:00+07:00,35.923,2.94444,0.370858111003736,True,True,True,True,True,True,True,True
2026-08-10 10:15:00+07:00,35.9807,2.97333,0.3726480145738475,True,True,True,True,True,True,True,True
2026-08-10 10:30:00+07:00,36.462,3.07333,0.3878032525050242,True,True,True,True,True,True,True,True
2026-08-10 10:45:00+07:00,36.4353,3.05333,0.38695194704811975,True,True,True,True,True,True,True,True
2026-08-10 11:00:00+07:00,36.4233,3.09333,0.3865697440018986,True,True,True,True,True,True,True,True
2026-08-10 11:15:00+07:00,36.7833,3.13333,0.39814572288638816,True,True,True,True,True,True,True,True
2026-08-10 11:30:00+07:00,36.618,2.96667,0.392802142568256,True,True,True,True,True,True,True,True
2026-08-10 11:45:00+07:00,36.9893,3.17333,0.40487254245731974,True,True,True,True,True,True,True,True
2026-08-10 12:00:00+07:00,36.9907,3.16667,0.4049185159966851,True,True,True,True,True,True,True,True
2026-08-10 12:15:00+07:00,36.1853,2.96,0.37904128848157975,True,True,True,True,True,True,True,True
2026-08-10 12:30:00+07:00,35.8287,2.88667,0.36794519753556715,True,True,True,True,True,True,True,True
2026-08-10 12:45:00+07:00,35.5247,2.86,0.3586585961172339,True,True,True,True,True,True,True,True
2026-08-10 13:00:00+07:00,35.7833,2.84,0.3665482542730282,True,True,True,True,True,True,True,True
2026-08-10 13:15:00+07:00,36.2413,3.01333,0.3808038145950321,True,True,True,True,True,True,True,True
2026-08-10 13:30:00+07:00,37.428,3.3,0.41944966261401584,True,True,True,True,True,True,True,True
2026-08-10 13:45:00+07:00,38.0533,3.42,0.44082575690303555,True,True,True,True,True,True,True,True
2026-08-10 14:00:00+07:00,38.2927,3.52,0.44919814585305595,True,True,True,True,True,True,True,True
2026-08-10 14:15:00+07:00,37.932,3.41333,0.4366236065725442,True,True,True,True,True,True,True,True
2026-08-10 14:30:00+07:00,38.204,3.49333,0.446083845709312,True,True,True,True,True,True,True,True
2026-08-10 14:45:00+07:00,38.6347,3.56,0.46134160249123135,True,True,True,True,True,True,True,True
2026-08-10 15:00:00+07:00,38.6267,3.56,0.4610550749415692,True,True,True,True,True,True,True,True
2026-08-10 15:15:00+07:00,38.3027,3.48667,0.44955015717312546,True,True,True,True,True,True,True,True
2026-08-10 15:30:00+07:00,38.0973,3.38,0.44235667033781834,True,True,True,True,True,True,True,True
2026-08-10 15:45:00+07:00,37.2813,3.21333,0.41453683803817437,True,True,True,True,True,True,True,True
2026-08-10 16:00:00+07:00,37.1427,3.22,0.4099306570482517,True,True,True,True,True,True,True,True
2026-08-10 16:15:00+07:00,36.6473,3.06,0.3937458025941265,True,True,True,True,True,True,True,True
2026-08-10 16:30:00+07:00,35.8653,2.9,0.3690739481416886,True,True,True,True,True,True,True,True
2026-08-10 16:45:00+07:00,36.0447,2.97333,0.3746400758642769,True,True,True,True,True,True,True,True
2026-08-10 17:00:00+07:00,36.5447,2.99333,0.3904479888413569,True,True,True,True,True,True,True,True
2026-08-10 17:15:00+07:00,36.042,2.92667,0.37455589268870404,True,True,True,True,True,True,True,True
2026-08-10 17:30:00+07:00,35.4473,2.83333,0.3563194008801745,True,True,True,True,True,True,True,True
2026-08-10 17:45:00+07:00,30.6,2.22667,0.229220928,True,True,True,True,True,True,True,True
2026-08-11 07:15:00+07:00,48.0733,5.89333,0.8887953895199429,True,True,True,False,False,False,True,True
2026-08-11 07:30:00+07:00,42.6387,4.66667,0.6201572887899409,True,True,True,False,False,False,True,True
2026-08-11 07:45:00+07:00,38.7373,3.51333,0.4650268487333128,True,True,True,False,False,False,True,True
2026-08-11 08:00:00+07:00,36.9413,3.08,0.40329841095462393,True,True,True,True,True,True,True,True
2026-08-11 08:15:00+07:00,35.6247,2.81333,0.36169594038944974,True,True,True,True,True,True,True,True
2026-08-11 08:30:00+07:00,35.0287,2.76,0.34384447208871927,True,True,True,True,True,True,True,True
2026-08-11 08:45:00+07:00,35.2247,2.78667,0.3496486824365857,True,True,True,False,False,False,True,True
2026-08-11 09:00:00+07:00,34.72,2.72667,0.334833680384,True,True,True,False,False,False,True,True
2026-08-11 09:15:00+07:00,35.34,2.70667,0.35309341843200015,True,True,True,False,False,False,True,True
2026-08-11 09:30:00+07:00,35.234,2.88,0.3499256975432321,True,True,True,False,False,False,True,True
2026-08-11 09:45:00+07:00,35.6627,2.88667,0.36285461219411114,True,True,True,True,True,True,True,True
2026-08-11 10:00:00+07:00,35.7973,2.88667,0.3669786519914105,True,True,True,True,True,True,True,True
2026-08-11 10:15:00+07:00,35.6693,2.87333,0.3630561070619564,True,True,True,True,True,True,True,True
2026-08-11 10:30:00+07:00,35.8393,2.92,0.3682718663593957,True,True,True,True,True,True,True,True
2026-08-11 10:45:00+07:00,36.2,2.99333,0.37950342400000014,True,True,True,True,True,True,True,True
2026-08-11 11:00:00+07:00,36.44,3.02667,0.387101711872,True,True,True,True,True,True,True,True
2026-08-11 11:15:00+07:00,36.706,3.10667,0.39564088787052815,True,True,True,True,True,True,True,True
2026-08-11 11:30:00+07:00,36.9573,3.14667,0.4038226672586841,True,True,True,True,True,True,True,True
2026-08-11 11:45:00+07:00,36.8973,3.12,0.40185904612786655,True,True,True,True,True,True,True,True
2026-08-11 12:00:00+07:00,37.1127,3.18,0.408938161397003,True,True,True,True,True,True,True,True
2026-08-11 12:15:00+07:00,37.0613,3.19333,0.4072414114714913,True,True,True,True,True,True,True,True
2026-08-11 12:30:00+07:00,37.252,3.2,0.4135602315760641,True,True,True,True,True,True,True,True
2026-08-11 12:45:00+07:00,37.1427,3.19333,0.4099306570482517,True,True,True,True,True,True,True,True
2026-08-11 13:00:00+07:00,36.748,3.09333,0.3970005515279359,True,True,True,True,True,True,True,True
2026-08-11 13:15:00+07:00,36.722,3.12667,0.396158488312384,True,True,True,True,True,True,True,True
2026-08-11 13:30:00+07:00,36.6913,3.08,0.39516574003048394,True,True,True,True,True,True,True,True
2026-08-11 13:45:00+07:00,36.678,3.06667,0.39473617230201596,True,True,True,True,True,True,True,True
2026-08-11 14:00:00+07:00,36.9267,3.18,0.40282042317565714,True,True,True,True,True,True,True,True
2026-08-11 14:15:00+07:00,36.9267,3.16667,0.40282042317565714,True,True,True,True,True,True,True,True
2026-08-11 14:30:00+07:00,36.8513,3.14,0.4003579216766537,True,True,True,True,True,True,True,True
2026-08-11 14:45:00+07:00,37.292,3.24,0.4148938656087041,True,True,True,True,True,True,True,True
2026-08-11 15:00:00+07:00,37.4267,3.32667,0.41940595745033715,True,True,True,True,True,True,True,True
2026-08-11 15:15:00+07:00,37.87,3.40667,0.43448611522399994,True,True,True,True,True,True,True,True
2026-08-11 15:30:00+07:00,37.992,3.43333,0.43869881036390396,True,True,True,True,True,True,True,True
2026-08-11 15:45:00+07:00,37.8853,3.42667,0.4350129430820518,True,True,True,True,True,True,True,True
2026-08-11 16:00:00+07:00,37.452,3.40667,0.42025707271526386,True,True,True,True,True,True,True,True
2026-08-11 16:15:00+07:00,38.758,3.61333,0.4657727345240961,True,True,True,True,True,True,True,True
2026-08-11 16:30:00+07:00,39.6767,3.82667,0.4996853516363972,True,True,True,True,True,True,True,True
2026-08-11 16:45:00+07:00,39.6873,3.84667,0.5000859454287251,True,True,True,True,True,True,True,True
2026-08-11 17:00:00+07:00,40.664,4.08,0.537923202199552,True,True,True,True,True,True,True,True
2026-08-11 17:15:00+07:00,39.046,3.66667,0.4762331653546879,True,True,True,True,True,True,True,True
2026-08-11 17:30:00+07:00,37.6527,3.27333,0.42704963904540166,True,True,True,True,True,True,True,True
2026-08-11 17:45:00+07:00,31.9707,2.44,0.26142458231909,True,True,True,True,True,True,True,True
2026-08-13 07:15:00+07:00,12.944,0.46,0.017349841027072,True,True,True,False,False,False,True,True
2026-08-13 07:30:00+07:00,47.2913,6.6,0.8461234757660199,True,True,True,False,False,False,True,True
2026-08-13 07:45:00+07:00,41.1567,4.22,0.5577140975937702,True,True,True,False,False,False,True,True
2026-08-13 08:00:00+07:00,38.5453,3.40667,0.4581463990748374,True,True,True,False,False,False,True,True
2026-08-13 08:15:00+07:00,37.172,3.20667,0.410901543299584,True,True,True,False,False,False,True,True
2026-08-13 08:30:00+07:00,36.1253,3.03333,0.37715891181553035,True,True,True,False,False,False,True,True
2026-08-13 08:45:00+07:00,36.3553,3.00667,0.3844086797289071,True,True,True,False,False,False,True,True
2026-08-13 09:00:00+07:00,35.8273,2.9,0.36790206704393935,True,True,True,False,False,False,True,True
2026-08-13 09:15:00+07:00,36.18,2.98667,0.37887476025600003,True,True,True,False,False,False,True,True
2026-08-13 09:30:00+07:00,36.196,3.00667,0.37937763566028804,True,True,True,False,False,False,True,True
2026-08-13 09:45:00+07:00,36.3793,3.02,0.3851704861299062,True,True,True,True,True,True,True,True
2026-08-13 10:00:00+07:00,37.0167,3.12,0.4057729428915798,True,True,True,True,True,True,True,True
2026-08-13 10:15:00+07:00,37.4113,3.22,0.4188884503380871,True,True,True,True,True,True,True,True
2026-08-13 10:30:00+07:00,37.312,3.18,0.41556175644262383,True,True,True,True,True,True,True,True
2026-08-13 10:45:00+07:00,36.91,3.16667,0.40227414696799996,True,True,True,True,True,True,True,True
2026-08-13 11:00:00+07:00,37.5393,3.26667,0.4232027655265876,True,True,True,True,True,True,True,True
2026-08-13 11:15:00+07:00,37.398,3.26,0.4184418551103361,True,True,True,True,True,True,True,True
2026-08-13 11:30:00+07:00,37.442,3.28667,0.4199205260391039,True,True,True,True,True,True,True,True
2026-08-13 11:45:00+07:00,37.338,3.26,0.416431085587776,True,True,True,True,True,True,True,True
2026-08-13 12:00:00+07:00,37.56,3.29333,0.42390324172800015,True,True,True,True,True,True,True,True
2026-08-13 12:15:00+07:00,37.4893,3.27333,0.42151397803119955,True,True,True,True,True,True,True,True
2026-08-13 12:30:00+07:00,36.6987,3.08667,0.39540488252053446,True,True,True,True,True,True,True,True
2026-08-13 12:45:00+07:00,37.0693,3.18667,0.40750518807362046,True,True,True,True,True,True,True,True
2026-08-13 13:00:00+07:00,37.51,3.30714,0.422212590008,True,True,True,True,True,True,True,True
2026-08-13 13:15:00+07:00,37.5587,3.30667,0.423859227739096,True,True,True,True,True,True,True,True
2026-08-13 13:30:00+07:00,38.1067,3.42,0.44268418793782205,True,True,True,True,True,True,True,True
2026-08-13 13:45:00+07:00,38.1647,3.48667,0.4447086179354162,True,True,True,True,True,True,True,True
2026-08-13 14:00:00+07:00,38.5093,3.53333,0.45686391812319493,True,True,True,True,True,True,True,True
2026-08-13 14:15:00+07:00,38.088,3.46,0.44203279597977596,True,True,True,True,True,True,True,True
2026-08-13 14:30:00+07:00,38.3207,3.49333,0.45018424089096604,True,True,True,True,True,True,True,True
2026-08-13 14:45:00+07:00,37.9513,3.42,0.4372904148572697,True,True,True,True,True,True,True,True
2026-08-13 15:00:00+07:00,37.3893,3.34,0.41814989318842355,True,True,True,True,True,True,True,True
2026-08-13 15:15:00+07:00,37.6967,3.33333,0.4285485076849845,True,True,True,True,True,True,True,True
2026-08-13 15:30:00+07:00,37.8467,3.39333,0.4336846391901885,True,True,True,True,True,True,True,True
2026-08-13 15:45:00+07:00,37.9233,3.36667,0.43632324638593867,True,True,True,True,True,True,True,True
2026-08-13 16:00:00+07:00,38.4667,3.55333,0.45534941011895186,True,True,True,True,True,True,True,True
2026-08-13 16:15:00+07:00,38.37,3.52,0.451923978024,True,True,True,True,True,True,True,True
2026-08-13 16:30:00+07:00,38.3633,3.53333,0.4516872804503771,True,True,True,True,True,True,True,True
2026-08-13 16:45:00+07:00,38.3893,3.49333,0.4526062704961836,True,True,True,True,True,True,True,True
2026-08-13 17:00:00+07:00,38.1327,3.5,0.44359092956650215,True,True,True,True,True,True,True,True
2026-08-13 17:15:00+07:00,38.0487,3.40667,0.4406659111052903,True,True,True,True,True,True,True,True
2026-08-13 17:30:00+07:00,38.0853,3.46,0.4419387975592836,True,True,True,True,True,True,True,True
2026-08-13 17:45:00+07:00,30.446,2.46667,0.22577752925228803,True,True,True,True,True,True,True,True
2026-08-14 07:15:00+07:00,16.184,2.46667,0.033911546540032006,True,True,True,False,False,False,True,True
2026-08-14 07:30:00+07:00,47.3721,6.52143,0.8504678468494752,True,True,True,False,False,False,True,True
2026-08-14 07:45:00+07:00,41.36,4.15333,0.5660197396479999,True,True,True,False,False,False,True,True
2026-08-14 08:00:00+07:00,38.506,3.45333,0.45674647726572803,True,True,True,False,False,False,True,True
2026-08-14 08:15:00+07:00,37.4793,3.27333,0.4211767605700422,True,True,True,False,False,False,True,True
2026-08-14 08:30:00+07:00,36.2547,3.00667,0.3812263704691306,True,True,True,False,False,False,True,True
2026-08-14 08:45:00+07:00,36.3307,3.02667,0.3836288713207635,True,True,True,True,True,True,True,True
2026-08-14 09:00:00+07:00,36.064,2.97333,0.375242197041152,True,True,True,True,True,True,True,True
2026-08-14 09:15:00+07:00,35.44,2.85333,0.35609930547199997,True,True,True,True,True,True,True,True
2026-08-14 09:30:00+07:00,36.3,2.96,0.382657176,True,True,True,True,True,True,True,True
2026-08-14 09:45:00+07:00,35.9027,2.9,0.3702297531692216,True,True,True,True,True,True,True,True
2026-08-14 10:00:00+07:00,36.0967,2.99333,0.3762638432028084,True,True,True,True,True,True,True,True
2026-08-14 10:15:00+07:00,35.9687,2.94667,0.37227529100684553,True,True,True,True,True,True,True,True
2026-08-14 10:30:00+07:00,35.8673,2.89333,0.3691356949325378,True,True,True,True,True,True,True,True
2026-08-14 10:45:00+07:00,36.0387,2.94667,0.37445301926784486,True,True,True,True,True,True,True,True
2026-08-14 11:00:00+07:00,36.2093,2.96667,0.37979598935694686,True,True,True,True,True,True,True,True
2026-08-14 11:15:00+07:00,36.252,3.04,0.38114120348006403,True,True,True,True,True,True,True,True
2026-08-14 11:30:00+07:00,36.7873,3.14,0.398275626082941,True,True,True,True,True,True,True,True
2026-08-14 11:45:00+07:00,36.556,3.04,0.390810292540928,True,True,True,True,True,True,True,True
2026-08-14 12:00:00+07:00,36.4,3.02,0.385828352,True,True,True,True,True,True,True,True
2026-08-14 12:15:00+07:00,36.7053,3.11333,0.3956182531508631,True,True,True,True,True,True,True,True
2026-08-14 12:30:00+07:00,36.9033,3.2,0.4020551211564715,True,True,True,True,True,True,True,True
2026-08-14 12:45:00+07:00,37.0467,3.12667,0.4067603126451005,True,True,True,True,True,True,True,True
2026-08-14 13:00:00+07:00,36.4213,3.01333,0.38650606797289283,True,True,True,True,True,True,True,True
2026-08-14 13:15:00+07:00,37.1773,3.17333,0.4110773279253354,True,True,True,True,True,True,True,True
2026-08-14 13:30:00+07:00,36.7867,3.09333,0.3982561388024271,True,True,True,True,True,True,True,True
2026-08-14 13:45:00+07:00,37.0333,3.12667,0.4063190897897282,True,True,True,True,True,True,True,True
2026-08-14 14:00:00+07:00,37.2373,3.27333,0.4130708401268728,True,True,True,True,True,True,True,True
2026-08-14 14:15:00+07:00,37.514,3.28667,0.4223476764219521,True,True,True,True,True,True,True,True
2026-08-14 14:30:00+07:00,37.218,3.24,0.41242889219385603,True,True,True,True,True,True,True,True
2026-08-14 14:45:00+07:00,37.052,3.22,0.40693491427686407,True,True,True,True,True,True,True,True
2026-08-14 15:00:00+07:00,36.9393,3.13333,0.4032329108379317,True,True,True,True,True,True,True,True
2026-08-14 15:15:00+07:00,36.7973,3.06667,0.3986005076863705,True,True,True,True,True,True,True,True
2026-08-14 15:30:00+07:00,36.4667,3.04667,0.38795323689223177,True,True,True,True,True,True,True,True
2026-08-14 15:45:00+07:00,36.4467,3.06,0.38731527320828446,True,True,True,True,True,True,True,True
2026-08-14 16:00:00+07:00,36.672,3.08,0.39454248429158395,True,True,True,True,True,True,True,True
2026-08-14 16:15:00+07:00,36.3193,3.0,0.3832678545788004,True,True,True,True,True,True,True,True
2026-08-14 16:30:00+07:00,36.5547,3.04667,0.39076860018017845,True,True,True,True,True,True,True,True
2026-08-14 16:45:00+07:00,36.782,3.1,0.3981035104301439,True,True,True,True,True,True,True,True
2026-08-14 17:00:00+07:00,36.9587,3.17333,0.40386856128916004,True,True,True,True,True,True,True,True
2026-08-14 17:15:00+07:00,36.3173,2.94667,0.3832045416708698,True,True,True,True,True,True,True,True
2026-08-14 17:30:00+07:00,36.5553,3.02,0.3907878424397391,True,True,True,True,True,True,True,True
2026-08-14 17:45:00+07:00,31.1193,2.14,0.24109013775604846,True,True,True,True,True,True,True,True
2026-08-17 06:45:00+07:00,13.965,2.32857,0.021787771257,True,True,True,True,True,True,True,True
2026-08-17 07:00:00+07:00,48.8264,7.19231,0.9312238728107498,True,True,True,False,False,False,True,True
2026-08-17 07:15:00+07:00,44.3107,5.30667,0.6960105451675682,True,True,True,False,False,False,True,True
2026-08-17 07:30:00+07:00,39.7133,3.77333,0.5010694404876129,True,True,True,False,False,False,True,True
2026-08-17 07:45:00+07:00,37.7433,3.26667,0.43013976561793377,True,True,True,True,True,True,True,True
2026-08-17 08:00:00+07:00,35.8987,2.90667,0.3701060225840864,True,True,True,True,True,True,True,True
2026-08-17 08:15:00+07:00,34.9267,2.70667,0.34084949007693727,True,True,True,True,True,True,True,True
2026-08-17 08:30:00+07:00,34.4187,2.67333,0.3261920527243777,True,True,True,True,True,True,True,True
2026-08-17 08:45:00+07:00,35.1167,2.66667,0.3464424325821957,True,True,True,True,True,True,True,True
2026-08-17 09:00:00+07:00,34.97,2.78,0.34211875578400003,True,True,True,False,False,False,True,True
2026-08-17 09:15:00+07:00,34.946,2.77333,0.341414848180288,True,True,True,False,False,False,True,True
2026-08-17 09:30:00+07:00,34.8967,2.79333,0.3399719347291766,True,True,True,False,False,False,True,True
2026-08-17 09:45:00+07:00,34.8927,2.79333,0.33985504128059185,True,True,True,True,True,True,True,True
2026-08-17 10:00:00+07:00,35.238,2.82,0.3500448888101759,True,True,True,True,True,True,True,True
2026-08-17 10:15:00+07:00,35.766,2.88667,0.36601687068076794,True,True,True,True,True,True,True,True
2026-08-17 10:30:00+07:00,35.6487,2.89333,0.3624274456639464,True,True,True,True,True,True,True,True
2026-08-17 10:45:00+07:00,35.5793,2.88,0.36031486958289816,True,True,True,True,True,True,True,True
2026-08-17 11:00:00+07:00,35.8033,2.92667,0.3671632112449755,True,True,True,True,True,True,True,True
2026-08-17 11:15:00+07:00,35.8433,2.92,0.3683951878429499,True,True,True,True,True,True,True,True
2026-08-17 11:30:00+07:00,35.656,2.83333,0.36265014064332796,True,True,True,True,True,True,True,True
2026-08-17 11:45:00+07:00,36.0467,2.95333,0.37470244190374064,True,True,True,True,True,True,True,True
2026-08-17 12:00:00+07:00,35.8153,2.94,0.3675325153667806,True,True,True,True,True,True,True,True
2026-08-17 12:15:00+07:00,35.8853,2.98,0.36969172598973193,True,True,True,True,True,True,True,True
2026-08-17 12:30:00+07:00,35.7207,2.92,0.36462787783318995,True,True,True,True,True,True,True,True
2026-08-17 12:45:00+07:00,35.9,2.96667,0.37014623199999996,True,True,True,True,True,True,True,True
2026-08-17 13:00:00+07:00,35.6147,2.87333,0.36139143726070816,True,True,True,True,True,True,True,True
2026-08-17 13:15:00+07:00,35.6127,2.89333,0.361330557150563,True,True,True,True,True,True,True,True
2026-08-17 13:30:00+07:00,35.606,2.90667,0.36112665860012816,True,True,True,True,True,True,True,True
2026-08-17 13:45:00+07:00,35.798,2.94,0.36700018071673607,True,True,True,True,True,True,True,True
2026-08-17 14:00:00+07:00,35.764,2.91333,0.36595547218995206,True,True,True,True,True,True,True,True
2026-08-17 14:15:00+07:00,35.7247,2.92667,0.3647503845176657,True,True,True,True,True,True,True,True
2026-08-17 14:30:00+07:00,35.4913,2.86,0.3576479242826121,True,True,True,True,True,True,True,True
2026-08-17 14:45:00+07:00,35.8273,2.88667,0.36790206704393935,True,True,True,True,True,True,True,True
2026-08-17 15:00:00+07:00,35.8287,2.94667,0.36794519753556715,True,True,True,True,True,True,True,True
2026-08-17 15:15:00+07:00,35.8713,2.94667,0.3692592091741848,True,True,True,True,True,True,True,True
2026-08-17 15:30:00+07:00,36.4947,3.06,0.38884756240564905,True,True,True,True,True,True,True,True
2026-08-17 15:45:00+07:00,35.8567,2.97333,0.368808515403762,True,True,True,True,True,True,True,True
2026-08-17 16:00:00+07:00,35.4607,2.86667,0.35672364761989234,True,True,True,True,True,True,True,True
2026-08-17 16:15:00+07:00,35.3527,2.86667,0.3534742247229934,True,True,True,True,True,True,True,True
2026-08-17 16:30:00+07:00,35.2573,2.81333,0.3506203670364522,True,True,True,True,True,True,True,True
2026-08-17 16:45:00+07:00,34.9907,2.77333,0.34272665264516505,True,True,True,True,True,True,True,True
2026-08-17 17:00:00+07:00,34.8807,2.75333,0.33950452170811146,True,True,True,True,True,True,True,True
2026-08-17 17:15:00+07:00,34.7373,2.70667,0.3353344444494729,True,True,True,True,True,True,True,True
2026-08-17 17:30:00+07:00,34.6567,2.70667,0.33300565443093016,True,True,True,True,True,True,True,True
2026-08-17 17:45:00+07:00,30.202,2.16667,0.22039264481926402,True,True,True,True,True,True,True,True
2026-08-18 07:15:00+07:00,48.1887,7.08667,0.8952114290122486,True,True,True,False,False,False,True,True
2026-08-18 07:30:00+07:00,42.9729,4.97857,0.6348541681519,True,True,True,False,False,False,True,True
2026-08-18 07:45:00+07:00,38.825,3.54167,0.4681924221250001,True,True,True,False,False,False,True,True
2026-08-18 08:00:00+07:00,37.0287,3.07333,0.4061676988258393,True,True,True,True,True,True,True,True
2026-08-18 08:15:00+07:00,35.3593,2.81333,0.3536722321265508,True,True,True,True,True,True,True,True
2026-08-18 08:30:00+07:00,34.6687,2.69333,0.3333516872325177,True,True,True,True,True,True,True,True
2026-08-18 08:45:00+07:00,34.5793,2.70667,0.3307794946591381,True,True,True,True,True,True,True,True
2026-08-18 09:00:00+07:00,34.4533,2.66667,0.3271767727621394,True,True,True,False,False,False,True,True
2026-08-18 09:15:00+07:00,34.5467,2.7,0.32984483879170057,True,True,True,False,False,False,True,True
2026-08-18 09:30:00+07:00,34.6367,2.70667,0.33242946538090284,True,True,True,False,False,False,True,True
2026-08-18 09:45:00+07:00,34.8673,2.72,0.3391133931095778,True,True,True,True,True,True,True,True
2026-08-18 10:00:00+07:00,34.6773,2.67333,0.3335998248079353,True,True,True,True,True,True,True,True
2026-08-18 10:15:00+07:00,34.32,2.67333,0.323393900544,True,True,True,True,True,True,True,True
2026-08-18 10:30:00+07:00,34.3736,2.68462,0.32491147036697815,True,True,True,True,True,True,True,True
2026-08-18 10:45:00+07:00,34.3713,2.67333,0.32484625348134477,True,True,True,True,True,True,True,True
2026-08-18 11:00:00+07:00,34.5173,2.67333,0.3290034396535418,True,True,True,True,True,True,True,True
2026-08-18 11:15:00+07:00,34.452,2.65333,0.327139738827264,True,True,True,True,True,True,True,True
2026-08-18 11:30:00+07:00,34.886,2.71333,0.339659304787648,True,True,True,True,True,True,True,True
2026-08-18 11:45:00+07:00,34.5973,2.65333,0.33129631808545845,True,True,True,True,True,True,True,True
2026-08-18 12:00:00+07:00,34.5713,2.68,0.33054996799505676,True,True,True,False,False,False,True,True
2026-08-18 12:15:00+07:00,35.07,2.72,0.34506211874400006,True,True,True,False,False,False,True,True
2026-08-18 12:30:00+07:00,34.742,2.71333,0.33547057637190386,True,True,True,False,False,False,True,True
2026-08-18 12:45:00+07:00,34.7473,2.72667,0.3356241310297026,True,True,True,True,True,True,True,True
2026-08-18 13:00:00+07:00,34.642,2.72667,0.332582090698304,True,True,True,False,False,False,True,True
2026-08-18 13:15:00+07:00,34.8287,2.73333,0.3379883884870071,True,True,True,False,False,False,True,True
2026-08-18 13:30:00+07:00,34.5573,2.68,0.33014855186918,True,True,True,False,False,False,True,True
2026-08-18 13:45:00+07:00,34.7687,2.70667,0.3362446207437737,True,True,True,True,True,True,True,True
2026-08-18 14:00:00+07:00,35.146,2.83333,0.34731033033708797,True,True,True,True,True,True,True,True
2026-08-18 14:15:00+07:00,35.1393,2.79333,0.3471117413959637,True,True,True,True,True,True,True,True
2026-08-18 14:30:00+07:00,35.1013,2.77333,0.34598684813567365,True,True,True,True,True,True,True,True
2026-08-18 14:45:00+07:00,35.17,2.8,0.348022315304,True,True,True,True,True,True,True,True
2026-08-18 15:00:00+07:00,34.844,2.74,0.33843401186867206,True,True,True,True,True,True,True,True
2026-08-18 15:15:00+07:00,34.8027,2.69333,0.33723201748076553,True,True,True,True,True,True,True,True
2026-08-18 15:30:00+07:00,34.8953,2.68,0.33993101897375344,True,True,True,True,True,True,True,True
2026-08-18 15:45:00+07:00,34.492,2.68667,0.32828052498790383,True,True,True,True,True,True,True,True
2026-08-18 16:00:00+07:00,34.7087,2.72667,0.33450686103189997,True,True,True,True,True,True,True,True
2026-08-18 16:15:00+07:00,34.594,2.72667,0.33120152685267207,True,True,True,True,True,True,True,True
2026-08-18 16:30:00+07:00,34.687,2.74,0.33387984864562387,True,True,True,True,True,True,True,True
2026-08-18 16:45:00+07:00,34.8227,2.74,0.33781374105578454,True,True,True,True,True,True,True,True
2026-08-18 17:00:00+07:00,34.988,2.82667,0.3426473209461759,True,True,True,True,True,True,True,True
2026-08-18 17:15:00+07:00,34.8487,2.74667,0.3385709813114984,True,True,True,True,True,True,True,True
2026-08-18 17:30:00+07:00,34.6267,2.72667,0.3321416202641293,True,True,True,True,True,True,True,True
2026-08-18 17:45:00+07:00,30.164,2.2,0.21956180040755205,True,True,True,True,True,True,True,True
2026-08-19 07:15:00+07:00,47.5633,4.99333,0.860807264883689,True,True,True,True,True,True,True,True
2026-08-19 07:30:00+07:00,40.5613,4.07333,0.5338577901174512,True,True,True,True,True,True,True,True
2026-08-19 07:45:00+07:00,37.8671,3.32857,0.4343863069392456,True,True,True,True,True,True,True,True
2026-08-19 08:00:00+07:00,36.3942,3.1,0.38564394695434306,True,True,True,True,True,True,True,True
2026-08-19 08:15:00+07:00,34.798,2.71333,0.337095409420736,True,True,True,True,True,True,True,True
2026-08-19 08:30:00+07:00,34.7253,2.84667,0.33498704064450613,True,True,True,True,True,True,True,True
2026-08-19 08:45:00+07:00,34.6633,2.72667,0.333195942822545,True,True,True,True,True,True,True,True
2026-08-19 09:00:00+07:00,34.3393,2.75333,0.3239397932777557,True,True,True,False,False,False,True,True
2026-08-19 09:15:00+07:00,34.8167,2.76667,0.33763915379818754,True,True,True,False,False,False,True,True
2026-08-19 09:30:00+07:00,34.43,2.72,0.326513434456,True,True,True,False,False,False,True,True
2026-08-19 09:45:00+07:00,34.512,2.7,0.32885191124582397,True,True,True,True,True,True,True,True
2026-08-19 10:00:00+07:00,34.4287,2.69333,0.3264764505955833,True,True,True,True,True,True,True,True
2026-08-19 10:15:00+07:00,34.6247,2.74,0.3320840711872897,True,True,True,True,True,True,True,True
2026-08-19 10:30:00+07:00,34.4607,2.73333,0.3273876345521325,True,True,True,True,True,True,True,True
2026-08-19 10:45:00+07:00,34.5333,2.7,0.32946116625632815,True,True,True,True,True,True,True,True
2026-08-19 11:00:00+07:00,34.665,2.7,0.33324496823700006,True,True,True,True,True,True,True,True
2026-08-19 11:15:00+07:00,34.5513,2.68667,0.32997661591936545,True,True,True,True,True,True,True,True
2026-08-19 11:30:00+07:00,34.4375,2.65,0.32672685742187496,True,True,True,True,True,True,True,True
2026-08-19 11:45:00+07:00,34.4893,2.66667,0.32820343858791967,True,True,True,True,True,True,True,True
2026-08-19 12:00:00+07:00,34.6693,2.7,0.33336899516219637,True,True,True,True,True,True,True,True
2026-08-19 12:15:00+07:00,34.1927,2.66,0.31980862680932,True,True,True,True,True,True,True,True
2026-08-19 12:30:00+07:00,34.5687,2.71333,0.33047539469726167,True,True,True,True,True,True,True,True
2026-08-19 12:45:00+07:00,34.5147,2.68,0.3289290991479321,True,True,True,True,True,True,True,True
2026-08-19 13:00:00+07:00,34.4627,2.68667,0.32744463977295896,True,True,True,True,True,True,True,True
2026-08-19 13:15:00+07:00,34.556,2.69333,0.33011129401292794,True,True,True,True,True,True,True,True
2026-08-19 13:30:00+07:00,34.65,2.68667,0.33281255699999995,True,True,True,True,True,True,True,True
2026-08-19 13:45:00+07:00,34.654,2.72667,0.33292783006611204,True,True,True,True,True,True,True,True
2026-08-19 14:00:00+07:00,34.3208,2.68333,0.32341651602923915,True,True,True,True,True,True,True,True
2026-08-19 14:15:00+07:00,34.4793,2.66,0.3279180385187621,True,True,True,True,True,True,True,True
2026-08-19 14:30:00+07:00,34.6653,2.73333,0.33325362027989675,True,True,True,True,True,True,True,True
2026-08-19 14:45:00+07:00,34.51,2.65333,0.3287947428079999,True,True,True,True,True,True,True,True
2026-08-19 15:00:00+07:00,34.702,2.72,0.334313183651264,True,True,True,True,True,True,True,True
2026-08-19 15:15:00+07:00,34.368,2.64,0.3247526966722561,True,True,True,True,True,True,True,True
2026-08-19 15:30:00+07:00,34.518,2.67333,0.329023456318656,True,True,True,True,True,True,True,True
2026-08-19 15:45:00+07:00,34.79,2.69333,0.336862969912,True,True,True,True,True,True,True,True
2026-08-19 16:00:00+07:00,34.758,2.7,0.335934280380096,True,True,True,True,True,True,True,True
2026-08-19 16:15:00+07:00,34.5893,2.72667,0.3310665523746957,True,True,True,True,True,True,True,True
2026-08-19 16:30:00+07:00,34.782,2.82,0.3366306372781439,True,True,True,True,True,True,True,True
2026-08-19 16:45:00+07:00,35.0813,2.75333,0.34539577643854236,True,True,True,True,True,True,True,True
2026-08-19 17:00:00+07:00,34.7787,2.74667,0.3365348311965793,True,True,True,True,True,True,True,True
2026-08-19 17:15:00+07:00,34.678,2.74,0.33362002747001596,True,True,True,True,True,True,True,True
2026-08-19 17:30:00+07:00,34.8353,2.78,0.33818057017426373,True,True,True,True,True,True,True,True
2026-08-19 17:45:00+07:00,30.0673,2.18,0.21745694352736966,True,True,True,True,True,True,True,True
2026-08-20 07:30:00+07:00,43.314,4.32667,0.6500920627451521,True,True,True,False,False,False,True,True
2026-08-20 07:45:00+07:00,38.2927,3.59333,0.44919814585305595,True,True,True,False,False,False,True,True
2026-08-20 08:00:00+07:00,36.4673,3.04667,0.3879723866183138,True,True,True,False,False,False,True,True
2026-08-20 08:15:00+07:00,35.1793,2.78667,0.34829847084539395,True,True,True,False,False,False,True,True
2026-08-20 08:30:00+07:00,34.1973,2.67333,0.31993771731147447,True,True,True,False,False,False,True,True
2026-08-20 08:45:00+07:00,34.406,2.69333,0.32583110556332795,True,True,True,True,True,True,True,True
2026-08-20 09:00:00+07:00,34.4147,2.72,0.32607833983731627,True,True,True,True,True,True,True,True
2026-08-20 09:15:00+07:00,34.5467,2.70667,0.32984483879170057,True,True,True,True,True,True,True,True
2026-08-20 09:30:00+07:00,34.3427,2.71333,0.3240360245071638,True,True,True,True,True,True,True,True
2026-08-20 09:45:00+07:00,34.4553,2.72667,0.327233753504003,True,True,True,True,True,True,True,True
2026-08-20 10:00:00+07:00,34.1153,2.64667,0.3176417434399086,True,True,True,True,True,True,True,True
2026-08-20 10:15:00+07:00,34.0793,2.64,0.31663723459725807,True,True,True,True,True,True,True,True
2026-08-20 10:30:00+07:00,34.1687,2.65333,0.3191356743162377,True,True,True,True,True,True,True,True
2026-08-20 10:45:00+07:00,34.066,2.62,0.31626666079596805,True,True,True,True,True,True,True,True
2026-08-20 11:00:00+07:00,34.076,2.71333,0.31654526072780803,True,True,True,True,True,True,True,True
2026-08-20 11:15:00+07:00,34.2467,2.66,0.3213262274012924,True,True,True,True,True,True,True,True
2026-08-20 11:30:00+07:00,34.2553,2.66,0.32156836164117103,True,True,True,True,True,True,True,True
2026-08-20 11:45:00+07:00,34.2967,2.66667,0.32273568695636057,True,True,True,True,True,True,True,True
2026-08-20 12:00:00+07:00,34.4307,2.68,0.3265333499992196,True,True,True,True,True,True,True,True
2026-08-20 12:15:00+07:00,34.452,2.70667,0.327139738827264,True,True,True,True,True,True,True,True
2026-08-20 12:30:00+07:00,34.65,2.75333,0.33281255699999995,True,True,True,True,True,True,True,True
2026-08-20 12:45:00+07:00,34.522,2.70667,0.32913785283718394,True,True,True,True,True,True,True,True
2026-08-20 13:00:00+07:00,34.1953,2.65333,0.3198815867386414,True,True,True,True,True,True,True,True
2026-08-20 13:15:00+07:00,34.3833,2.69333,0.3251866115263243,True,True,True,True,True,True,True,True
2026-08-20 13:30:00+07:00,34.196,2.64667,0.31990123169228796,True,True,True,True,True,True,True,True
2026-08-20 13:45:00+07:00,33.9993,2.6,0.3144125795998372,True,True,True,True,True,True,True,True
2026-08-20 14:00:00+07:00,34.202,2.64667,0.320069650003264,True,True,True,True,True,True,True,True
2026-08-20 14:15:00+07:00,34.2587,2.65333,0.3216641226724479,True,True,True,True,True,True,True,True
2026-08-20 14:30:00+07:00,34.402,2.68667,0.32571747658246397,True,True,True,True,True,True,True,True
2026-08-20 14:45:00+07:00,34.504,2.7,0.32862327724851187,True,True,True,True,True,True,True,True
2026-08-20 15:00:00+07:00,34.4733,2.68667,0.3277468779206467,True,True,True,True,True,True,True,True
2026-08-20 15:15:00+07:00,34.372,2.69333,0.3248661011747841,True,True,True,True,True,True,True,True
2026-08-20 15:30:00+07:00,34.3213,2.70667,0.32343065124291676,True,True,True,True,True,True,True,True
2026-08-20 15:45:00+07:00,34.7087,2.76667,0.33450686103189997,True,True,True,True,True,True,True,True
2026-08-20 16:00:00+07:00,34.3293,2.70667,0.3236568706781981,True,True,True,True,True,True,True,True
2026-08-20 16:15:00+07:00,34.35,2.77333,0.3242427030000001,True,True,True,True,True,True,True,True
2026-08-20 16:30:00+07:00,34.6813,2.75333,0.33371527957751834,True,True,True,True,True,True,True,True
2026-08-20 16:45:00+07:00,34.8067,2.80667,0.33734830872653415,True,True,True,True,True,True,True,True
2026-08-20 17:00:00+07:00,34.938,2.81333,0.3411804270533761,True,True,True,True,True,True,True,True
2026-08-20 17:15:00+07:00,34.8767,2.77333,0.3393877354314693,True,True,True,True,True,True,True,True
2026-08-20 17:30:00+07:00,34.5807,2.76923,0.33081967274618346,True,True,True,True,True,True,True,True
2026-08-20 17:45:00+07:00,28.0793,2.07333,0.17711233865469808,True,True,True,True,True,True,True,True
2026-08-21 07:30:00+07:00,36.172,0.906667,0.37862348928358397,True,True,True,False,False,False,True,True
2026-08-21 07:45:00+07:00,38.784,3.91333,0.46671072539443187,True,True,True,False,False,False,True,True
2026-08-21 08:00:00+07:00,36.6193,3.06667,0.3928439794447286,True,True,True,False,False,False,True,True
2026-08-21 08:15:00+07:00,34.8653,2.73333,0.3390550414835286,True,True,True,False,False,False,True,True
2026-08-21 08:30:00+07:00,34.0213,2.62667,0.3150233174883487,True,True,True,False,False,False,True,True
2026-08-21 08:45:00+07:00,34.1867,2.69333,0.319640300084491,True,True,True,True,True,True,True,True
2026-08-21 09:00:00+07:00,33.9313,2.62667,0.3125298358730983,True,True,True,True,True,True,True,True
2026-08-21 09:15:00+07:00,34.154,2.66,0.31872395747411203,True,True,True,True,True,True,True,True
2026-08-21 09:30:00+07:00,34.126,2.66,0.3179407148190079,True,True,True,True,True,True,True,True
2026-08-21 09:45:00+07:00,34.164,2.60667,0.319003998423552,True,True,True,True,True,True,True,True
2026-08-21 10:00:00+07:00,34.0513,2.63333,0.31585741573908543,True,True,True,False,False,False,True,True
2026-08-21 10:15:00+07:00,34.0253,2.64667,0.3151344456429943,True,True,True,False,False,False,True,True
2026-08-21 10:30:00+07:00,34.1893,2.68,0.31971323441159166,True,True,True,False,False,False,True,True
2026-08-21 10:45:00+07:00,34.2673,2.65333,0.3219064266078018,True,True,True,True,True,True,True,True
2026-08-21 11:00:00+07:00,34.17,2.65333,0.319172101704,True,True,True,True,True,True,True,True
2026-08-21 11:15:00+07:00,33.8727,2.6,0.3109133958131727,True,True,True,True,True,True,True,True
2026-08-21 11:30:00+07:00,33.9853,2.62,0.31402433950402786,True,True,True,True,True,True,True,True
2026-08-21 11:45:00+07:00,33.9687,2.63333,0.3135644119817255,True,True,True,True,True,True,True,True
2026-08-21 12:00:00+07:00,34.5293,2.7,0.3293466948309501,True,True,True,True,True,True,True,True
2026-08-21 12:15:00+07:00,34.592,2.7,0.331144086421504,True,True,True,True,True,True,True,True
2026-08-21 12:30:00+07:00,34.7447,2.71333,0.335548796475869,True,True,True,True,True,True,True,True
2026-08-21 12:45:00+07:00,34.6015,2.70769,0.33141698762842703,True,True,True,True,True,True,True,True
2026-08-21 13:00:00+07:00,34.0927,2.62667,0.3170108872974238,True,True,True,True,True,True,True,True
2026-08-21 13:15:00+07:00,34.02,2.63333,0.31498720646400014,True,True,True,True,True,True,True,True
2026-08-21 13:30:00+07:00,33.9633,2.62,0.313414893866793,True,True,True,True,True,True,True,True
2026-08-21 13:45:00+07:00,33.7687,2.58,0.3080583695512137,True,True,True,True,True,True,True,True
2026-08-21 14:00:00+07:00,33.9486,2.61429,0.3130081131529861,True,True,True,True,True,True,True,True
2026-08-21 14:15:00+07:00,34.58,2.65333,0.330799583296,True,True,True,True,True,True,True,True
2026-08-21 14:30:00+07:00,34.2013,2.59333,0.3200499981551696,True,True,True,True,True,True,True,True
2026-08-21 14:45:00+07:00,33.9647,2.58,0.31345365325754426,True,True,True,True,True,True,True,True
2026-08-21 15:00:00+07:00,33.9967,2.56,0.3143404536859524,True,True,True,True,True,True,True,True
2026-08-21 15:15:00+07:00,34.276,2.62,0.322151671812608,True,True,True,True,True,True,True,True
2026-08-21 15:30:00+07:00,34.3333,2.66,0.3237700199416563,True,True,True,True,True,True,True,True
2026-08-21 15:45:00+07:00,34.308,2.66,0.323054794768896,True,True,True,True,True,True,True,True
2026-08-21 16:00:00+07:00,34.6447,2.67333,0.332659861176453,True,True,True,True,True,True,True,True
2026-08-21 16:15:00+07:00,34.3213,2.60667,0.32343065124291676,True,True,True,True,True,True,True,True
2026-08-21 16:30:00+07:00,34.5773,2.72,0.3307221030352393,True,True,True,True,True,True,True,True
2026-08-21 16:45:00+07:00,35.1253,2.74667,0.3466970238133703,True,True,True,True,True,True,True,True
2026-08-21 17:00:00+07:00,34.988,2.72,0.3426473209461759,True,True,True,False,False,False,True,True
2026-08-21 17:15:00+07:00,34.726,2.66667,0.33500729927340805,True,True,True,False,False,False,True,True
2026-08-21 17:30:00+07:00,34.7033,2.7,0.33435075699747946,True,True,True,False,False,False,True,True
2026-08-21 17:45:00+07:00,27.844,1.98667,0.17269702742067203,True,True,True,True,True,True,True,True
2026-08-22 10:30:00+07:00,6.58733,0.5,0.00228674768670655,True,True,False,True,False,False,False,True
